rna_id,editing_value,num_mutations,mut_exist,mut_type,mut_pos,mut_site_dist,mut_ref_nt,mut_nt,mut_struct,mut_prev_struct,mut_next_struct,mut_same_as_site,site_struct,site_prev_struct,site_next_struct,site_length_stem,site_length_hairpin,site_length_bulge,site_length_interior_es,site_length_interior_ecs,site_5prm_cp_hairpin,site_5prm_cp_bulge,site_3prm_cp_bulge,site_5prm_cp_interior,site_3prm_cp_interior,u_count,u_all_stem_length,u_hairpin_length,u1_exist,u1_distance,u1_struct,u1_length_stem,u1_length_hairpin,u1_length_bulge,u1_length_interior_es,u1_length_interior_ecs,u1_5prm_cp_hairpin,u1_5prm_cp_bulge,u1_3prm_cp_bulge,u1_5prm_cp_interior,u1_3prm_cp_interior,u2_exist,u2_distance,u2_struct,u2_length_stem,u2_length_hairpin,u2_length_bulge,u2_length_interior_es,u2_length_interior_ecs,u2_5prm_cp_hairpin,u2_5prm_cp_bulge,u2_3prm_cp_bulge,u2_5prm_cp_interior,u2_3prm_cp_interior,u3_exist,u3_distance,u3_struct,u3_length_stem,u3_length_hairpin,u3_length_bulge,u3_length_interior_es,u3_length_interior_ecs,u3_5prm_cp_hairpin,u3_5prm_cp_bulge,u3_3prm_cp_bulge,u3_5prm_cp_interior,u3_3prm_cp_interior,d_count,d_all_stem_length,d1_exist,d1_distance,d1_struct,d1_length_stem,d1_length_hairpin,d1_length_bulge,d1_length_interior_es,d1_length_interior_ecs,d1_5prm_cp_hairpin,d1_5prm_cp_bulge,d1_3prm_cp_bulge,d1_5prm_cp_interior,d1_3prm_cp_interior,d2_exist,d2_distance,d2_struct,d2_length_stem,d2_length_hairpin,d2_length_bulge,d2_length_interior_es,d2_length_interior_ecs,d2_5prm_cp_hairpin,d2_5prm_cp_bulge,d2_3prm_cp_bulge,d2_5prm_cp_interior,d2_3prm_cp_interior,d3_exist,d3_distance,d3_struct,d3_length_stem,d3_length_hairpin,d3_length_bulge,d3_length_interior_es,d3_length_interior_ecs,d3_5prm_cp_hairpin,d3_5prm_cp_bulge,d3_3prm_cp_bulge,d3_5prm_cp_interior,d3_3prm_cp_interior
TTYH_BC_001,0.2755,1,1,mismatch,79,-8,G,A,I,S,S,1,I,S,S,0,0,0,1,1,NA,NA,NA,C:G,C:G,4,23,8,1,-1,S,2,0,0,0,0,NA,NA,NA,NA,NA,1,-4,S,4,0,0,0,0,NA,NA,NA,NA,NA,1,-9,S,17,0,0,0,0,NA,NA,NA,NA,NA,4,23,1,1,S,3,0,0,0,0,NA,NA,NA,NA,NA,1,4,B,0,0,1,0,0,NA,G:C,G:C,NA,NA,1,5,S,20,0,0,0,0,NA,NA,NA,NA,NA
TTYH_BC_002,0.3245,1,1,mismatch,80,-7,G,A,I,S,S,1,I,S,S,0,0,0,1,1,NA,NA,NA,C:G,C:G,4,23,8,1,-1,S,2,0,0,0,0,NA,NA,NA,NA,NA,1,-4,S,3,0,0,0,0,NA,NA,NA,NA,NA,1,-8,S,18,0,0,0,0,NA,NA,NA,NA,NA,4,23,1,1,S,3,0,0,0,0,NA,NA,NA,NA,NA,1,4,B,0,0,1,0,0,NA,G:C,G:C,NA,NA,1,5,S,20,0,0,0,0,NA,NA,NA,NA,NA
TTYH_BC_003,0.3885,1,1,mismatch,81,-6,G,A,I,S,S,1,I,S,S,0,0,0,1,1,NA,NA,NA,C:G,C:G,3,21,8,1,-1,S,2,0,0,0,0,NA,NA,NA,NA,NA,1,-7,S,19,0,0,0,0,NA,NA,NA,NA,NA,1,-26,H,0,8,0,0,0,A:U,NA,NA,NA,NA,4,23,1,1,S,3,0,0,0,0,NA,NA,NA,NA,NA,1,4,B,0,0,1,0,0,NA,G:C,G:C,NA,NA,1,5,S,20,0,0,0,0,NA,NA,NA,NA,NA
TTYH_BC_004,0.2045,1,1,mismatch,82,-5,U,A,S,H,B,0,I,S,S,0,0,0,1,1,NA,NA,NA,C:G,C:G,6,24,8,1,-1,S,2,0,0,0,0,NA,NA,NA,NA,NA,1,-3,B,0,0,1,0,0,NA,G:C,C:G,NA,NA,1,-4,S,2,0,0,0,0,NA,NA,NA,NA,NA,4,23,1,1,S,3,0,0,0,0,NA,NA,NA,NA,NA,1,4,B,0,0,1,0,0,NA,G:C,G:C,NA,NA,1,5,S,20,0,0,0,0,NA,NA,NA,NA,NA
TTYH_BC_005,0.324,1,1,mismatch,83,-4,G,A,S,H,I,0,I,S,S,0,0,0,1,1,NA,NA,NA,C:G,C:G,3,24,8,1,-1,S,2,0,0,0,0,NA,NA,NA,NA,NA,1,-4,S,22,0,0,0,0,NA,NA,NA,NA,NA,1,-26,H,0,8,0,0,0,A:U,NA,NA,NA,NA,4,23,1,1,S,3,0,0,0,0,NA,NA,NA,NA,NA,1,4,B,0,0,1,0,0,NA,G:C,G:C,NA,NA,1,5,S,20,0,0,0,0,NA,NA,NA,NA,NA
TTYH_BC_007,0.1775,1,1,mismatch,85,-2,C,A,I,S,S,1,I,S,S,0,0,0,4,3,NA,NA,NA,C:G,G:U,2,22,8,1,-4,S,22,0,0,0,0,NA,NA,NA,NA,NA,1,-26,H,0,8,0,0,0,A:U,NA,NA,NA,NA,0,0,NA,0,0,0,0,0,NA,NA,NA,NA,NA,4,23,1,1,S,3,0,0,0,0,NA,NA,NA,NA,NA,1,4,I,0,0,0,1,0,NA,NA,NA,C:G,G:C,1,5,S,20,0,0,0,0,NA,NA,NA,NA,NA
TTYH_BC_008,0.404,1,1,mismatch,86,-1,C,A,I,S,S,1,I,S,S,0,0,0,4,3,NA,NA,NA,C:G,G:U,2,22,8,1,-4,S,22,0,0,0,0,NA,NA,NA,NA,NA,1,-26,H,0,8,0,0,0,A:U,NA,NA,NA,NA,0,0,NA,0,0,0,0,0,NA,NA,NA,NA,NA,4,23,1,1,S,3,0,0,0,0,NA,NA,NA,NA,NA,1,4,I,0,0,0,1,0,NA,NA,NA,C:G,G:C,1,5,S,20,0,0,0,0,NA,NA,NA,NA,NA
TTYH_BC_009,0.21,1,1,mismatch,88,1,G,A,I,S,S,1,I,S,S,0,0,0,2,2,NA,NA,NA,C:G,C:G,3,24,8,1,-1,S,2,0,0,0,0,NA,NA,NA,NA,NA,1,-4,S,22,0,0,0,0,NA,NA,NA,NA,NA,1,-26,H,0,8,0,0,0,A:U,NA,NA,NA,NA,4,22,1,2,S,2,0,0,0,0,NA,NA,NA,NA,NA,1,4,B,0,0,1,0,0,NA,G:C,G:C,NA,NA,1,5,S,20,0,0,0,0,NA,NA,NA,NA,NA
TTYH_BC_010,0.428,1,1,mismatch,89,2,G,A,I,S,S,1,I,S,S,0,0,0,5,4,NA,NA,NA,C:G,C:G,3,24,8,1,-1,S,2,0,0,0,0,NA,NA,NA,NA,NA,1,-4,S,22,0,0,0,0,NA,NA,NA,NA,NA,1,-26,H,0,8,0,0,0,A:U,NA,NA,NA,NA,2,20,1,5,S,20,0,0,0,0,NA,NA,NA,NA,NA,1,25,E,0,0,0,0,0,NA,NA,NA,NA,NA,0,0,NA,0,0,0,0,0,NA,NA,NA,NA,NA
TTYH_BC_011,0.2585,1,1,mismatch,90,3,G,A,I,S,S,1,I,S,S,0,0,0,1,1,NA,NA,NA,C:G,C:G,3,24,8,1,-1,S,2,0,0,0,0,NA,NA,NA,NA,NA,1,-4,S,22,0,0,0,0,NA,NA,NA,NA,NA,1,-26,H,0,8,0,0,0,A:U,NA,NA,NA,NA,4,22,1,1,S,2,0,0,0,0,NA,NA,NA,NA,NA,1,3,I,0,0,0,2,1,NA,NA,NA,C:G,G:C,1,5,S,20,0,0,0,0,NA,NA,NA,NA,NA
TTYH_BC_012,0.3165,1,1,mismatch,91,4,C,A,B,S,S,0,I,S,S,0,0,0,1,1,NA,NA,NA,C:G,C:G,3,24,8,1,-1,S,2,0,0,0,0,NA,NA,NA,NA,NA,1,-4,S,22,0,0,0,0,NA,NA,NA,NA,NA,1,-26,H,0,8,0,0,0,A:U,NA,NA,NA,NA,4,23,1,1,S,3,0,0,0,0,NA,NA,NA,NA,NA,1,4,B,0,0,1,0,0,NA,G:C,G:C,NA,NA,1,5,S,20,0,0,0,0,NA,NA,NA,NA,NA
TTYH_BC_013,0.302,1,1,mismatch,92,5,G,A,I,S,S,0,B,S,S,0,0,1,0,0,NA,C:G,G:C,NA,NA,3,24,8,1,-1,S,2,0,0,0,0,NA,NA,NA,NA,NA,1,-4,S,22,0,0,0,0,NA,NA,NA,NA,NA,1,-26,H,0,8,0,0,0,A:U,NA,NA,NA,NA,4,22,1,1,S,3,0,0,0,0,NA,NA,NA,NA,NA,1,4,I,0,0,0,2,2,NA,NA,NA,G:C,G:C,1,6,S,19,0,0,0,0,NA,NA,NA,NA,NA
TTYH_BC_014,0.2535,1,1,mismatch,93,6,C,A,B,S,S,0,I,S,S,0,0,0,1,2,NA,NA,NA,C:G,C:G,3,24,8,1,-1,S,2,0,0,0,0,NA,NA,NA,NA,NA,1,-4,S,22,0,0,0,0,NA,NA,NA,NA,NA,1,-26,H,0,8,0,0,0,A:U,NA,NA,NA,NA,4,22,1,1,S,4,0,0,0,0,NA,NA,NA,NA,NA,1,5,B,0,0,2,0,0,NA,C:G,U:A,NA,NA,1,7,S,18,0,0,0,0,NA,NA,NA,NA,NA
TTYH_BC_015,0.329,1,1,mismatch,94,7,U,A,I,S,S,1,I,S,S,0,0,0,1,1,NA,NA,NA,C:G,C:G,3,24,8,1,-1,S,2,0,0,0,0,NA,NA,NA,NA,NA,1,-4,S,22,0,0,0,0,NA,NA,NA,NA,NA,1,-26,H,0,8,0,0,0,A:U,NA,NA,NA,NA,6,22,1,1,S,3,0,0,0,0,NA,NA,NA,NA,NA,1,4,B,0,0,1,0,0,NA,G:C,G:C,NA,NA,1,5,S,2,0,0,0,0,NA,NA,NA,NA,NA
TTYH_BC_016,0.34,1,1,mismatch,95,8,U,A,I,S,S,1,I,S,S,0,0,0,1,1,NA,NA,NA,C:G,C:G,3,24,8,1,-1,S,2,0,0,0,0,NA,NA,NA,NA,NA,1,-4,S,22,0,0,0,0,NA,NA,NA,NA,NA,1,-26,H,0,8,0,0,0,A:U,NA,NA,NA,NA,6,22,1,1,S,3,0,0,0,0,NA,NA,NA,NA,NA,1,4,B,0,0,1,0,0,NA,G:C,G:C,NA,NA,1,5,S,3,0,0,0,0,NA,NA,NA,NA,NA
TTYH_BC_017,0.3055,1,1,mismatch,79,-8,G,U,I,S,S,1,I,S,S,0,0,0,1,1,NA,NA,NA,C:G,C:G,4,23,8,1,-1,S,2,0,0,0,0,NA,NA,NA,NA,NA,1,-4,S,4,0,0,0,0,NA,NA,NA,NA,NA,1,-9,S,17,0,0,0,0,NA,NA,NA,NA,NA,4,23,1,1,S,3,0,0,0,0,NA,NA,NA,NA,NA,1,4,B,0,0,1,0,0,NA,G:C,G:C,NA,NA,1,5,S,20,0,0,0,0,NA,NA,NA,NA,NA
TTYH_BC_018,0.3225,1,1,mismatch,80,-7,G,U,I,S,S,1,I,S,S,0,0,0,1,1,NA,NA,NA,C:G,C:G,4,23,8,1,-1,S,2,0,0,0,0,NA,NA,NA,NA,NA,1,-4,S,3,0,0,0,0,NA,NA,NA,NA,NA,1,-8,S,18,0,0,0,0,NA,NA,NA,NA,NA,4,23,1,1,S,3,0,0,0,0,NA,NA,NA,NA,NA,1,4,B,0,0,1,0,0,NA,G:C,G:C,NA,NA,1,5,S,20,0,0,0,0,NA,NA,NA,NA,NA
TTYH_BC_019,0.469,1,1,mismatch,81,-6,G,U,I,S,S,1,I,S,S,0,0,0,1,1,NA,NA,NA,C:G,C:G,3,21,8,1,-1,S,2,0,0,0,0,NA,NA,NA,NA,NA,1,-7,S,19,0,0,0,0,NA,NA,NA,NA,NA,1,-26,H,0,8,0,0,0,A:U,NA,NA,NA,NA,4,23,1,1,S,3,0,0,0,0,NA,NA,NA,NA,NA,1,4,B,0,0,1,0,0,NA,G:C,G:C,NA,NA,1,5,S,20,0,0,0,0,NA,NA,NA,NA,NA
TTYH_BC_020,0.4825,1,1,mismatch,83,-4,G,U,I,S,S,1,I,S,S,0,0,0,1,1,NA,NA,NA,C:G,C:G,3,23,8,1,-1,S,2,0,0,0,0,NA,NA,NA,NA,NA,1,-5,S,21,0,0,0,0,NA,NA,NA,NA,NA,1,-26,H,0,8,0,0,0,A:U,NA,NA,NA,NA,4,23,1,1,S,3,0,0,0,0,NA,NA,NA,NA,NA,1,4,B,0,0,1,0,0,NA,G:C,G:C,NA,NA,1,5,S,20,0,0,0,0,NA,NA,NA,NA,NA
TTYH_BC_021,0.366,1,1,mismatch,84,-3,A,U,I,S,S,1,I,S,S,0,0,0,1,1,NA,NA,NA,C:G,C:G,3,24,8,1,-1,S,2,0,0,0,0,NA,NA,NA,NA,NA,1,-4,S,22,0,0,0,0,NA,NA,NA,NA,NA,1,-26,H,0,8,0,0,0,A:U,NA,NA,NA,NA,4,23,1,1,S,3,0,0,0,0,NA,NA,NA,NA,NA,1,4,B,0,0,1,0,0,NA,G:C,G:C,NA,NA,1,5,S,20,0,0,0,0,NA,NA,NA,NA,NA
TTYH_BC_022,0.212,1,1,mismatch,85,-2,C,U,S,I,I,0,I,S,S,0,0,0,1,1,NA,NA,NA,C:G,C:G,3,24,8,1,-1,S,2,0,0,0,0,NA,NA,NA,NA,NA,1,-4,S,22,0,0,0,0,NA,NA,NA,NA,NA,1,-26,H,0,8,0,0,0,A:U,NA,NA,NA,NA,4,23,1,1,S,3,0,0,0,0,NA,NA,NA,NA,NA,1,4,B,0,0,1,0,0,NA,G:C,G:C,NA,NA,1,5,S,20,0,0,0,0,NA,NA,NA,NA,NA
TTYH_BC_023,0.149,1,1,mismatch,86,-1,C,U,S,I,I,0,I,S,S,0,0,0,1,1,NA,NA,NA,C:G,U:G,3,24,8,1,-1,S,2,0,0,0,0,NA,NA,NA,NA,NA,1,-4,S,22,0,0,0,0,NA,NA,NA,NA,NA,1,-26,H,0,8,0,0,0,A:U,NA,NA,NA,NA,4,23,1,1,S,3,0,0,0,0,NA,NA,NA,NA,NA,1,4,B,0,0,1,0,0,NA,G:C,G:C,NA,NA,1,5,S,20,0,0,0,0,NA,NA,NA,NA,NA
TTYH_BC_024,0.1785,1,1,mismatch,88,1,G,U,I,S,S,1,I,S,S,0,0,0,2,2,NA,NA,NA,C:G,C:G,3,24,8,1,-1,S,2,0,0,0,0,NA,NA,NA,NA,NA,1,-4,S,22,0,0,0,0,NA,NA,NA,NA,NA,1,-26,H,0,8,0,0,0,A:U,NA,NA,NA,NA,4,22,1,2,S,2,0,0,0,0,NA,NA,NA,NA,NA,1,4,B,0,0,1,0,0,NA,G:C,G:C,NA,NA,1,5,S,20,0,0,0,0,NA,NA,NA,NA,NA
TTYH_BC_025,0.303,1,1,mismatch,89,2,G,U,I,S,S,1,I,S,S,0,0,0,5,4,NA,NA,NA,C:G,C:G,3,24,8,1,-1,S,2,0,0,0,0,NA,NA,NA,NA,NA,1,-4,S,22,0,0,0,0,NA,NA,NA,NA,NA,1,-26,H,0,8,0,0,0,A:U,NA,NA,NA,NA,2,20,1,5,S,20,0,0,0,0,NA,NA,NA,NA,NA,1,25,E,0,0,0,0,0,NA,NA,NA,NA,NA,0,0,NA,0,0,0,0,0,NA,NA,NA,NA,NA
TTYH_BC_026,0.255,1,1,mismatch,90,3,G,U,I,S,S,0,B,S,S,0,0,1,0,0,NA,C:G,G:C,NA,NA,3,24,8,1,-1,S,2,0,0,0,0,NA,NA,NA,NA,NA,1,-4,S,22,0,0,0,0,NA,NA,NA,NA,NA,1,-26,H,0,8,0,0,0,A:U,NA,NA,NA,NA,4,22,1,1,S,2,0,0,0,0,NA,NA,NA,NA,NA,1,3,I,0,0,0,2,2,NA,NA,NA,C:G,G:C,1,5,S,20,0,0,0,0,NA,NA,NA,NA,NA
TTYH_BC_027,0.285,1,1,mismatch,91,4,C,U,B,S,S,0,I,S,S,0,0,0,1,1,NA,NA,NA,C:G,C:G,3,24,8,1,-1,S,2,0,0,0,0,NA,NA,NA,NA,NA,1,-4,S,22,0,0,0,0,NA,NA,NA,NA,NA,1,-26,H,0,8,0,0,0,A:U,NA,NA,NA,NA,4,23,1,1,S,3,0,0,0,0,NA,NA,NA,NA,NA,1,4,B,0,0,1,0,0,NA,G:C,G:C,NA,NA,1,5,S,20,0,0,0,0,NA,NA,NA,NA,NA
TTYH_BC_028,0.2575,1,1,mismatch,92,5,G,U,I,S,S,0,B,S,S,0,0,1,0,0,NA,C:G,G:C,NA,NA,3,24,8,1,-1,S,2,0,0,0,0,NA,NA,NA,NA,NA,1,-4,S,22,0,0,0,0,NA,NA,NA,NA,NA,1,-26,H,0,8,0,0,0,A:U,NA,NA,NA,NA,4,22,1,1,S,3,0,0,0,0,NA,NA,NA,NA,NA,1,4,I,0,0,0,2,2,NA,NA,NA,G:C,G:C,1,6,S,19,0,0,0,0,NA,NA,NA,NA,NA
TTYH_BC_029,0.3795,1,1,mismatch,93,6,C,U,S,B,E,0,I,S,S,0,0,0,1,1,NA,NA,NA,C:G,C:G,3,24,8,1,-1,S,2,0,0,0,0,NA,NA,NA,NA,NA,1,-4,S,22,0,0,0,0,NA,NA,NA,NA,NA,1,-26,H,0,8,0,0,0,A:U,NA,NA,NA,NA,4,23,1,1,S,3,0,0,0,0,NA,NA,NA,NA,NA,1,4,B,0,0,1,0,0,NA,G:C,G:C,NA,NA,1,5,S,20,0,0,0,0,NA,NA,NA,NA,NA
TTYH_BC_030,0.232,1,1,mismatch,79,-8,G,C,I,S,S,1,I,S,S,0,0,0,1,1,NA,NA,NA,C:G,C:G,4,23,8,1,-1,S,2,0,0,0,0,NA,NA,NA,NA,NA,1,-4,S,4,0,0,0,0,NA,NA,NA,NA,NA,1,-9,S,17,0,0,0,0,NA,NA,NA,NA,NA,4,23,1,1,S,3,0,0,0,0,NA,NA,NA,NA,NA,1,4,B,0,0,1,0,0,NA,G:C,G:C,NA,NA,1,5,S,20,0,0,0,0,NA,NA,NA,NA,NA
TTYH_BC_031,0.2975,1,1,mismatch,80,-7,G,C,I,S,S,1,I,S,S,0,0,0,1,1,NA,NA,NA,C:G,C:G,4,23,8,1,-1,S,2,0,0,0,0,NA,NA,NA,NA,NA,1,-4,S,3,0,0,0,0,NA,NA,NA,NA,NA,1,-8,S,18,0,0,0,0,NA,NA,NA,NA,NA,4,23,1,1,S,3,0,0,0,0,NA,NA,NA,NA,NA,1,4,B,0,0,1,0,0,NA,G:C,G:C,NA,NA,1,5,S,20,0,0,0,0,NA,NA,NA,NA,NA
TTYH_BC_032,0.1805,1,1,mismatch,81,-6,G,C,S,H,I,0,I,S,S,0,0,0,1,1,NA,NA,NA,C:G,C:G,5,22,8,1,-1,S,2,0,0,0,0,NA,NA,NA,NA,NA,1,-6,S,3,0,0,0,0,NA,NA,NA,NA,NA,1,-9,S,17,0,0,0,0,NA,NA,NA,NA,NA,4,23,1,1,S,3,0,0,0,0,NA,NA,NA,NA,NA,1,4,B,0,0,1,0,0,NA,G:C,G:C,NA,NA,1,5,S,20,0,0,0,0,NA,NA,NA,NA,NA
TTYH_BC_033,0.3035,1,1,mismatch,82,-5,U,C,S,H,I,0,I,S,S,0,0,0,1,1,NA,NA,NA,C:G,C:G,3,24,8,1,-1,S,2,0,0,0,0,NA,NA,NA,NA,NA,1,-4,S,22,0,0,0,0,NA,NA,NA,NA,NA,1,-26,H,0,8,0,0,0,A:U,NA,NA,NA,NA,4,23,1,1,S,3,0,0,0,0,NA,NA,NA,NA,NA,1,4,B,0,0,1,0,0,NA,G:C,G:C,NA,NA,1,5,S,20,0,0,0,0,NA,NA,NA,NA,NA
TTYH_BC_034,0.405,1,1,mismatch,83,-4,G,C,I,S,S,1,I,S,S,0,0,0,1,1,NA,NA,NA,C:G,C:G,3,23,8,1,-1,S,2,0,0,0,0,NA,NA,NA,NA,NA,1,-5,S,21,0,0,0,0,NA,NA,NA,NA,NA,1,-26,H,0,8,0,0,0,A:U,NA,NA,NA,NA,4,23,1,1,S,3,0,0,0,0,NA,NA,NA,NA,NA,1,4,B,0,0,1,0,0,NA,G:C,G:C,NA,NA,1,5,S,20,0,0,0,0,NA,NA,NA,NA,NA
TTYH_BC_035,0.4315,1,1,mismatch,84,-3,A,C,S,H,I,0,I,S,S,0,0,0,2,1,NA,NA,NA,C:G,C:G,4,24,8,1,-2,S,3,0,0,0,0,NA,NA,NA,NA,NA,1,-5,S,21,0,0,0,0,NA,NA,NA,NA,NA,1,-26,H,0,8,0,0,0,A:U,NA,NA,NA,NA,4,23,1,1,S,3,0,0,0,0,NA,NA,NA,NA,NA,1,4,B,0,0,1,0,0,NA,G:C,G:C,NA,NA,1,5,S,20,0,0,0,0,NA,NA,NA,NA,NA
TTYH_BC_036,0.0345,1,1,mismatch,88,1,G,C,I,S,S,1,I,S,S,0,0,0,2,2,NA,NA,NA,C:G,C:G,3,24,8,1,-1,S,2,0,0,0,0,NA,NA,NA,NA,NA,1,-4,S,22,0,0,0,0,NA,NA,NA,NA,NA,1,-26,H,0,8,0,0,0,A:U,NA,NA,NA,NA,4,22,1,2,S,2,0,0,0,0,NA,NA,NA,NA,NA,1,4,B,0,0,1,0,0,NA,G:C,G:C,NA,NA,1,5,S,20,0,0,0,0,NA,NA,NA,NA,NA
TTYH_BC_037,0.2115,1,1,mismatch,89,2,G,C,I,S,S,1,I,S,S,0,0,0,5,4,NA,NA,NA,C:G,C:G,3,24,8,1,-1,S,2,0,0,0,0,NA,NA,NA,NA,NA,1,-4,S,22,0,0,0,0,NA,NA,NA,NA,NA,1,-26,H,0,8,0,0,0,A:U,NA,NA,NA,NA,2,20,1,5,S,20,0,0,0,0,NA,NA,NA,NA,NA,1,25,E,0,0,0,0,0,NA,NA,NA,NA,NA,0,0,NA,0,0,0,0,0,NA,NA,NA,NA,NA
TTYH_BC_038,0.178,1,1,mismatch,90,3,G,C,I,S,S,0,B,S,S,0,0,1,0,0,NA,C:G,G:C,NA,NA,3,24,8,1,-1,S,2,0,0,0,0,NA,NA,NA,NA,NA,1,-4,S,22,0,0,0,0,NA,NA,NA,NA,NA,1,-26,H,0,8,0,0,0,A:U,NA,NA,NA,NA,4,22,1,1,S,2,0,0,0,0,NA,NA,NA,NA,NA,1,3,I,0,0,0,2,0,NA,NA,NA,C:G,G:C,1,5,S,20,0,0,0,0,NA,NA,NA,NA,NA
TTYH_BC_039,0.2125,1,1,mismatch,92,5,G,C,I,S,S,0,B,S,S,0,0,1,0,0,NA,C:G,G:C,NA,NA,3,24,8,1,-1,S,2,0,0,0,0,NA,NA,NA,NA,NA,1,-4,S,22,0,0,0,0,NA,NA,NA,NA,NA,1,-26,H,0,8,0,0,0,A:U,NA,NA,NA,NA,4,22,1,1,S,3,0,0,0,0,NA,NA,NA,NA,NA,1,4,I,0,0,0,2,0,NA,NA,NA,G:C,G:C,1,6,S,19,0,0,0,0,NA,NA,NA,NA,NA
TTYH_BC_040,0.331,1,1,mismatch,94,7,U,C,I,S,S,1,I,S,S,0,0,0,1,1,NA,NA,NA,C:G,C:G,3,24,8,1,-1,S,2,0,0,0,0,NA,NA,NA,NA,NA,1,-4,S,22,0,0,0,0,NA,NA,NA,NA,NA,1,-26,H,0,8,0,0,0,A:U,NA,NA,NA,NA,6,22,1,1,S,3,0,0,0,0,NA,NA,NA,NA,NA,1,4,B,0,0,1,0,0,NA,G:C,G:C,NA,NA,1,5,S,2,0,0,0,0,NA,NA,NA,NA,NA
TTYH_BC_041,0.3995,1,1,mismatch,95,8,U,C,I,S,S,1,I,S,S,0,0,0,1,1,NA,NA,NA,C:G,C:G,3,24,8,1,-1,S,2,0,0,0,0,NA,NA,NA,NA,NA,1,-4,S,22,0,0,0,0,NA,NA,NA,NA,NA,1,-26,H,0,8,0,0,0,A:U,NA,NA,NA,NA,6,22,1,1,S,3,0,0,0,0,NA,NA,NA,NA,NA,1,4,B,0,0,1,0,0,NA,G:C,G:C,NA,NA,1,5,S,3,0,0,0,0,NA,NA,NA,NA,NA
TTYH_BC_042,0.538,1,1,mismatch,82,-5,U,G,S,H,B,0,I,S,S,0,0,0,1,1,NA,NA,NA,C:G,C:G,6,24,8,1,-1,S,2,0,0,0,0,NA,NA,NA,NA,NA,1,-3,B,0,0,1,0,0,NA,G:C,C:G,NA,NA,1,-4,S,2,0,0,0,0,NA,NA,NA,NA,NA,4,23,1,1,S,3,0,0,0,0,NA,NA,NA,NA,NA,1,4,B,0,0,1,0,0,NA,G:C,G:C,NA,NA,1,5,S,20,0,0,0,0,NA,NA,NA,NA,NA
TTYH_BC_043,0.0765,1,1,mismatch,85,-2,C,G,S,B,I,0,I,S,S,0,0,0,1,1,NA,NA,NA,C:G,C:G,4,24,8,1,-1,S,3,0,0,0,0,NA,NA,NA,NA,NA,1,-4,B,0,0,1,0,0,NA,U:G,A:U,NA,NA,1,-5,S,21,0,0,0,0,NA,NA,NA,NA,NA,4,23,1,1,S,3,0,0,0,0,NA,NA,NA,NA,NA,1,4,I,0,0,0,1,0,NA,NA,NA,C:G,G:C,1,5,S,20,0,0,0,0,NA,NA,NA,NA,NA
TTYH_BC_044,0.568,1,1,mismatch,86,-1,C,G,S,I,B,0,B,S,S,0,0,1,0,0,NA,G:C,G:C,NA,NA,3,23,8,1,-1,S,2,0,0,0,0,NA,NA,NA,NA,NA,1,-5,S,21,0,0,0,0,NA,NA,NA,NA,NA,1,-26,H,0,8,0,0,0,A:U,NA,NA,NA,NA,4,23,1,1,S,3,0,0,0,0,NA,NA,NA,NA,NA,1,4,B,0,0,1,0,0,NA,G:C,G:C,NA,NA,1,5,S,20,0,0,0,0,NA,NA,NA,NA,NA
TTYH_BC_045,0.3175,1,1,mismatch,91,4,C,G,S,B,E,0,B,S,S,0,0,1,0,0,NA,C:G,G:C,NA,NA,3,24,8,1,-1,S,2,0,0,0,0,NA,NA,NA,NA,NA,1,-4,S,22,0,0,0,0,NA,NA,NA,NA,NA,1,-26,H,0,8,0,0,0,A:U,NA,NA,NA,NA,2,24,1,1,S,24,0,0,0,0,NA,NA,NA,NA,NA,1,25,E,0,0,0,0,0,NA,NA,NA,NA,NA,0,0,NA,0,0,0,0,0,NA,NA,NA,NA,NA
TTYH_BC_046,0.253,1,1,mismatch,93,6,C,G,S,B,E,0,B,S,S,0,0,1,0,0,NA,C:G,G:C,NA,NA,4,24,8,1,-1,S,2,0,0,0,0,NA,NA,NA,NA,NA,1,-4,S,22,0,0,0,0,NA,NA,NA,NA,NA,1,-26,H,0,8,0,0,0,A:U,NA,NA,NA,NA,5,23,1,1,S,3,0,0,0,0,NA,NA,NA,NA,NA,1,4,B,0,0,1,0,0,NA,G:C,G:C,NA,NA,1,5,S,3,0,0,0,0,NA,NA,NA,NA,NA
TTYH_BC_047,0.3925,1,1,mismatch,94,7,U,G,I,S,S,1,I,S,S,0,0,0,1,1,NA,NA,NA,C:G,C:G,3,24,8,1,-1,S,2,0,0,0,0,NA,NA,NA,NA,NA,1,-4,S,22,0,0,0,0,NA,NA,NA,NA,NA,1,-26,H,0,8,0,0,0,A:U,NA,NA,NA,NA,6,22,1,1,S,3,0,0,0,0,NA,NA,NA,NA,NA,1,4,B,0,0,1,0,0,NA,G:C,G:C,NA,NA,1,5,S,2,0,0,0,0,NA,NA,NA,NA,NA
TTYH_BC_048,0.4835,1,1,mismatch,95,8,U,G,I,S,S,1,I,S,S,0,0,0,1,1,NA,NA,NA,C:G,C:G,3,24,8,1,-1,S,2,0,0,0,0,NA,NA,NA,NA,NA,1,-4,S,22,0,0,0,0,NA,NA,NA,NA,NA,1,-26,H,0,8,0,0,0,A:U,NA,NA,NA,NA,6,22,1,1,S,3,0,0,0,0,NA,NA,NA,NA,NA,1,4,B,0,0,1,0,0,NA,G:C,G:C,NA,NA,1,5,S,3,0,0,0,0,NA,NA,NA,NA,NA
TTYH_BC_049,0.349,2,1,mismatch,79,-8,G,C,I,S,S,1,I,S,S,0,0,0,1,1,NA,NA,NA,C:G,C:G,4,22,8,1,-1,S,2,0,0,0,0,NA,NA,NA,NA,NA,1,-4,S,3,0,0,0,0,NA,NA,NA,NA,NA,1,-9,S,17,0,0,0,0,NA,NA,NA,NA,NA,4,23,1,1,S,3,0,0,0,0,NA,NA,NA,NA,NA,1,4,B,0,0,1,0,0,NA,G:C,G:C,NA,NA,1,5,S,20,0,0,0,0,NA,NA,NA,NA,NA
TTYH_BC_049,0.349,2,1,mismatch,80,-7,G,C,I,S,S,1,I,S,S,0,0,0,1,1,NA,NA,NA,C:G,C:G,4,22,8,1,-1,S,2,0,0,0,0,NA,NA,NA,NA,NA,1,-4,S,3,0,0,0,0,NA,NA,NA,NA,NA,1,-9,S,17,0,0,0,0,NA,NA,NA,NA,NA,4,23,1,1,S,3,0,0,0,0,NA,NA,NA,NA,NA,1,4,B,0,0,1,0,0,NA,G:C,G:C,NA,NA,1,5,S,20,0,0,0,0,NA,NA,NA,NA,NA
TTYH_BC_050,0.201,2,1,mismatch,79,-8,G,C,I,S,S,1,I,S,S,0,0,0,1,1,NA,NA,NA,C:G,C:G,4,21,8,1,-1,S,2,0,0,0,0,NA,NA,NA,NA,NA,1,-6,S,2,0,0,0,0,NA,NA,NA,NA,NA,1,-9,S,17,0,0,0,0,NA,NA,NA,NA,NA,4,23,1,1,S,3,0,0,0,0,NA,NA,NA,NA,NA,1,4,B,0,0,1,0,0,NA,G:C,G:C,NA,NA,1,5,S,20,0,0,0,0,NA,NA,NA,NA,NA
TTYH_BC_050,0.201,2,1,mismatch,81,-6,G,C,S,I,I,0,I,S,S,0,0,0,1,1,NA,NA,NA,C:G,C:G,4,21,8,1,-1,S,2,0,0,0,0,NA,NA,NA,NA,NA,1,-6,S,2,0,0,0,0,NA,NA,NA,NA,NA,1,-9,S,17,0,0,0,0,NA,NA,NA,NA,NA,4,23,1,1,S,3,0,0,0,0,NA,NA,NA,NA,NA,1,4,B,0,0,1,0,0,NA,G:C,G:C,NA,NA,1,5,S,20,0,0,0,0,NA,NA,NA,NA,NA
TTYH_BC_051,0.294,2,1,mismatch,79,-8,G,C,B,S,S,0,I,S,S,0,0,0,1,1,NA,NA,NA,C:G,C:G,5,22,8,1,-1,S,2,0,0,0,0,NA,NA,NA,NA,NA,1,-5,S,3,0,0,0,0,NA,NA,NA,NA,NA,1,-8,B,0,0,1,0,0,NA,U:A,G:C,NA,NA,4,23,1,1,S,3,0,0,0,0,NA,NA,NA,NA,NA,1,4,B,0,0,1,0,0,NA,G:C,G:C,NA,NA,1,5,S,20,0,0,0,0,NA,NA,NA,NA,NA
TTYH_BC_051,0.294,2,1,mismatch,82,-5,U,G,S,B,I,0,I,S,S,0,0,0,1,1,NA,NA,NA,C:G,C:G,5,22,8,1,-1,S,2,0,0,0,0,NA,NA,NA,NA,NA,1,-5,S,3,0,0,0,0,NA,NA,NA,NA,NA,1,-8,B,0,0,1,0,0,NA,U:A,G:C,NA,NA,4,23,1,1,S,3,0,0,0,0,NA,NA,NA,NA,NA,1,4,B,0,0,1,0,0,NA,G:C,G:C,NA,NA,1,5,S,20,0,0,0,0,NA,NA,NA,NA,NA
TTYH_BC_052,0.3525,2,1,mismatch,79,-8,G,C,I,S,S,1,I,S,S,0,0,0,1,1,NA,NA,NA,C:G,C:G,4,22,8,1,-1,S,2,0,0,0,0,NA,NA,NA,NA,NA,1,-5,S,3,0,0,0,0,NA,NA,NA,NA,NA,1,-9,S,17,0,0,0,0,NA,NA,NA,NA,NA,4,23,1,1,S,3,0,0,0,0,NA,NA,NA,NA,NA,1,4,B,0,0,1,0,0,NA,G:C,G:C,NA,NA,1,5,S,20,0,0,0,0,NA,NA,NA,NA,NA
TTYH_BC_052,0.3525,2,1,mismatch,83,-4,G,U,I,S,S,1,I,S,S,0,0,0,1,1,NA,NA,NA,C:G,C:G,4,22,8,1,-1,S,2,0,0,0,0,NA,NA,NA,NA,NA,1,-5,S,3,0,0,0,0,NA,NA,NA,NA,NA,1,-9,S,17,0,0,0,0,NA,NA,NA,NA,NA,4,23,1,1,S,3,0,0,0,0,NA,NA,NA,NA,NA,1,4,B,0,0,1,0,0,NA,G:C,G:C,NA,NA,1,5,S,20,0,0,0,0,NA,NA,NA,NA,NA
TTYH_BC_053,0.383,2,1,mismatch,79,-8,G,C,I,S,S,1,I,S,S,0,0,0,2,1,NA,NA,NA,C:G,C:G,5,23,8,1,-2,S,3,0,0,0,0,NA,NA,NA,NA,NA,1,-5,S,3,0,0,0,0,NA,NA,NA,NA,NA,1,-9,S,17,0,0,0,0,NA,NA,NA,NA,NA,4,23,1,1,S,3,0,0,0,0,NA,NA,NA,NA,NA,1,4,B,0,0,1,0,0,NA,G:C,G:C,NA,NA,1,5,S,20,0,0,0,0,NA,NA,NA,NA,NA
TTYH_BC_053,0.383,2,1,mismatch,84,-3,A,C,S,I,I,0,I,S,S,0,0,0,2,1,NA,NA,NA,C:G,C:G,5,23,8,1,-2,S,3,0,0,0,0,NA,NA,NA,NA,NA,1,-5,S,3,0,0,0,0,NA,NA,NA,NA,NA,1,-9,S,17,0,0,0,0,NA,NA,NA,NA,NA,4,23,1,1,S,3,0,0,0,0,NA,NA,NA,NA,NA,1,4,B,0,0,1,0,0,NA,G:C,G:C,NA,NA,1,5,S,20,0,0,0,0,NA,NA,NA,NA,NA
TTYH_BC_054,0.055,2,1,mismatch,79,-8,G,C,I,S,S,1,I,S,S,0,0,0,1,1,NA,NA,NA,C:G,C:G,5,23,8,1,-1,S,3,0,0,0,0,NA,NA,NA,NA,NA,1,-4,B,0,0,1,0,0,NA,U:G,A:U,NA,NA,1,-5,S,3,0,0,0,0,NA,NA,NA,NA,NA,4,23,1,1,S,3,0,0,0,0,NA,NA,NA,NA,NA,1,4,I,0,0,0,1,0,NA,NA,NA,C:G,G:C,1,5,S,20,0,0,0,0,NA,NA,NA,NA,NA
TTYH_BC_054,0.055,2,1,mismatch,85,-2,C,G,S,B,I,0,I,S,S,0,0,0,1,1,NA,NA,NA,C:G,C:G,5,23,8,1,-1,S,3,0,0,0,0,NA,NA,NA,NA,NA,1,-4,B,0,0,1,0,0,NA,U:G,A:U,NA,NA,1,-5,S,3,0,0,0,0,NA,NA,NA,NA,NA,4,23,1,1,S,3,0,0,0,0,NA,NA,NA,NA,NA,1,4,I,0,0,0,1,0,NA,NA,NA,C:G,G:C,1,5,S,20,0,0,0,0,NA,NA,NA,NA,NA
TTYH_BC_055,0.1295,2,1,mismatch,79,-8,G,C,I,S,S,0,B,S,S,0,0,1,0,0,NA,G:C,G:C,NA,NA,4,22,8,1,-1,S,2,0,0,0,0,NA,NA,NA,NA,NA,1,-5,S,3,0,0,0,0,NA,NA,NA,NA,NA,1,-9,S,17,0,0,0,0,NA,NA,NA,NA,NA,4,23,1,1,S,3,0,0,0,0,NA,NA,NA,NA,NA,1,4,B,0,0,1,0,0,NA,G:C,G:C,NA,NA,1,5,S,20,0,0,0,0,NA,NA,NA,NA,NA
TTYH_BC_055,0.1295,2,1,mismatch,86,-1,C,G,S,I,B,0,B,S,S,0,0,1,0,0,NA,G:C,G:C,NA,NA,4,22,8,1,-1,S,2,0,0,0,0,NA,NA,NA,NA,NA,1,-5,S,3,0,0,0,0,NA,NA,NA,NA,NA,1,-9,S,17,0,0,0,0,NA,NA,NA,NA,NA,4,23,1,1,S,3,0,0,0,0,NA,NA,NA,NA,NA,1,4,B,0,0,1,0,0,NA,G:C,G:C,NA,NA,1,5,S,20,0,0,0,0,NA,NA,NA,NA,NA
TTYH_BC_056,0.011,2,1,mismatch,79,-8,G,C,I,S,S,1,I,S,S,0,0,0,2,2,NA,NA,NA,C:G,C:G,4,23,8,1,-1,S,2,0,0,0,0,NA,NA,NA,NA,NA,1,-4,S,4,0,0,0,0,NA,NA,NA,NA,NA,1,-9,S,17,0,0,0,0,NA,NA,NA,NA,NA,4,22,1,2,S,2,0,0,0,0,NA,NA,NA,NA,NA,1,4,B,0,0,1,0,0,NA,G:C,G:C,NA,NA,1,5,S,20,0,0,0,0,NA,NA,NA,NA,NA
TTYH_BC_056,0.011,2,1,mismatch,88,1,G,C,I,S,S,1,I,S,S,0,0,0,2,2,NA,NA,NA,C:G,C:G,4,23,8,1,-1,S,2,0,0,0,0,NA,NA,NA,NA,NA,1,-4,S,4,0,0,0,0,NA,NA,NA,NA,NA,1,-9,S,17,0,0,0,0,NA,NA,NA,NA,NA,4,22,1,2,S,2,0,0,0,0,NA,NA,NA,NA,NA,1,4,B,0,0,1,0,0,NA,G:C,G:C,NA,NA,1,5,S,20,0,0,0,0,NA,NA,NA,NA,NA
TTYH_BC_057,0.2515,2,1,mismatch,79,-8,G,C,I,S,S,1,I,S,S,0,0,0,5,4,NA,NA,NA,C:G,C:G,4,23,8,1,-1,S,2,0,0,0,0,NA,NA,NA,NA,NA,1,-4,S,4,0,0,0,0,NA,NA,NA,NA,NA,1,-9,S,17,0,0,0,0,NA,NA,NA,NA,NA,2,20,1,5,S,20,0,0,0,0,NA,NA,NA,NA,NA,1,25,E,0,0,0,0,0,NA,NA,NA,NA,NA,0,0,NA,0,0,0,0,0,NA,NA,NA,NA,NA
TTYH_BC_057,0.2515,2,1,mismatch,89,2,G,C,I,S,S,1,I,S,S,0,0,0,5,4,NA,NA,NA,C:G,C:G,4,23,8,1,-1,S,2,0,0,0,0,NA,NA,NA,NA,NA,1,-4,S,4,0,0,0,0,NA,NA,NA,NA,NA,1,-9,S,17,0,0,0,0,NA,NA,NA,NA,NA,2,20,1,5,S,20,0,0,0,0,NA,NA,NA,NA,NA,1,25,E,0,0,0,0,0,NA,NA,NA,NA,NA,0,0,NA,0,0,0,0,0,NA,NA,NA,NA,NA
TTYH_BC_058,0.168,2,1,mismatch,79,-8,G,C,I,S,S,0,B,S,S,0,0,1,0,0,NA,C:G,G:C,NA,NA,4,23,8,1,-1,S,2,0,0,0,0,NA,NA,NA,NA,NA,1,-4,S,4,0,0,0,0,NA,NA,NA,NA,NA,1,-9,S,17,0,0,0,0,NA,NA,NA,NA,NA,4,22,1,1,S,2,0,0,0,0,NA,NA,NA,NA,NA,1,3,I,0,0,0,2,0,NA,NA,NA,C:G,G:C,1,5,S,20,0,0,0,0,NA,NA,NA,NA,NA
TTYH_BC_058,0.168,2,1,mismatch,90,3,G,C,I,S,S,0,B,S,S,0,0,1,0,0,NA,C:G,G:C,NA,NA,4,23,8,1,-1,S,2,0,0,0,0,NA,NA,NA,NA,NA,1,-4,S,4,0,0,0,0,NA,NA,NA,NA,NA,1,-9,S,17,0,0,0,0,NA,NA,NA,NA,NA,4,22,1,1,S,2,0,0,0,0,NA,NA,NA,NA,NA,1,3,I,0,0,0,2,0,NA,NA,NA,C:G,G:C,1,5,S,20,0,0,0,0,NA,NA,NA,NA,NA
TTYH_BC_059,0.324,2,1,mismatch,79,-8,G,C,I,S,S,1,I,S,S,0,0,0,1,1,NA,NA,NA,C:G,C:G,4,23,8,1,-1,S,2,0,0,0,0,NA,NA,NA,NA,NA,1,-4,S,4,0,0,0,0,NA,NA,NA,NA,NA,1,-9,S,17,0,0,0,0,NA,NA,NA,NA,NA,4,23,1,1,S,3,0,0,0,0,NA,NA,NA,NA,NA,1,4,B,0,0,1,0,0,NA,G:C,G:C,NA,NA,1,5,S,20,0,0,0,0,NA,NA,NA,NA,NA
TTYH_BC_059,0.324,2,1,mismatch,91,4,C,U,B,S,S,0,I,S,S,0,0,0,1,1,NA,NA,NA,C:G,C:G,4,23,8,1,-1,S,2,0,0,0,0,NA,NA,NA,NA,NA,1,-4,S,4,0,0,0,0,NA,NA,NA,NA,NA,1,-9,S,17,0,0,0,0,NA,NA,NA,NA,NA,4,23,1,1,S,3,0,0,0,0,NA,NA,NA,NA,NA,1,4,B,0,0,1,0,0,NA,G:C,G:C,NA,NA,1,5,S,20,0,0,0,0,NA,NA,NA,NA,NA
TTYH_BC_060,0.1005,2,1,mismatch,79,-8,G,C,I,S,S,0,B,S,S,0,0,1,0,0,NA,C:G,G:C,NA,NA,4,23,8,1,-1,S,2,0,0,0,0,NA,NA,NA,NA,NA,1,-4,S,4,0,0,0,0,NA,NA,NA,NA,NA,1,-9,S,17,0,0,0,0,NA,NA,NA,NA,NA,4,22,1,1,S,3,0,0,0,0,NA,NA,NA,NA,NA,1,4,I,0,0,0,2,0,NA,NA,NA,G:C,G:C,1,6,S,19,0,0,0,0,NA,NA,NA,NA,NA
TTYH_BC_060,0.1005,2,1,mismatch,92,5,G,C,I,S,S,0,B,S,S,0,0,1,0,0,NA,C:G,G:C,NA,NA,4,23,8,1,-1,S,2,0,0,0,0,NA,NA,NA,NA,NA,1,-4,S,4,0,0,0,0,NA,NA,NA,NA,NA,1,-9,S,17,0,0,0,0,NA,NA,NA,NA,NA,4,22,1,1,S,3,0,0,0,0,NA,NA,NA,NA,NA,1,4,I,0,0,0,2,0,NA,NA,NA,G:C,G:C,1,6,S,19,0,0,0,0,NA,NA,NA,NA,NA
TTYH_BC_061,,2,1,mismatch,79,-8,G,C,I,S,S,0,B,S,S,0,0,1,0,0,NA,C:G,G:C,NA,NA,5,23,8,1,-1,S,2,0,0,0,0,NA,NA,NA,NA,NA,1,-4,S,4,0,0,0,0,NA,NA,NA,NA,NA,1,-9,S,17,0,0,0,0,NA,NA,NA,NA,NA,5,23,1,1,S,3,0,0,0,0,NA,NA,NA,NA,NA,1,4,B,0,0,1,0,0,NA,G:C,G:C,NA,NA,1,5,S,3,0,0,0,0,NA,NA,NA,NA,NA
TTYH_BC_061,,2,1,mismatch,93,6,C,G,S,B,E,0,B,S,S,0,0,1,0,0,NA,C:G,G:C,NA,NA,5,23,8,1,-1,S,2,0,0,0,0,NA,NA,NA,NA,NA,1,-4,S,4,0,0,0,0,NA,NA,NA,NA,NA,1,-9,S,17,0,0,0,0,NA,NA,NA,NA,NA,5,23,1,1,S,3,0,0,0,0,NA,NA,NA,NA,NA,1,4,B,0,0,1,0,0,NA,G:C,G:C,NA,NA,1,5,S,3,0,0,0,0,NA,NA,NA,NA,NA
TTYH_BC_062,0.3215,2,1,mismatch,79,-8,G,C,I,S,S,1,I,S,S,0,0,0,1,1,NA,NA,NA,C:G,C:G,4,23,8,1,-1,S,2,0,0,0,0,NA,NA,NA,NA,NA,1,-4,S,4,0,0,0,0,NA,NA,NA,NA,NA,1,-9,S,17,0,0,0,0,NA,NA,NA,NA,NA,6,22,1,1,S,3,0,0,0,0,NA,NA,NA,NA,NA,1,4,B,0,0,1,0,0,NA,G:C,G:C,NA,NA,1,5,S,2,0,0,0,0,NA,NA,NA,NA,NA
TTYH_BC_062,0.3215,2,1,mismatch,94,7,U,A,I,S,S,1,I,S,S,0,0,0,1,1,NA,NA,NA,C:G,C:G,4,23,8,1,-1,S,2,0,0,0,0,NA,NA,NA,NA,NA,1,-4,S,4,0,0,0,0,NA,NA,NA,NA,NA,1,-9,S,17,0,0,0,0,NA,NA,NA,NA,NA,6,22,1,1,S,3,0,0,0,0,NA,NA,NA,NA,NA,1,4,B,0,0,1,0,0,NA,G:C,G:C,NA,NA,1,5,S,2,0,0,0,0,NA,NA,NA,NA,NA
TTYH_BC_063,0.28,2,1,mismatch,79,-8,G,C,I,S,S,1,I,S,S,0,0,0,1,1,NA,NA,NA,C:G,C:G,4,23,8,1,-1,S,2,0,0,0,0,NA,NA,NA,NA,NA,1,-4,S,4,0,0,0,0,NA,NA,NA,NA,NA,1,-9,S,17,0,0,0,0,NA,NA,NA,NA,NA,6,22,1,1,S,3,0,0,0,0,NA,NA,NA,NA,NA,1,4,B,0,0,1,0,0,NA,G:C,G:C,NA,NA,1,5,S,3,0,0,0,0,NA,NA,NA,NA,NA
TTYH_BC_063,0.28,2,1,mismatch,95,8,U,A,I,S,S,1,I,S,S,0,0,0,1,1,NA,NA,NA,C:G,C:G,4,23,8,1,-1,S,2,0,0,0,0,NA,NA,NA,NA,NA,1,-4,S,4,0,0,0,0,NA,NA,NA,NA,NA,1,-9,S,17,0,0,0,0,NA,NA,NA,NA,NA,6,22,1,1,S,3,0,0,0,0,NA,NA,NA,NA,NA,1,4,B,0,0,1,0,0,NA,G:C,G:C,NA,NA,1,5,S,3,0,0,0,0,NA,NA,NA,NA,NA
TTYH_BC_064,0.2405,2,1,mismatch,80,-7,G,C,I,S,S,1,I,S,S,0,0,0,1,1,NA,NA,NA,C:G,C:G,3,20,8,1,-1,S,2,0,0,0,0,NA,NA,NA,NA,NA,1,-8,S,18,0,0,0,0,NA,NA,NA,NA,NA,1,-26,H,0,8,0,0,0,A:U,NA,NA,NA,NA,4,23,1,1,S,3,0,0,0,0,NA,NA,NA,NA,NA,1,4,B,0,0,1,0,0,NA,G:C,G:C,NA,NA,1,5,S,20,0,0,0,0,NA,NA,NA,NA,NA
TTYH_BC_064,0.2405,2,1,mismatch,81,-6,G,C,I,S,S,1,I,S,S,0,0,0,1,1,NA,NA,NA,C:G,C:G,3,20,8,1,-1,S,2,0,0,0,0,NA,NA,NA,NA,NA,1,-8,S,18,0,0,0,0,NA,NA,NA,NA,NA,1,-26,H,0,8,0,0,0,A:U,NA,NA,NA,NA,4,23,1,1,S,3,0,0,0,0,NA,NA,NA,NA,NA,1,4,B,0,0,1,0,0,NA,G:C,G:C,NA,NA,1,5,S,20,0,0,0,0,NA,NA,NA,NA,NA
TTYH_BC_065,0.3615,2,1,mismatch,80,-7,G,C,B,S,S,0,I,S,S,0,0,0,1,1,NA,NA,NA,C:G,C:G,5,22,8,1,-1,S,2,0,0,0,0,NA,NA,NA,NA,NA,1,-5,S,2,0,0,0,0,NA,NA,NA,NA,NA,1,-7,B,0,0,1,0,0,NA,G:C,G:C,NA,NA,4,23,1,1,S,3,0,0,0,0,NA,NA,NA,NA,NA,1,4,B,0,0,1,0,0,NA,G:C,G:C,NA,NA,1,5,S,20,0,0,0,0,NA,NA,NA,NA,NA
TTYH_BC_065,0.3615,2,1,mismatch,82,-5,U,G,S,B,I,0,I,S,S,0,0,0,1,1,NA,NA,NA,C:G,C:G,5,22,8,1,-1,S,2,0,0,0,0,NA,NA,NA,NA,NA,1,-5,S,2,0,0,0,0,NA,NA,NA,NA,NA,1,-7,B,0,0,1,0,0,NA,G:C,G:C,NA,NA,4,23,1,1,S,3,0,0,0,0,NA,NA,NA,NA,NA,1,4,B,0,0,1,0,0,NA,G:C,G:C,NA,NA,1,5,S,20,0,0,0,0,NA,NA,NA,NA,NA
TTYH_BC_066,0.3895,2,1,mismatch,80,-7,G,C,I,S,S,1,I,S,S,0,0,0,1,1,NA,NA,NA,C:G,C:G,4,22,8,1,-1,S,2,0,0,0,0,NA,NA,NA,NA,NA,1,-5,S,2,0,0,0,0,NA,NA,NA,NA,NA,1,-8,S,18,0,0,0,0,NA,NA,NA,NA,NA,4,23,1,1,S,3,0,0,0,0,NA,NA,NA,NA,NA,1,4,B,0,0,1,0,0,NA,G:C,G:C,NA,NA,1,5,S,20,0,0,0,0,NA,NA,NA,NA,NA
TTYH_BC_066,0.3895,2,1,mismatch,83,-4,G,U,I,S,S,1,I,S,S,0,0,0,1,1,NA,NA,NA,C:G,C:G,4,22,8,1,-1,S,2,0,0,0,0,NA,NA,NA,NA,NA,1,-5,S,2,0,0,0,0,NA,NA,NA,NA,NA,1,-8,S,18,0,0,0,0,NA,NA,NA,NA,NA,4,23,1,1,S,3,0,0,0,0,NA,NA,NA,NA,NA,1,4,B,0,0,1,0,0,NA,G:C,G:C,NA,NA,1,5,S,20,0,0,0,0,NA,NA,NA,NA,NA
TTYH_BC_067,0.3695,2,1,mismatch,80,-7,G,C,I,S,S,1,I,S,S,0,0,0,2,1,NA,NA,NA,C:G,C:G,5,23,8,1,-2,S,3,0,0,0,0,NA,NA,NA,NA,NA,1,-5,S,2,0,0,0,0,NA,NA,NA,NA,NA,1,-8,S,18,0,0,0,0,NA,NA,NA,NA,NA,4,23,1,1,S,3,0,0,0,0,NA,NA,NA,NA,NA,1,4,B,0,0,1,0,0,NA,G:C,G:C,NA,NA,1,5,S,20,0,0,0,0,NA,NA,NA,NA,NA
TTYH_BC_067,0.3695,2,1,mismatch,84,-3,A,C,S,I,I,0,I,S,S,0,0,0,2,1,NA,NA,NA,C:G,C:G,5,23,8,1,-2,S,3,0,0,0,0,NA,NA,NA,NA,NA,1,-5,S,2,0,0,0,0,NA,NA,NA,NA,NA,1,-8,S,18,0,0,0,0,NA,NA,NA,NA,NA,4,23,1,1,S,3,0,0,0,0,NA,NA,NA,NA,NA,1,4,B,0,0,1,0,0,NA,G:C,G:C,NA,NA,1,5,S,20,0,0,0,0,NA,NA,NA,NA,NA
TTYH_BC_068,0.047,2,1,mismatch,80,-7,G,C,I,S,S,1,I,S,S,0,0,0,1,1,NA,NA,NA,C:G,C:G,5,23,8,1,-1,S,3,0,0,0,0,NA,NA,NA,NA,NA,1,-4,B,0,0,1,0,0,NA,U:G,A:U,NA,NA,1,-5,S,2,0,0,0,0,NA,NA,NA,NA,NA,4,23,1,1,S,3,0,0,0,0,NA,NA,NA,NA,NA,1,4,I,0,0,0,1,0,NA,NA,NA,C:G,G:C,1,5,S,20,0,0,0,0,NA,NA,NA,NA,NA
TTYH_BC_068,0.047,2,1,mismatch,85,-2,C,G,S,B,I,0,I,S,S,0,0,0,1,1,NA,NA,NA,C:G,C:G,5,23,8,1,-1,S,3,0,0,0,0,NA,NA,NA,NA,NA,1,-4,B,0,0,1,0,0,NA,U:G,A:U,NA,NA,1,-5,S,2,0,0,0,0,NA,NA,NA,NA,NA,4,23,1,1,S,3,0,0,0,0,NA,NA,NA,NA,NA,1,4,I,0,0,0,1,0,NA,NA,NA,C:G,G:C,1,5,S,20,0,0,0,0,NA,NA,NA,NA,NA
TTYH_BC_069,0.145,2,1,mismatch,80,-7,G,C,I,S,S,0,B,S,S,0,0,1,0,0,NA,G:C,G:C,NA,NA,4,22,8,1,-1,S,2,0,0,0,0,NA,NA,NA,NA,NA,1,-5,S,2,0,0,0,0,NA,NA,NA,NA,NA,1,-8,S,18,0,0,0,0,NA,NA,NA,NA,NA,4,23,1,1,S,3,0,0,0,0,NA,NA,NA,NA,NA,1,4,B,0,0,1,0,0,NA,G:C,G:C,NA,NA,1,5,S,20,0,0,0,0,NA,NA,NA,NA,NA
TTYH_BC_069,0.145,2,1,mismatch,86,-1,C,G,S,I,B,0,B,S,S,0,0,1,0,0,NA,G:C,G:C,NA,NA,4,22,8,1,-1,S,2,0,0,0,0,NA,NA,NA,NA,NA,1,-5,S,2,0,0,0,0,NA,NA,NA,NA,NA,1,-8,S,18,0,0,0,0,NA,NA,NA,NA,NA,4,23,1,1,S,3,0,0,0,0,NA,NA,NA,NA,NA,1,4,B,0,0,1,0,0,NA,G:C,G:C,NA,NA,1,5,S,20,0,0,0,0,NA,NA,NA,NA,NA
TTYH_BC_070,0.0085,2,1,mismatch,80,-7,G,C,I,S,S,1,I,S,S,0,0,0,2,2,NA,NA,NA,C:G,C:G,4,23,8,1,-1,S,2,0,0,0,0,NA,NA,NA,NA,NA,1,-4,S,3,0,0,0,0,NA,NA,NA,NA,NA,1,-8,S,18,0,0,0,0,NA,NA,NA,NA,NA,4,22,1,2,S,2,0,0,0,0,NA,NA,NA,NA,NA,1,4,B,0,0,1,0,0,NA,G:C,G:C,NA,NA,1,5,S,20,0,0,0,0,NA,NA,NA,NA,NA
TTYH_BC_070,0.0085,2,1,mismatch,88,1,G,C,I,S,S,1,I,S,S,0,0,0,2,2,NA,NA,NA,C:G,C:G,4,23,8,1,-1,S,2,0,0,0,0,NA,NA,NA,NA,NA,1,-4,S,3,0,0,0,0,NA,NA,NA,NA,NA,1,-8,S,18,0,0,0,0,NA,NA,NA,NA,NA,4,22,1,2,S,2,0,0,0,0,NA,NA,NA,NA,NA,1,4,B,0,0,1,0,0,NA,G:C,G:C,NA,NA,1,5,S,20,0,0,0,0,NA,NA,NA,NA,NA
TTYH_BC_071,0.266,2,1,mismatch,80,-7,G,C,I,S,S,1,I,S,S,0,0,0,5,4,NA,NA,NA,C:G,C:G,4,23,8,1,-1,S,2,0,0,0,0,NA,NA,NA,NA,NA,1,-4,S,3,0,0,0,0,NA,NA,NA,NA,NA,1,-8,S,18,0,0,0,0,NA,NA,NA,NA,NA,2,20,1,5,S,20,0,0,0,0,NA,NA,NA,NA,NA,1,25,E,0,0,0,0,0,NA,NA,NA,NA,NA,0,0,NA,0,0,0,0,0,NA,NA,NA,NA,NA
TTYH_BC_071,0.266,2,1,mismatch,89,2,G,C,I,S,S,1,I,S,S,0,0,0,5,4,NA,NA,NA,C:G,C:G,4,23,8,1,-1,S,2,0,0,0,0,NA,NA,NA,NA,NA,1,-4,S,3,0,0,0,0,NA,NA,NA,NA,NA,1,-8,S,18,0,0,0,0,NA,NA,NA,NA,NA,2,20,1,5,S,20,0,0,0,0,NA,NA,NA,NA,NA,1,25,E,0,0,0,0,0,NA,NA,NA,NA,NA,0,0,NA,0,0,0,0,0,NA,NA,NA,NA,NA
TTYH_BC_072,0.1715,2,1,mismatch,80,-7,G,C,I,S,S,0,B,S,S,0,0,1,0,0,NA,C:G,G:C,NA,NA,4,23,8,1,-1,S,2,0,0,0,0,NA,NA,NA,NA,NA,1,-4,S,3,0,0,0,0,NA,NA,NA,NA,NA,1,-8,S,18,0,0,0,0,NA,NA,NA,NA,NA,4,22,1,1,S,2,0,0,0,0,NA,NA,NA,NA,NA,1,3,I,0,0,0,2,0,NA,NA,NA,C:G,G:C,1,5,S,20,0,0,0,0,NA,NA,NA,NA,NA
TTYH_BC_072,0.1715,2,1,mismatch,90,3,G,C,I,S,S,0,B,S,S,0,0,1,0,0,NA,C:G,G:C,NA,NA,4,23,8,1,-1,S,2,0,0,0,0,NA,NA,NA,NA,NA,1,-4,S,3,0,0,0,0,NA,NA,NA,NA,NA,1,-8,S,18,0,0,0,0,NA,NA,NA,NA,NA,4,22,1,1,S,2,0,0,0,0,NA,NA,NA,NA,NA,1,3,I,0,0,0,2,0,NA,NA,NA,C:G,G:C,1,5,S,20,0,0,0,0,NA,NA,NA,NA,NA
TTYH_BC_073,0.3275,2,1,mismatch,80,-7,G,C,I,S,S,1,I,S,S,0,0,0,1,1,NA,NA,NA,C:G,C:G,4,23,8,1,-1,S,2,0,0,0,0,NA,NA,NA,NA,NA,1,-4,S,3,0,0,0,0,NA,NA,NA,NA,NA,1,-8,S,18,0,0,0,0,NA,NA,NA,NA,NA,4,23,1,1,S,3,0,0,0,0,NA,NA,NA,NA,NA,1,4,B,0,0,1,0,0,NA,G:C,G:C,NA,NA,1,5,S,20,0,0,0,0,NA,NA,NA,NA,NA
TTYH_BC_073,0.3275,2,1,mismatch,91,4,C,U,B,S,S,0,I,S,S,0,0,0,1,1,NA,NA,NA,C:G,C:G,4,23,8,1,-1,S,2,0,0,0,0,NA,NA,NA,NA,NA,1,-4,S,3,0,0,0,0,NA,NA,NA,NA,NA,1,-8,S,18,0,0,0,0,NA,NA,NA,NA,NA,4,23,1,1,S,3,0,0,0,0,NA,NA,NA,NA,NA,1,4,B,0,0,1,0,0,NA,G:C,G:C,NA,NA,1,5,S,20,0,0,0,0,NA,NA,NA,NA,NA
TTYH_BC_074,0.1505,2,1,mismatch,80,-7,G,C,I,S,S,0,B,S,S,0,0,1,0,0,NA,C:G,G:C,NA,NA,4,23,8,1,-1,S,2,0,0,0,0,NA,NA,NA,NA,NA,1,-4,S,3,0,0,0,0,NA,NA,NA,NA,NA,1,-8,S,18,0,0,0,0,NA,NA,NA,NA,NA,4,22,1,1,S,3,0,0,0,0,NA,NA,NA,NA,NA,1,4,I,0,0,0,2,0,NA,NA,NA,G:C,G:C,1,6,S,19,0,0,0,0,NA,NA,NA,NA,NA
TTYH_BC_074,0.1505,2,1,mismatch,92,5,G,C,I,S,S,0,B,S,S,0,0,1,0,0,NA,C:G,G:C,NA,NA,4,23,8,1,-1,S,2,0,0,0,0,NA,NA,NA,NA,NA,1,-4,S,3,0,0,0,0,NA,NA,NA,NA,NA,1,-8,S,18,0,0,0,0,NA,NA,NA,NA,NA,4,22,1,1,S,3,0,0,0,0,NA,NA,NA,NA,NA,1,4,I,0,0,0,2,0,NA,NA,NA,G:C,G:C,1,6,S,19,0,0,0,0,NA,NA,NA,NA,NA
TTYH_BC_075,,2,1,mismatch,80,-7,G,C,I,S,S,0,B,S,S,0,0,1,0,0,NA,C:G,G:C,NA,NA,5,23,8,1,-1,S,2,0,0,0,0,NA,NA,NA,NA,NA,1,-4,S,3,0,0,0,0,NA,NA,NA,NA,NA,1,-8,S,18,0,0,0,0,NA,NA,NA,NA,NA,5,23,1,1,S,3,0,0,0,0,NA,NA,NA,NA,NA,1,4,B,0,0,1,0,0,NA,G:C,G:C,NA,NA,1,5,S,3,0,0,0,0,NA,NA,NA,NA,NA
TTYH_BC_075,,2,1,mismatch,93,6,C,G,S,B,E,0,B,S,S,0,0,1,0,0,NA,C:G,G:C,NA,NA,5,23,8,1,-1,S,2,0,0,0,0,NA,NA,NA,NA,NA,1,-4,S,3,0,0,0,0,NA,NA,NA,NA,NA,1,-8,S,18,0,0,0,0,NA,NA,NA,NA,NA,5,23,1,1,S,3,0,0,0,0,NA,NA,NA,NA,NA,1,4,B,0,0,1,0,0,NA,G:C,G:C,NA,NA,1,5,S,3,0,0,0,0,NA,NA,NA,NA,NA
TTYH_BC_076,0.319,2,1,mismatch,80,-7,G,C,I,S,S,1,I,S,S,0,0,0,1,1,NA,NA,NA,C:G,C:G,4,23,8,1,-1,S,2,0,0,0,0,NA,NA,NA,NA,NA,1,-4,S,3,0,0,0,0,NA,NA,NA,NA,NA,1,-8,S,18,0,0,0,0,NA,NA,NA,NA,NA,6,22,1,1,S,3,0,0,0,0,NA,NA,NA,NA,NA,1,4,B,0,0,1,0,0,NA,G:C,G:C,NA,NA,1,5,S,2,0,0,0,0,NA,NA,NA,NA,NA
TTYH_BC_076,0.319,2,1,mismatch,94,7,U,A,I,S,S,1,I,S,S,0,0,0,1,1,NA,NA,NA,C:G,C:G,4,23,8,1,-1,S,2,0,0,0,0,NA,NA,NA,NA,NA,1,-4,S,3,0,0,0,0,NA,NA,NA,NA,NA,1,-8,S,18,0,0,0,0,NA,NA,NA,NA,NA,6,22,1,1,S,3,0,0,0,0,NA,NA,NA,NA,NA,1,4,B,0,0,1,0,0,NA,G:C,G:C,NA,NA,1,5,S,2,0,0,0,0,NA,NA,NA,NA,NA
TTYH_BC_077,0.3235,2,1,mismatch,80,-7,G,C,I,S,S,1,I,S,S,0,0,0,1,1,NA,NA,NA,C:G,C:G,4,23,8,1,-1,S,2,0,0,0,0,NA,NA,NA,NA,NA,1,-4,S,3,0,0,0,0,NA,NA,NA,NA,NA,1,-8,S,18,0,0,0,0,NA,NA,NA,NA,NA,6,22,1,1,S,3,0,0,0,0,NA,NA,NA,NA,NA,1,4,B,0,0,1,0,0,NA,G:C,G:C,NA,NA,1,5,S,3,0,0,0,0,NA,NA,NA,NA,NA
TTYH_BC_077,0.3235,2,1,mismatch,95,8,U,A,I,S,S,1,I,S,S,0,0,0,1,1,NA,NA,NA,C:G,C:G,4,23,8,1,-1,S,2,0,0,0,0,NA,NA,NA,NA,NA,1,-4,S,3,0,0,0,0,NA,NA,NA,NA,NA,1,-8,S,18,0,0,0,0,NA,NA,NA,NA,NA,6,22,1,1,S,3,0,0,0,0,NA,NA,NA,NA,NA,1,4,B,0,0,1,0,0,NA,G:C,G:C,NA,NA,1,5,S,3,0,0,0,0,NA,NA,NA,NA,NA
TTYH_BC_078,0.255,2,1,mismatch,81,-6,G,C,S,H,B,0,I,S,S,0,0,0,1,1,NA,NA,NA,C:G,C:G,6,24,8,1,-1,S,2,0,0,0,0,NA,NA,NA,NA,NA,1,-3,B,0,0,1,0,0,NA,G:C,C:G,NA,NA,1,-4,S,5,0,0,0,0,NA,NA,NA,NA,NA,4,23,1,1,S,3,0,0,0,0,NA,NA,NA,NA,NA,1,4,B,0,0,1,0,0,NA,G:C,G:C,NA,NA,1,5,S,20,0,0,0,0,NA,NA,NA,NA,NA
TTYH_BC_078,0.255,2,1,mismatch,82,-5,U,G,S,H,B,0,I,S,S,0,0,0,1,1,NA,NA,NA,C:G,C:G,6,24,8,1,-1,S,2,0,0,0,0,NA,NA,NA,NA,NA,1,-3,B,0,0,1,0,0,NA,G:C,C:G,NA,NA,1,-4,S,5,0,0,0,0,NA,NA,NA,NA,NA,4,23,1,1,S,3,0,0,0,0,NA,NA,NA,NA,NA,1,4,B,0,0,1,0,0,NA,G:C,G:C,NA,NA,1,5,S,20,0,0,0,0,NA,NA,NA,NA,NA
TTYH_BC_079,0.2695,2,1,mismatch,81,-6,G,C,S,H,I,0,I,S,S,0,0,0,1,1,NA,NA,NA,C:G,C:G,5,22,8,1,-1,S,2,0,0,0,0,NA,NA,NA,NA,NA,1,-6,S,3,0,0,0,0,NA,NA,NA,NA,NA,1,-9,S,17,0,0,0,0,NA,NA,NA,NA,NA,4,23,1,1,S,3,0,0,0,0,NA,NA,NA,NA,NA,1,4,B,0,0,1,0,0,NA,G:C,G:C,NA,NA,1,5,S,20,0,0,0,0,NA,NA,NA,NA,NA
TTYH_BC_079,0.2695,2,1,mismatch,83,-4,G,U,I,S,S,1,I,S,S,0,0,0,1,1,NA,NA,NA,C:G,C:G,5,22,8,1,-1,S,2,0,0,0,0,NA,NA,NA,NA,NA,1,-6,S,3,0,0,0,0,NA,NA,NA,NA,NA,1,-9,S,17,0,0,0,0,NA,NA,NA,NA,NA,4,23,1,1,S,3,0,0,0,0,NA,NA,NA,NA,NA,1,4,B,0,0,1,0,0,NA,G:C,G:C,NA,NA,1,5,S,20,0,0,0,0,NA,NA,NA,NA,NA
TTYH_BC_080,0.251,2,1,mismatch,81,-6,G,C,S,H,I,0,I,S,S,0,0,0,2,1,NA,NA,NA,C:G,C:G,5,23,8,1,-2,S,3,0,0,0,0,NA,NA,NA,NA,NA,1,-6,S,3,0,0,0,0,NA,NA,NA,NA,NA,1,-9,S,17,0,0,0,0,NA,NA,NA,NA,NA,4,23,1,1,S,3,0,0,0,0,NA,NA,NA,NA,NA,1,4,B,0,0,1,0,0,NA,G:C,G:C,NA,NA,1,5,S,20,0,0,0,0,NA,NA,NA,NA,NA
TTYH_BC_080,0.251,2,1,mismatch,84,-3,A,C,S,I,I,0,I,S,S,0,0,0,2,1,NA,NA,NA,C:G,C:G,5,23,8,1,-2,S,3,0,0,0,0,NA,NA,NA,NA,NA,1,-6,S,3,0,0,0,0,NA,NA,NA,NA,NA,1,-9,S,17,0,0,0,0,NA,NA,NA,NA,NA,4,23,1,1,S,3,0,0,0,0,NA,NA,NA,NA,NA,1,4,B,0,0,1,0,0,NA,G:C,G:C,NA,NA,1,5,S,20,0,0,0,0,NA,NA,NA,NA,NA
TTYH_BC_081,0.084,2,1,mismatch,81,-6,G,C,S,H,B,0,I,S,S,0,0,0,1,1,NA,NA,NA,C:G,C:G,6,23,8,1,-1,S,3,0,0,0,0,NA,NA,NA,NA,NA,1,-4,B,0,0,2,0,0,NA,C:G,A:U,NA,NA,1,-6,S,3,0,0,0,0,NA,NA,NA,NA,NA,4,23,1,1,S,3,0,0,0,0,NA,NA,NA,NA,NA,1,4,I,0,0,0,1,0,NA,NA,NA,C:G,G:C,1,5,S,20,0,0,0,0,NA,NA,NA,NA,NA
TTYH_BC_081,0.084,2,1,mismatch,85,-2,C,G,S,B,I,0,I,S,S,0,0,0,1,1,NA,NA,NA,C:G,C:G,6,23,8,1,-1,S,3,0,0,0,0,NA,NA,NA,NA,NA,1,-4,B,0,0,2,0,0,NA,C:G,A:U,NA,NA,1,-6,S,3,0,0,0,0,NA,NA,NA,NA,NA,4,23,1,1,S,3,0,0,0,0,NA,NA,NA,NA,NA,1,4,I,0,0,0,1,0,NA,NA,NA,C:G,G:C,1,5,S,20,0,0,0,0,NA,NA,NA,NA,NA
TTYH_BC_082,0.0015,2,1,mismatch,81,-6,G,C,S,H,I,0,B,S,S,0,0,1,0,0,NA,G:C,G:C,NA,NA,5,22,8,1,-1,S,2,0,0,0,0,NA,NA,NA,NA,NA,1,-6,S,3,0,0,0,0,NA,NA,NA,NA,NA,1,-9,S,17,0,0,0,0,NA,NA,NA,NA,NA,4,23,1,1,S,3,0,0,0,0,NA,NA,NA,NA,NA,1,4,B,0,0,1,0,0,NA,G:C,G:C,NA,NA,1,5,S,20,0,0,0,0,NA,NA,NA,NA,NA
TTYH_BC_082,0.0015,2,1,mismatch,86,-1,C,G,S,I,B,0,B,S,S,0,0,1,0,0,NA,G:C,G:C,NA,NA,5,22,8,1,-1,S,2,0,0,0,0,NA,NA,NA,NA,NA,1,-6,S,3,0,0,0,0,NA,NA,NA,NA,NA,1,-9,S,17,0,0,0,0,NA,NA,NA,NA,NA,4,23,1,1,S,3,0,0,0,0,NA,NA,NA,NA,NA,1,4,B,0,0,1,0,0,NA,G:C,G:C,NA,NA,1,5,S,20,0,0,0,0,NA,NA,NA,NA,NA
TTYH_BC_083,0.001,2,1,mismatch,81,-6,G,C,S,H,I,0,I,S,S,0,0,0,2,2,NA,NA,NA,C:G,C:G,5,22,8,1,-1,S,2,0,0,0,0,NA,NA,NA,NA,NA,1,-6,S,3,0,0,0,0,NA,NA,NA,NA,NA,1,-9,S,17,0,0,0,0,NA,NA,NA,NA,NA,4,22,1,2,S,2,0,0,0,0,NA,NA,NA,NA,NA,1,4,B,0,0,1,0,0,NA,G:C,G:C,NA,NA,1,5,S,20,0,0,0,0,NA,NA,NA,NA,NA
TTYH_BC_083,0.001,2,1,mismatch,88,1,G,C,I,S,S,1,I,S,S,0,0,0,2,2,NA,NA,NA,C:G,C:G,5,22,8,1,-1,S,2,0,0,0,0,NA,NA,NA,NA,NA,1,-6,S,3,0,0,0,0,NA,NA,NA,NA,NA,1,-9,S,17,0,0,0,0,NA,NA,NA,NA,NA,4,22,1,2,S,2,0,0,0,0,NA,NA,NA,NA,NA,1,4,B,0,0,1,0,0,NA,G:C,G:C,NA,NA,1,5,S,20,0,0,0,0,NA,NA,NA,NA,NA
TTYH_BC_084,0.1465,2,1,mismatch,81,-6,G,C,I,S,S,0,S,I,I,4,0,0,0,0,NA,NA,NA,NA,NA,2,19,8,1,-7,S,19,0,0,0,0,NA,NA,NA,NA,NA,1,-26,H,0,8,0,0,0,A:U,NA,NA,NA,NA,0,0,NA,0,0,0,0,0,NA,NA,NA,NA,NA,3,20,1,3,I,0,0,0,2,5,NA,NA,NA,C:G,C:G,1,5,S,20,0,0,0,0,NA,NA,NA,NA,NA,1,25,E,0,0,0,0,0,NA,NA,NA,NA,NA
TTYH_BC_084,0.1465,2,1,mismatch,89,2,G,C,S,I,I,1,S,I,I,4,0,0,0,0,NA,NA,NA,NA,NA,2,19,8,1,-7,S,19,0,0,0,0,NA,NA,NA,NA,NA,1,-26,H,0,8,0,0,0,A:U,NA,NA,NA,NA,0,0,NA,0,0,0,0,0,NA,NA,NA,NA,NA,3,20,1,3,I,0,0,0,2,5,NA,NA,NA,C:G,C:G,1,5,S,20,0,0,0,0,NA,NA,NA,NA,NA,1,25,E,0,0,0,0,0,NA,NA,NA,NA,NA
TTYH_BC_085,0.081,2,1,mismatch,81,-6,G,C,S,H,I,0,B,S,S,0,0,1,0,0,NA,C:G,G:C,NA,NA,5,22,8,1,-1,S,2,0,0,0,0,NA,NA,NA,NA,NA,1,-6,S,3,0,0,0,0,NA,NA,NA,NA,NA,1,-9,S,17,0,0,0,0,NA,NA,NA,NA,NA,4,22,1,1,S,2,0,0,0,0,NA,NA,NA,NA,NA,1,3,I,0,0,0,2,0,NA,NA,NA,C:G,G:C,1,5,S,20,0,0,0,0,NA,NA,NA,NA,NA
TTYH_BC_085,0.081,2,1,mismatch,90,3,G,C,I,S,S,0,B,S,S,0,0,1,0,0,NA,C:G,G:C,NA,NA,5,22,8,1,-1,S,2,0,0,0,0,NA,NA,NA,NA,NA,1,-6,S,3,0,0,0,0,NA,NA,NA,NA,NA,1,-9,S,17,0,0,0,0,NA,NA,NA,NA,NA,4,22,1,1,S,2,0,0,0,0,NA,NA,NA,NA,NA,1,3,I,0,0,0,2,0,NA,NA,NA,C:G,G:C,1,5,S,20,0,0,0,0,NA,NA,NA,NA,NA
TTYH_BC_086,0.273,2,1,mismatch,81,-6,G,C,S,H,I,0,B,S,S,0,0,1,0,0,NA,C:G,G:C,NA,NA,5,22,8,1,-1,S,2,0,0,0,0,NA,NA,NA,NA,NA,1,-6,S,3,0,0,0,0,NA,NA,NA,NA,NA,1,-9,S,17,0,0,0,0,NA,NA,NA,NA,NA,2,24,1,1,S,24,0,0,0,0,NA,NA,NA,NA,NA,1,25,E,0,0,0,0,0,NA,NA,NA,NA,NA,0,0,NA,0,0,0,0,0,NA,NA,NA,NA,NA
TTYH_BC_086,0.273,2,1,mismatch,91,4,C,G,S,B,E,0,B,S,S,0,0,1,0,0,NA,C:G,G:C,NA,NA,5,22,8,1,-1,S,2,0,0,0,0,NA,NA,NA,NA,NA,1,-6,S,3,0,0,0,0,NA,NA,NA,NA,NA,1,-9,S,17,0,0,0,0,NA,NA,NA,NA,NA,2,24,1,1,S,24,0,0,0,0,NA,NA,NA,NA,NA,1,25,E,0,0,0,0,0,NA,NA,NA,NA,NA,0,0,NA,0,0,0,0,0,NA,NA,NA,NA,NA
TTYH_BC_087,0.111,2,1,mismatch,81,-6,G,C,S,H,I,0,B,S,S,0,0,1,0,0,NA,C:G,G:C,NA,NA,5,22,8,1,-1,S,2,0,0,0,0,NA,NA,NA,NA,NA,1,-6,S,3,0,0,0,0,NA,NA,NA,NA,NA,1,-9,S,17,0,0,0,0,NA,NA,NA,NA,NA,4,22,1,1,S,3,0,0,0,0,NA,NA,NA,NA,NA,1,4,I,0,0,0,2,0,NA,NA,NA,G:C,G:C,1,6,S,19,0,0,0,0,NA,NA,NA,NA,NA
TTYH_BC_087,0.111,2,1,mismatch,92,5,G,C,I,S,S,0,B,S,S,0,0,1,0,0,NA,C:G,G:C,NA,NA,5,22,8,1,-1,S,2,0,0,0,0,NA,NA,NA,NA,NA,1,-6,S,3,0,0,0,0,NA,NA,NA,NA,NA,1,-9,S,17,0,0,0,0,NA,NA,NA,NA,NA,4,22,1,1,S,3,0,0,0,0,NA,NA,NA,NA,NA,1,4,I,0,0,0,2,0,NA,NA,NA,G:C,G:C,1,6,S,19,0,0,0,0,NA,NA,NA,NA,NA
TTYH_BC_088,0.086,2,1,mismatch,81,-6,G,C,S,H,I,0,B,S,S,0,0,1,0,0,NA,C:G,G:C,NA,NA,6,22,8,1,-1,S,2,0,0,0,0,NA,NA,NA,NA,NA,1,-6,S,3,0,0,0,0,NA,NA,NA,NA,NA,1,-9,S,17,0,0,0,0,NA,NA,NA,NA,NA,5,23,1,1,S,3,0,0,0,0,NA,NA,NA,NA,NA,1,4,B,0,0,1,0,0,NA,G:C,G:C,NA,NA,1,5,S,3,0,0,0,0,NA,NA,NA,NA,NA
TTYH_BC_088,0.086,2,1,mismatch,93,6,C,G,S,B,E,0,B,S,S,0,0,1,0,0,NA,C:G,G:C,NA,NA,6,22,8,1,-1,S,2,0,0,0,0,NA,NA,NA,NA,NA,1,-6,S,3,0,0,0,0,NA,NA,NA,NA,NA,1,-9,S,17,0,0,0,0,NA,NA,NA,NA,NA,5,23,1,1,S,3,0,0,0,0,NA,NA,NA,NA,NA,1,4,B,0,0,1,0,0,NA,G:C,G:C,NA,NA,1,5,S,3,0,0,0,0,NA,NA,NA,NA,NA
TTYH_BC_089,0.268,2,1,mismatch,81,-6,G,C,S,H,I,0,I,S,S,0,0,0,1,1,NA,NA,NA,C:G,C:G,5,22,8,1,-1,S,2,0,0,0,0,NA,NA,NA,NA,NA,1,-6,S,3,0,0,0,0,NA,NA,NA,NA,NA,1,-9,S,17,0,0,0,0,NA,NA,NA,NA,NA,6,22,1,1,S,3,0,0,0,0,NA,NA,NA,NA,NA,1,4,B,0,0,1,0,0,NA,G:C,G:C,NA,NA,1,5,S,2,0,0,0,0,NA,NA,NA,NA,NA
TTYH_BC_089,0.268,2,1,mismatch,94,7,U,A,I,S,S,1,I,S,S,0,0,0,1,1,NA,NA,NA,C:G,C:G,5,22,8,1,-1,S,2,0,0,0,0,NA,NA,NA,NA,NA,1,-6,S,3,0,0,0,0,NA,NA,NA,NA,NA,1,-9,S,17,0,0,0,0,NA,NA,NA,NA,NA,6,22,1,1,S,3,0,0,0,0,NA,NA,NA,NA,NA,1,4,B,0,0,1,0,0,NA,G:C,G:C,NA,NA,1,5,S,2,0,0,0,0,NA,NA,NA,NA,NA
TTYH_BC_090,0.267,2,1,mismatch,81,-6,G,C,S,H,I,0,I,S,S,0,0,0,1,1,NA,NA,NA,C:G,C:G,5,22,8,1,-1,S,2,0,0,0,0,NA,NA,NA,NA,NA,1,-6,S,3,0,0,0,0,NA,NA,NA,NA,NA,1,-9,S,17,0,0,0,0,NA,NA,NA,NA,NA,6,22,1,1,S,3,0,0,0,0,NA,NA,NA,NA,NA,1,4,B,0,0,1,0,0,NA,G:C,G:C,NA,NA,1,5,S,3,0,0,0,0,NA,NA,NA,NA,NA
TTYH_BC_090,0.267,2,1,mismatch,95,8,U,A,I,S,S,1,I,S,S,0,0,0,1,1,NA,NA,NA,C:G,C:G,5,22,8,1,-1,S,2,0,0,0,0,NA,NA,NA,NA,NA,1,-6,S,3,0,0,0,0,NA,NA,NA,NA,NA,1,-9,S,17,0,0,0,0,NA,NA,NA,NA,NA,6,22,1,1,S,3,0,0,0,0,NA,NA,NA,NA,NA,1,4,B,0,0,1,0,0,NA,G:C,G:C,NA,NA,1,5,S,3,0,0,0,0,NA,NA,NA,NA,NA
TTYH_BC_091,0.3525,2,1,mismatch,82,-5,U,G,I,S,S,1,I,S,S,0,0,0,1,1,NA,NA,NA,C:G,C:G,3,22,8,1,-1,S,2,0,0,0,0,NA,NA,NA,NA,NA,1,-6,S,20,0,0,0,0,NA,NA,NA,NA,NA,1,-26,H,0,8,0,0,0,A:U,NA,NA,NA,NA,4,23,1,1,S,3,0,0,0,0,NA,NA,NA,NA,NA,1,4,B,0,0,1,0,0,NA,G:C,G:C,NA,NA,1,5,S,20,0,0,0,0,NA,NA,NA,NA,NA
TTYH_BC_091,0.3525,2,1,mismatch,83,-4,G,U,I,S,S,1,I,S,S,0,0,0,1,1,NA,NA,NA,C:G,C:G,3,22,8,1,-1,S,2,0,0,0,0,NA,NA,NA,NA,NA,1,-6,S,20,0,0,0,0,NA,NA,NA,NA,NA,1,-26,H,0,8,0,0,0,A:U,NA,NA,NA,NA,4,23,1,1,S,3,0,0,0,0,NA,NA,NA,NA,NA,1,4,B,0,0,1,0,0,NA,G:C,G:C,NA,NA,1,5,S,20,0,0,0,0,NA,NA,NA,NA,NA
TTYH_BC_092,0.2885,2,1,mismatch,82,-5,U,G,S,H,I,0,I,S,S,0,0,0,2,1,NA,NA,NA,C:G,C:G,4,24,8,1,-2,S,4,0,0,0,0,NA,NA,NA,NA,NA,1,-6,S,20,0,0,0,0,NA,NA,NA,NA,NA,1,-26,H,0,8,0,0,0,A:U,NA,NA,NA,NA,4,23,1,1,S,3,0,0,0,0,NA,NA,NA,NA,NA,1,4,B,0,0,1,0,0,NA,G:C,G:C,NA,NA,1,5,S,20,0,0,0,0,NA,NA,NA,NA,NA
TTYH_BC_092,0.2885,2,1,mismatch,84,-3,A,C,S,H,I,0,I,S,S,0,0,0,2,1,NA,NA,NA,C:G,C:G,4,24,8,1,-2,S,4,0,0,0,0,NA,NA,NA,NA,NA,1,-6,S,20,0,0,0,0,NA,NA,NA,NA,NA,1,-26,H,0,8,0,0,0,A:U,NA,NA,NA,NA,4,23,1,1,S,3,0,0,0,0,NA,NA,NA,NA,NA,1,4,B,0,0,1,0,0,NA,G:C,G:C,NA,NA,1,5,S,20,0,0,0,0,NA,NA,NA,NA,NA
TTYH_BC_093,0.0845,2,1,mismatch,82,-5,U,G,S,B,I,0,I,S,S,0,0,0,1,1,NA,NA,NA,C:G,C:G,5,23,8,1,-1,S,3,0,0,0,0,NA,NA,NA,NA,NA,1,-5,S,3,0,0,0,0,NA,NA,NA,NA,NA,1,-8,B,0,0,1,0,0,NA,U:A,G:C,NA,NA,4,23,1,1,S,3,0,0,0,0,NA,NA,NA,NA,NA,1,4,I,0,0,0,1,0,NA,NA,NA,C:G,G:C,1,5,S,20,0,0,0,0,NA,NA,NA,NA,NA
TTYH_BC_093,0.0845,2,1,mismatch,85,-2,C,G,S,I,I,0,I,S,S,0,0,0,1,1,NA,NA,NA,C:G,C:G,5,23,8,1,-1,S,3,0,0,0,0,NA,NA,NA,NA,NA,1,-5,S,3,0,0,0,0,NA,NA,NA,NA,NA,1,-8,B,0,0,1,0,0,NA,U:A,G:C,NA,NA,4,23,1,1,S,3,0,0,0,0,NA,NA,NA,NA,NA,1,4,I,0,0,0,1,0,NA,NA,NA,C:G,G:C,1,5,S,20,0,0,0,0,NA,NA,NA,NA,NA
TTYH_BC_094,0.0625,2,1,mismatch,82,-5,U,G,S,H,I,0,B,S,S,0,0,1,0,0,NA,G:C,G:C,NA,NA,5,24,8,1,-1,S,2,0,0,0,0,NA,NA,NA,NA,NA,1,-4,S,2,0,0,0,0,NA,NA,NA,NA,NA,1,-6,S,20,0,0,0,0,NA,NA,NA,NA,NA,4,23,1,1,S,3,0,0,0,0,NA,NA,NA,NA,NA,1,4,B,0,0,1,0,0,NA,G:C,G:C,NA,NA,1,5,S,20,0,0,0,0,NA,NA,NA,NA,NA
TTYH_BC_094,0.0625,2,1,mismatch,86,-1,C,G,S,I,B,0,B,S,S,0,0,1,0,0,NA,G:C,G:C,NA,NA,5,24,8,1,-1,S,2,0,0,0,0,NA,NA,NA,NA,NA,1,-4,S,2,0,0,0,0,NA,NA,NA,NA,NA,1,-6,S,20,0,0,0,0,NA,NA,NA,NA,NA,4,23,1,1,S,3,0,0,0,0,NA,NA,NA,NA,NA,1,4,B,0,0,1,0,0,NA,G:C,G:C,NA,NA,1,5,S,20,0,0,0,0,NA,NA,NA,NA,NA
TTYH_BC_095,0.0005,2,1,mismatch,82,-5,U,G,S,H,B,0,I,S,S,0,0,0,2,2,NA,NA,NA,C:G,C:G,6,24,8,1,-1,S,2,0,0,0,0,NA,NA,NA,NA,NA,1,-3,B,0,0,1,0,0,NA,G:C,C:G,NA,NA,1,-4,S,2,0,0,0,0,NA,NA,NA,NA,NA,4,22,1,2,S,2,0,0,0,0,NA,NA,NA,NA,NA,1,4,B,0,0,1,0,0,NA,G:C,G:C,NA,NA,1,5,S,20,0,0,0,0,NA,NA,NA,NA,NA
TTYH_BC_095,0.0005,2,1,mismatch,88,1,G,C,I,S,S,1,I,S,S,0,0,0,2,2,NA,NA,NA,C:G,C:G,6,24,8,1,-1,S,2,0,0,0,0,NA,NA,NA,NA,NA,1,-3,B,0,0,1,0,0,NA,G:C,C:G,NA,NA,1,-4,S,2,0,0,0,0,NA,NA,NA,NA,NA,4,22,1,2,S,2,0,0,0,0,NA,NA,NA,NA,NA,1,4,B,0,0,1,0,0,NA,G:C,G:C,NA,NA,1,5,S,20,0,0,0,0,NA,NA,NA,NA,NA
TTYH_BC_096,0.2065,2,1,mismatch,82,-5,U,G,B,S,S,0,S,B,I,4,0,0,0,0,NA,NA,NA,NA,NA,3,20,8,1,-2,B,0,0,4,0,0,NA,G:C,C:G,NA,NA,1,-6,S,20,0,0,0,0,NA,NA,NA,NA,NA,1,-26,H,0,8,0,0,0,A:U,NA,NA,NA,NA,3,20,1,3,I,0,0,0,2,5,NA,NA,NA,C:G,C:G,1,5,S,20,0,0,0,0,NA,NA,NA,NA,NA,1,25,E,0,0,0,0,0,NA,NA,NA,NA,NA
TTYH_BC_096,0.2065,2,1,mismatch,89,2,G,C,S,B,I,1,S,B,I,4,0,0,0,0,NA,NA,NA,NA,NA,3,20,8,1,-2,B,0,0,4,0,0,NA,G:C,C:G,NA,NA,1,-6,S,20,0,0,0,0,NA,NA,NA,NA,NA,1,-26,H,0,8,0,0,0,A:U,NA,NA,NA,NA,3,20,1,3,I,0,0,0,2,5,NA,NA,NA,C:G,C:G,1,5,S,20,0,0,0,0,NA,NA,NA,NA,NA,1,25,E,0,0,0,0,0,NA,NA,NA,NA,NA
TTYH_BC_097,0.1745,2,1,mismatch,82,-5,U,G,S,H,B,0,B,S,S,0,0,1,0,0,NA,C:G,G:C,NA,NA,6,24,8,1,-1,S,2,0,0,0,0,NA,NA,NA,NA,NA,1,-3,B,0,0,1,0,0,NA,G:C,C:G,NA,NA,1,-4,S,2,0,0,0,0,NA,NA,NA,NA,NA,4,22,1,1,S,2,0,0,0,0,NA,NA,NA,NA,NA,1,3,I,0,0,0,2,0,NA,NA,NA,C:G,G:C,1,5,S,20,0,0,0,0,NA,NA,NA,NA,NA
TTYH_BC_097,0.1745,2,1,mismatch,90,3,G,C,I,S,S,0,B,S,S,0,0,1,0,0,NA,C:G,G:C,NA,NA,6,24,8,1,-1,S,2,0,0,0,0,NA,NA,NA,NA,NA,1,-3,B,0,0,1,0,0,NA,G:C,C:G,NA,NA,1,-4,S,2,0,0,0,0,NA,NA,NA,NA,NA,4,22,1,1,S,2,0,0,0,0,NA,NA,NA,NA,NA,1,3,I,0,0,0,2,0,NA,NA,NA,C:G,G:C,1,5,S,20,0,0,0,0,NA,NA,NA,NA,NA
TTYH_BC_098,0.272,2,1,mismatch,82,-5,U,G,S,H,B,0,B,S,S,0,0,1,0,0,NA,C:G,G:C,NA,NA,6,24,8,1,-1,S,2,0,0,0,0,NA,NA,NA,NA,NA,1,-3,B,0,0,1,0,0,NA,G:C,C:G,NA,NA,1,-4,S,2,0,0,0,0,NA,NA,NA,NA,NA,2,24,1,1,S,24,0,0,0,0,NA,NA,NA,NA,NA,1,25,E,0,0,0,0,0,NA,NA,NA,NA,NA,0,0,NA,0,0,0,0,0,NA,NA,NA,NA,NA
TTYH_BC_098,0.272,2,1,mismatch,91,4,C,G,S,B,E,0,B,S,S,0,0,1,0,0,NA,C:G,G:C,NA,NA,6,24,8,1,-1,S,2,0,0,0,0,NA,NA,NA,NA,NA,1,-3,B,0,0,1,0,0,NA,G:C,C:G,NA,NA,1,-4,S,2,0,0,0,0,NA,NA,NA,NA,NA,2,24,1,1,S,24,0,0,0,0,NA,NA,NA,NA,NA,1,25,E,0,0,0,0,0,NA,NA,NA,NA,NA,0,0,NA,0,0,0,0,0,NA,NA,NA,NA,NA
TTYH_BC_099,0.209,2,1,mismatch,82,-5,U,G,S,H,B,0,B,S,S,0,0,1,0,0,NA,C:G,G:C,NA,NA,6,24,8,1,-1,S,2,0,0,0,0,NA,NA,NA,NA,NA,1,-3,B,0,0,1,0,0,NA,G:C,C:G,NA,NA,1,-4,S,2,0,0,0,0,NA,NA,NA,NA,NA,4,22,1,1,S,3,0,0,0,0,NA,NA,NA,NA,NA,1,4,I,0,0,0,2,0,NA,NA,NA,G:C,G:C,1,6,S,19,0,0,0,0,NA,NA,NA,NA,NA
TTYH_BC_099,0.209,2,1,mismatch,92,5,G,C,I,S,S,0,B,S,S,0,0,1,0,0,NA,C:G,G:C,NA,NA,6,24,8,1,-1,S,2,0,0,0,0,NA,NA,NA,NA,NA,1,-3,B,0,0,1,0,0,NA,G:C,C:G,NA,NA,1,-4,S,2,0,0,0,0,NA,NA,NA,NA,NA,4,22,1,1,S,3,0,0,0,0,NA,NA,NA,NA,NA,1,4,I,0,0,0,2,0,NA,NA,NA,G:C,G:C,1,6,S,19,0,0,0,0,NA,NA,NA,NA,NA
TTYH_BC_100,,2,1,mismatch,82,-5,U,G,S,H,B,0,B,S,S,0,0,1,0,0,NA,C:G,G:C,NA,NA,7,24,8,1,-1,S,2,0,0,0,0,NA,NA,NA,NA,NA,1,-3,B,0,0,1,0,0,NA,G:C,C:G,NA,NA,1,-4,S,2,0,0,0,0,NA,NA,NA,NA,NA,5,23,1,1,S,3,0,0,0,0,NA,NA,NA,NA,NA,1,4,B,0,0,1,0,0,NA,G:C,G:C,NA,NA,1,5,S,3,0,0,0,0,NA,NA,NA,NA,NA
TTYH_BC_100,,2,1,mismatch,93,6,C,G,S,B,E,0,B,S,S,0,0,1,0,0,NA,C:G,G:C,NA,NA,7,24,8,1,-1,S,2,0,0,0,0,NA,NA,NA,NA,NA,1,-3,B,0,0,1,0,0,NA,G:C,C:G,NA,NA,1,-4,S,2,0,0,0,0,NA,NA,NA,NA,NA,5,23,1,1,S,3,0,0,0,0,NA,NA,NA,NA,NA,1,4,B,0,0,1,0,0,NA,G:C,G:C,NA,NA,1,5,S,3,0,0,0,0,NA,NA,NA,NA,NA
TTYH_BC_101,0.4405,2,1,mismatch,82,-5,U,G,S,H,B,0,I,S,S,0,0,0,1,1,NA,NA,NA,C:G,C:G,6,24,8,1,-1,S,2,0,0,0,0,NA,NA,NA,NA,NA,1,-3,B,0,0,1,0,0,NA,G:C,C:G,NA,NA,1,-4,S,2,0,0,0,0,NA,NA,NA,NA,NA,6,22,1,1,S,3,0,0,0,0,NA,NA,NA,NA,NA,1,4,B,0,0,1,0,0,NA,G:C,G:C,NA,NA,1,5,S,2,0,0,0,0,NA,NA,NA,NA,NA
TTYH_BC_101,0.4405,2,1,mismatch,94,7,U,A,I,S,S,1,I,S,S,0,0,0,1,1,NA,NA,NA,C:G,C:G,6,24,8,1,-1,S,2,0,0,0,0,NA,NA,NA,NA,NA,1,-3,B,0,0,1,0,0,NA,G:C,C:G,NA,NA,1,-4,S,2,0,0,0,0,NA,NA,NA,NA,NA,6,22,1,1,S,3,0,0,0,0,NA,NA,NA,NA,NA,1,4,B,0,0,1,0,0,NA,G:C,G:C,NA,NA,1,5,S,2,0,0,0,0,NA,NA,NA,NA,NA
TTYH_BC_102,0.3265,2,1,mismatch,82,-5,U,G,S,H,B,0,I,S,S,0,0,0,1,1,NA,NA,NA,C:G,C:G,6,24,8,1,-1,S,2,0,0,0,0,NA,NA,NA,NA,NA,1,-3,B,0,0,1,0,0,NA,G:C,C:G,NA,NA,1,-4,S,2,0,0,0,0,NA,NA,NA,NA,NA,6,22,1,1,S,3,0,0,0,0,NA,NA,NA,NA,NA,1,4,B,0,0,1,0,0,NA,G:C,G:C,NA,NA,1,5,S,3,0,0,0,0,NA,NA,NA,NA,NA
TTYH_BC_102,0.3265,2,1,mismatch,95,8,U,A,I,S,S,1,I,S,S,0,0,0,1,1,NA,NA,NA,C:G,C:G,6,24,8,1,-1,S,2,0,0,0,0,NA,NA,NA,NA,NA,1,-3,B,0,0,1,0,0,NA,G:C,C:G,NA,NA,1,-4,S,2,0,0,0,0,NA,NA,NA,NA,NA,6,22,1,1,S,3,0,0,0,0,NA,NA,NA,NA,NA,1,4,B,0,0,1,0,0,NA,G:C,G:C,NA,NA,1,5,S,3,0,0,0,0,NA,NA,NA,NA,NA
TTYH_BC_103,0.5645,2,1,mismatch,83,-4,G,U,I,S,S,1,I,S,S,0,0,0,1,1,NA,NA,NA,C:G,C:G,3,23,8,1,-1,S,2,0,0,0,0,NA,NA,NA,NA,NA,1,-5,S,21,0,0,0,0,NA,NA,NA,NA,NA,1,-26,H,0,8,0,0,0,A:U,NA,NA,NA,NA,4,23,1,1,S,3,0,0,0,0,NA,NA,NA,NA,NA,1,4,B,0,0,1,0,0,NA,G:C,G:C,NA,NA,1,5,S,20,0,0,0,0,NA,NA,NA,NA,NA
TTYH_BC_103,0.5645,2,1,mismatch,84,-3,A,C,I,S,S,1,I,S,S,0,0,0,1,1,NA,NA,NA,C:G,C:G,3,23,8,1,-1,S,2,0,0,0,0,NA,NA,NA,NA,NA,1,-5,S,21,0,0,0,0,NA,NA,NA,NA,NA,1,-26,H,0,8,0,0,0,A:U,NA,NA,NA,NA,4,23,1,1,S,3,0,0,0,0,NA,NA,NA,NA,NA,1,4,B,0,0,1,0,0,NA,G:C,G:C,NA,NA,1,5,S,20,0,0,0,0,NA,NA,NA,NA,NA
TTYH_BC_104,0.094,2,1,mismatch,83,-4,G,U,S,B,I,0,I,S,S,0,0,0,1,1,NA,NA,NA,C:G,C:G,4,24,8,1,-1,S,4,0,0,0,0,NA,NA,NA,NA,NA,1,-5,B,0,0,1,0,0,NA,G:C,U:G,NA,NA,1,-6,S,20,0,0,0,0,NA,NA,NA,NA,NA,4,23,1,1,S,3,0,0,0,0,NA,NA,NA,NA,NA,1,4,I,0,0,0,1,0,NA,NA,NA,C:G,G:C,1,5,S,20,0,0,0,0,NA,NA,NA,NA,NA
TTYH_BC_104,0.094,2,1,mismatch,85,-2,C,G,S,B,I,0,I,S,S,0,0,0,1,1,NA,NA,NA,C:G,C:G,4,24,8,1,-1,S,4,0,0,0,0,NA,NA,NA,NA,NA,1,-5,B,0,0,1,0,0,NA,G:C,U:G,NA,NA,1,-6,S,20,0,0,0,0,NA,NA,NA,NA,NA,4,23,1,1,S,3,0,0,0,0,NA,NA,NA,NA,NA,1,4,I,0,0,0,1,0,NA,NA,NA,C:G,G:C,1,5,S,20,0,0,0,0,NA,NA,NA,NA,NA
TTYH_BC_105,0.182,2,1,mismatch,83,-4,G,U,I,S,S,0,B,S,S,0,0,1,0,0,NA,G:C,G:C,NA,NA,3,23,8,1,-1,S,2,0,0,0,0,NA,NA,NA,NA,NA,1,-5,S,21,0,0,0,0,NA,NA,NA,NA,NA,1,-26,H,0,8,0,0,0,A:U,NA,NA,NA,NA,4,23,1,1,S,3,0,0,0,0,NA,NA,NA,NA,NA,1,4,B,0,0,1,0,0,NA,G:C,G:C,NA,NA,1,5,S,20,0,0,0,0,NA,NA,NA,NA,NA
TTYH_BC_105,0.182,2,1,mismatch,86,-1,C,G,S,I,B,0,B,S,S,0,0,1,0,0,NA,G:C,G:C,NA,NA,3,23,8,1,-1,S,2,0,0,0,0,NA,NA,NA,NA,NA,1,-5,S,21,0,0,0,0,NA,NA,NA,NA,NA,1,-26,H,0,8,0,0,0,A:U,NA,NA,NA,NA,4,23,1,1,S,3,0,0,0,0,NA,NA,NA,NA,NA,1,4,B,0,0,1,0,0,NA,G:C,G:C,NA,NA,1,5,S,20,0,0,0,0,NA,NA,NA,NA,NA
TTYH_BC_106,0.004,2,1,mismatch,83,-4,G,U,I,S,S,1,I,S,S,0,0,0,2,2,NA,NA,NA,C:G,C:G,3,23,8,1,-1,S,2,0,0,0,0,NA,NA,NA,NA,NA,1,-5,S,21,0,0,0,0,NA,NA,NA,NA,NA,1,-26,H,0,8,0,0,0,A:U,NA,NA,NA,NA,4,22,1,2,S,2,0,0,0,0,NA,NA,NA,NA,NA,1,4,B,0,0,1,0,0,NA,G:C,G:C,NA,NA,1,5,S,20,0,0,0,0,NA,NA,NA,NA,NA
TTYH_BC_106,0.004,2,1,mismatch,88,1,G,C,I,S,S,1,I,S,S,0,0,0,2,2,NA,NA,NA,C:G,C:G,3,23,8,1,-1,S,2,0,0,0,0,NA,NA,NA,NA,NA,1,-5,S,21,0,0,0,0,NA,NA,NA,NA,NA,1,-26,H,0,8,0,0,0,A:U,NA,NA,NA,NA,4,22,1,2,S,2,0,0,0,0,NA,NA,NA,NA,NA,1,4,B,0,0,1,0,0,NA,G:C,G:C,NA,NA,1,5,S,20,0,0,0,0,NA,NA,NA,NA,NA
TTYH_BC_107,0.2885,2,1,mismatch,83,-4,G,U,B,S,S,0,S,B,I,4,0,0,0,0,NA,NA,NA,NA,NA,3,20,8,1,-2,B,0,0,4,0,0,NA,G:C,C:G,NA,NA,1,-6,S,20,0,0,0,0,NA,NA,NA,NA,NA,1,-26,H,0,8,0,0,0,A:U,NA,NA,NA,NA,3,20,1,3,I,0,0,0,2,5,NA,NA,NA,C:G,C:G,1,5,S,20,0,0,0,0,NA,NA,NA,NA,NA,1,25,E,0,0,0,0,0,NA,NA,NA,NA,NA
TTYH_BC_107,0.2885,2,1,mismatch,89,2,G,C,S,B,I,1,S,B,I,4,0,0,0,0,NA,NA,NA,NA,NA,3,20,8,1,-2,B,0,0,4,0,0,NA,G:C,C:G,NA,NA,1,-6,S,20,0,0,0,0,NA,NA,NA,NA,NA,1,-26,H,0,8,0,0,0,A:U,NA,NA,NA,NA,3,20,1,3,I,0,0,0,2,5,NA,NA,NA,C:G,C:G,1,5,S,20,0,0,0,0,NA,NA,NA,NA,NA,1,25,E,0,0,0,0,0,NA,NA,NA,NA,NA
TTYH_BC_108,0.1675,2,1,mismatch,83,-4,G,U,I,S,S,0,B,S,S,0,0,1,0,0,NA,C:G,G:C,NA,NA,3,23,8,1,-1,S,2,0,0,0,0,NA,NA,NA,NA,NA,1,-5,S,21,0,0,0,0,NA,NA,NA,NA,NA,1,-26,H,0,8,0,0,0,A:U,NA,NA,NA,NA,4,22,1,1,S,2,0,0,0,0,NA,NA,NA,NA,NA,1,3,I,0,0,0,2,0,NA,NA,NA,C:G,G:C,1,5,S,20,0,0,0,0,NA,NA,NA,NA,NA
TTYH_BC_108,0.1675,2,1,mismatch,90,3,G,C,I,S,S,0,B,S,S,0,0,1,0,0,NA,C:G,G:C,NA,NA,3,23,8,1,-1,S,2,0,0,0,0,NA,NA,NA,NA,NA,1,-5,S,21,0,0,0,0,NA,NA,NA,NA,NA,1,-26,H,0,8,0,0,0,A:U,NA,NA,NA,NA,4,22,1,1,S,2,0,0,0,0,NA,NA,NA,NA,NA,1,3,I,0,0,0,2,0,NA,NA,NA,C:G,G:C,1,5,S,20,0,0,0,0,NA,NA,NA,NA,NA
TTYH_BC_109,0.2525,2,1,mismatch,83,-4,G,U,I,S,S,0,B,S,S,0,0,1,0,0,NA,C:G,G:C,NA,NA,3,23,8,1,-1,S,2,0,0,0,0,NA,NA,NA,NA,NA,1,-5,S,21,0,0,0,0,NA,NA,NA,NA,NA,1,-26,H,0,8,0,0,0,A:U,NA,NA,NA,NA,2,24,1,1,S,24,0,0,0,0,NA,NA,NA,NA,NA,1,25,E,0,0,0,0,0,NA,NA,NA,NA,NA,0,0,NA,0,0,0,0,0,NA,NA,NA,NA,NA
TTYH_BC_109,0.2525,2,1,mismatch,91,4,C,G,S,B,E,0,B,S,S,0,0,1,0,0,NA,C:G,G:C,NA,NA,3,23,8,1,-1,S,2,0,0,0,0,NA,NA,NA,NA,NA,1,-5,S,21,0,0,0,0,NA,NA,NA,NA,NA,1,-26,H,0,8,0,0,0,A:U,NA,NA,NA,NA,2,24,1,1,S,24,0,0,0,0,NA,NA,NA,NA,NA,1,25,E,0,0,0,0,0,NA,NA,NA,NA,NA,0,0,NA,0,0,0,0,0,NA,NA,NA,NA,NA
TTYH_BC_110,0.121,2,1,mismatch,83,-4,G,U,I,S,S,0,B,S,S,0,0,1,0,0,NA,C:G,G:C,NA,NA,3,23,8,1,-1,S,2,0,0,0,0,NA,NA,NA,NA,NA,1,-5,S,21,0,0,0,0,NA,NA,NA,NA,NA,1,-26,H,0,8,0,0,0,A:U,NA,NA,NA,NA,4,22,1,1,S,3,0,0,0,0,NA,NA,NA,NA,NA,1,4,I,0,0,0,2,0,NA,NA,NA,G:C,G:C,1,6,S,19,0,0,0,0,NA,NA,NA,NA,NA
TTYH_BC_110,0.121,2,1,mismatch,92,5,G,C,I,S,S,0,B,S,S,0,0,1,0,0,NA,C:G,G:C,NA,NA,3,23,8,1,-1,S,2,0,0,0,0,NA,NA,NA,NA,NA,1,-5,S,21,0,0,0,0,NA,NA,NA,NA,NA,1,-26,H,0,8,0,0,0,A:U,NA,NA,NA,NA,4,22,1,1,S,3,0,0,0,0,NA,NA,NA,NA,NA,1,4,I,0,0,0,2,0,NA,NA,NA,G:C,G:C,1,6,S,19,0,0,0,0,NA,NA,NA,NA,NA
TTYH_BC_111,0.2775,2,1,mismatch,83,-4,G,U,I,S,S,0,B,S,S,0,0,1,0,0,NA,C:G,G:C,NA,NA,4,23,8,1,-1,S,2,0,0,0,0,NA,NA,NA,NA,NA,1,-5,S,21,0,0,0,0,NA,NA,NA,NA,NA,1,-26,H,0,8,0,0,0,A:U,NA,NA,NA,NA,5,23,1,1,S,3,0,0,0,0,NA,NA,NA,NA,NA,1,4,B,0,0,1,0,0,NA,G:C,G:C,NA,NA,1,5,S,3,0,0,0,0,NA,NA,NA,NA,NA
TTYH_BC_111,0.2775,2,1,mismatch,93,6,C,G,S,B,E,0,B,S,S,0,0,1,0,0,NA,C:G,G:C,NA,NA,4,23,8,1,-1,S,2,0,0,0,0,NA,NA,NA,NA,NA,1,-5,S,21,0,0,0,0,NA,NA,NA,NA,NA,1,-26,H,0,8,0,0,0,A:U,NA,NA,NA,NA,5,23,1,1,S,3,0,0,0,0,NA,NA,NA,NA,NA,1,4,B,0,0,1,0,0,NA,G:C,G:C,NA,NA,1,5,S,3,0,0,0,0,NA,NA,NA,NA,NA
TTYH_BC_112,0.445,2,1,mismatch,83,-4,G,U,I,S,S,1,I,S,S,0,0,0,1,1,NA,NA,NA,C:G,C:G,3,23,8,1,-1,S,2,0,0,0,0,NA,NA,NA,NA,NA,1,-5,S,21,0,0,0,0,NA,NA,NA,NA,NA,1,-26,H,0,8,0,0,0,A:U,NA,NA,NA,NA,6,22,1,1,S,3,0,0,0,0,NA,NA,NA,NA,NA,1,4,B,0,0,1,0,0,NA,G:C,G:C,NA,NA,1,5,S,2,0,0,0,0,NA,NA,NA,NA,NA
TTYH_BC_112,0.445,2,1,mismatch,94,7,U,A,I,S,S,1,I,S,S,0,0,0,1,1,NA,NA,NA,C:G,C:G,3,23,8,1,-1,S,2,0,0,0,0,NA,NA,NA,NA,NA,1,-5,S,21,0,0,0,0,NA,NA,NA,NA,NA,1,-26,H,0,8,0,0,0,A:U,NA,NA,NA,NA,6,22,1,1,S,3,0,0,0,0,NA,NA,NA,NA,NA,1,4,B,0,0,1,0,0,NA,G:C,G:C,NA,NA,1,5,S,2,0,0,0,0,NA,NA,NA,NA,NA
TTYH_BC_113,0.453,2,1,mismatch,83,-4,G,U,I,S,S,1,I,S,S,0,0,0,1,1,NA,NA,NA,C:G,C:G,3,23,8,1,-1,S,2,0,0,0,0,NA,NA,NA,NA,NA,1,-5,S,21,0,0,0,0,NA,NA,NA,NA,NA,1,-26,H,0,8,0,0,0,A:U,NA,NA,NA,NA,6,22,1,1,S,3,0,0,0,0,NA,NA,NA,NA,NA,1,4,B,0,0,1,0,0,NA,G:C,G:C,NA,NA,1,5,S,3,0,0,0,0,NA,NA,NA,NA,NA
TTYH_BC_113,0.453,2,1,mismatch,95,8,U,A,I,S,S,1,I,S,S,0,0,0,1,1,NA,NA,NA,C:G,C:G,3,23,8,1,-1,S,2,0,0,0,0,NA,NA,NA,NA,NA,1,-5,S,21,0,0,0,0,NA,NA,NA,NA,NA,1,-26,H,0,8,0,0,0,A:U,NA,NA,NA,NA,6,22,1,1,S,3,0,0,0,0,NA,NA,NA,NA,NA,1,4,B,0,0,1,0,0,NA,G:C,G:C,NA,NA,1,5,S,3,0,0,0,0,NA,NA,NA,NA,NA
TTYH_BC_114,0.051,2,1,mismatch,84,-3,A,C,B,S,S,0,I,S,S,0,0,0,1,1,NA,NA,NA,C:G,C:G,4,24,8,1,-1,S,2,0,0,0,0,NA,NA,NA,NA,NA,1,-3,B,0,0,1,0,0,NA,G:U,G:C,NA,NA,1,-4,S,22,0,0,0,0,NA,NA,NA,NA,NA,4,23,1,1,S,3,0,0,0,0,NA,NA,NA,NA,NA,1,4,I,0,0,0,1,0,NA,NA,NA,C:G,G:C,1,5,S,20,0,0,0,0,NA,NA,NA,NA,NA
TTYH_BC_114,0.051,2,1,mismatch,85,-2,C,G,S,B,I,0,I,S,S,0,0,0,1,1,NA,NA,NA,C:G,C:G,4,24,8,1,-1,S,2,0,0,0,0,NA,NA,NA,NA,NA,1,-3,B,0,0,1,0,0,NA,G:U,G:C,NA,NA,1,-4,S,22,0,0,0,0,NA,NA,NA,NA,NA,4,23,1,1,S,3,0,0,0,0,NA,NA,NA,NA,NA,1,4,I,0,0,0,1,0,NA,NA,NA,C:G,G:C,1,5,S,20,0,0,0,0,NA,NA,NA,NA,NA
TTYH_BC_115,0.2005,2,1,mismatch,84,-3,A,C,S,H,B,0,B,S,S,0,0,1,0,0,NA,G:C,G:C,NA,NA,4,25,8,1,-1,S,4,0,0,0,0,NA,NA,NA,NA,NA,1,-5,S,21,0,0,0,0,NA,NA,NA,NA,NA,1,-26,H,0,8,0,0,0,A:U,NA,NA,NA,NA,4,23,1,1,S,3,0,0,0,0,NA,NA,NA,NA,NA,1,4,B,0,0,1,0,0,NA,G:C,G:C,NA,NA,1,5,S,20,0,0,0,0,NA,NA,NA,NA,NA
TTYH_BC_115,0.2005,2,1,mismatch,86,-1,C,G,S,H,B,0,B,S,S,0,0,1,0,0,NA,G:C,G:C,NA,NA,4,25,8,1,-1,S,4,0,0,0,0,NA,NA,NA,NA,NA,1,-5,S,21,0,0,0,0,NA,NA,NA,NA,NA,1,-26,H,0,8,0,0,0,A:U,NA,NA,NA,NA,4,23,1,1,S,3,0,0,0,0,NA,NA,NA,NA,NA,1,4,B,0,0,1,0,0,NA,G:C,G:C,NA,NA,1,5,S,20,0,0,0,0,NA,NA,NA,NA,NA
TTYH_BC_116,0.007,2,1,mismatch,84,-3,A,C,S,H,I,0,I,S,S,0,0,0,3,1,NA,NA,NA,C:G,C:G,4,24,8,1,-2,S,3,0,0,0,0,NA,NA,NA,NA,NA,1,-5,S,21,0,0,0,0,NA,NA,NA,NA,NA,1,-26,H,0,8,0,0,0,A:U,NA,NA,NA,NA,4,22,1,2,S,2,0,0,0,0,NA,NA,NA,NA,NA,1,4,I,0,0,0,1,0,NA,NA,NA,C:G,G:C,1,5,S,20,0,0,0,0,NA,NA,NA,NA,NA
TTYH_BC_116,0.007,2,1,mismatch,88,1,G,C,I,S,S,1,I,S,S,0,0,0,3,1,NA,NA,NA,C:G,C:G,4,24,8,1,-2,S,3,0,0,0,0,NA,NA,NA,NA,NA,1,-5,S,21,0,0,0,0,NA,NA,NA,NA,NA,1,-26,H,0,8,0,0,0,A:U,NA,NA,NA,NA,4,22,1,2,S,2,0,0,0,0,NA,NA,NA,NA,NA,1,4,I,0,0,0,1,0,NA,NA,NA,C:G,G:C,1,5,S,20,0,0,0,0,NA,NA,NA,NA,NA
TTYH_BC_117,0.203,2,1,mismatch,84,-3,A,C,S,H,I,0,I,S,S,0,0,0,6,4,NA,NA,NA,C:G,C:G,4,24,8,1,-2,S,3,0,0,0,0,NA,NA,NA,NA,NA,1,-5,S,21,0,0,0,0,NA,NA,NA,NA,NA,1,-26,H,0,8,0,0,0,A:U,NA,NA,NA,NA,2,20,1,5,S,20,0,0,0,0,NA,NA,NA,NA,NA,1,25,E,0,0,0,0,0,NA,NA,NA,NA,NA,0,0,NA,0,0,0,0,0,NA,NA,NA,NA,NA
TTYH_BC_117,0.203,2,1,mismatch,89,2,G,C,I,S,S,1,I,S,S,0,0,0,6,4,NA,NA,NA,C:G,C:G,4,24,8,1,-2,S,3,0,0,0,0,NA,NA,NA,NA,NA,1,-5,S,21,0,0,0,0,NA,NA,NA,NA,NA,1,-26,H,0,8,0,0,0,A:U,NA,NA,NA,NA,2,20,1,5,S,20,0,0,0,0,NA,NA,NA,NA,NA,1,25,E,0,0,0,0,0,NA,NA,NA,NA,NA,0,0,NA,0,0,0,0,0,NA,NA,NA,NA,NA
TTYH_BC_118,0.1305,2,1,mismatch,84,-3,A,C,S,H,B,0,B,S,S,0,0,2,0,0,NA,C:G,G:C,NA,NA,4,24,8,1,-2,S,3,0,0,0,0,NA,NA,NA,NA,NA,1,-5,S,21,0,0,0,0,NA,NA,NA,NA,NA,1,-26,H,0,8,0,0,0,A:U,NA,NA,NA,NA,4,22,1,1,S,2,0,0,0,0,NA,NA,NA,NA,NA,1,3,I,0,0,0,2,0,NA,NA,NA,C:G,G:C,1,5,S,20,0,0,0,0,NA,NA,NA,NA,NA
TTYH_BC_118,0.1305,2,1,mismatch,90,3,G,C,I,S,S,0,B,S,S,0,0,2,0,0,NA,C:G,G:C,NA,NA,4,24,8,1,-2,S,3,0,0,0,0,NA,NA,NA,NA,NA,1,-5,S,21,0,0,0,0,NA,NA,NA,NA,NA,1,-26,H,0,8,0,0,0,A:U,NA,NA,NA,NA,4,22,1,1,S,2,0,0,0,0,NA,NA,NA,NA,NA,1,3,I,0,0,0,2,0,NA,NA,NA,C:G,G:C,1,5,S,20,0,0,0,0,NA,NA,NA,NA,NA
TTYH_BC_119,0.229,2,1,mismatch,84,-3,A,C,S,H,B,0,B,S,S,0,0,2,0,0,NA,C:G,G:C,NA,NA,4,24,8,1,-2,S,3,0,0,0,0,NA,NA,NA,NA,NA,1,-5,S,21,0,0,0,0,NA,NA,NA,NA,NA,1,-26,H,0,8,0,0,0,A:U,NA,NA,NA,NA,2,24,1,1,S,24,0,0,0,0,NA,NA,NA,NA,NA,1,25,E,0,0,0,0,0,NA,NA,NA,NA,NA,0,0,NA,0,0,0,0,0,NA,NA,NA,NA,NA
TTYH_BC_119,0.229,2,1,mismatch,91,4,C,G,S,B,E,0,B,S,S,0,0,2,0,0,NA,C:G,G:C,NA,NA,4,24,8,1,-2,S,3,0,0,0,0,NA,NA,NA,NA,NA,1,-5,S,21,0,0,0,0,NA,NA,NA,NA,NA,1,-26,H,0,8,0,0,0,A:U,NA,NA,NA,NA,2,24,1,1,S,24,0,0,0,0,NA,NA,NA,NA,NA,1,25,E,0,0,0,0,0,NA,NA,NA,NA,NA,0,0,NA,0,0,0,0,0,NA,NA,NA,NA,NA
TTYH_BC_120,0.1145,2,1,mismatch,84,-3,A,C,S,H,I,0,I,S,S,0,0,0,2,2,NA,NA,NA,C:G,C:G,4,24,8,1,-2,S,3,0,0,0,0,NA,NA,NA,NA,NA,1,-5,S,21,0,0,0,0,NA,NA,NA,NA,NA,1,-26,H,0,8,0,0,0,A:U,NA,NA,NA,NA,4,22,1,1,S,4,0,0,0,0,NA,NA,NA,NA,NA,1,5,B,0,0,2,0,0,NA,C:G,U:A,NA,NA,1,7,S,18,0,0,0,0,NA,NA,NA,NA,NA
TTYH_BC_120,0.1145,2,1,mismatch,92,5,G,C,B,S,S,0,I,S,S,0,0,0,2,2,NA,NA,NA,C:G,C:G,4,24,8,1,-2,S,3,0,0,0,0,NA,NA,NA,NA,NA,1,-5,S,21,0,0,0,0,NA,NA,NA,NA,NA,1,-26,H,0,8,0,0,0,A:U,NA,NA,NA,NA,4,22,1,1,S,4,0,0,0,0,NA,NA,NA,NA,NA,1,5,B,0,0,2,0,0,NA,C:G,U:A,NA,NA,1,7,S,18,0,0,0,0,NA,NA,NA,NA,NA
TTYH_BC_121,0.233,2,1,mismatch,84,-3,A,C,S,H,B,0,B,S,S,0,0,2,0,0,NA,C:G,G:C,NA,NA,5,24,8,1,-2,S,3,0,0,0,0,NA,NA,NA,NA,NA,1,-5,S,21,0,0,0,0,NA,NA,NA,NA,NA,1,-26,H,0,8,0,0,0,A:U,NA,NA,NA,NA,5,23,1,1,S,3,0,0,0,0,NA,NA,NA,NA,NA,1,4,B,0,0,1,0,0,NA,G:C,G:C,NA,NA,1,5,S,3,0,0,0,0,NA,NA,NA,NA,NA
TTYH_BC_121,0.233,2,1,mismatch,93,6,C,G,S,B,E,0,B,S,S,0,0,2,0,0,NA,C:G,G:C,NA,NA,5,24,8,1,-2,S,3,0,0,0,0,NA,NA,NA,NA,NA,1,-5,S,21,0,0,0,0,NA,NA,NA,NA,NA,1,-26,H,0,8,0,0,0,A:U,NA,NA,NA,NA,5,23,1,1,S,3,0,0,0,0,NA,NA,NA,NA,NA,1,4,B,0,0,1,0,0,NA,G:C,G:C,NA,NA,1,5,S,3,0,0,0,0,NA,NA,NA,NA,NA
TTYH_BC_122,0.4365,2,1,mismatch,84,-3,A,C,S,H,I,0,I,S,S,0,0,0,2,1,NA,NA,NA,C:G,C:G,4,24,8,1,-2,S,3,0,0,0,0,NA,NA,NA,NA,NA,1,-5,S,21,0,0,0,0,NA,NA,NA,NA,NA,1,-26,H,0,8,0,0,0,A:U,NA,NA,NA,NA,6,22,1,1,S,3,0,0,0,0,NA,NA,NA,NA,NA,1,4,B,0,0,1,0,0,NA,G:C,G:C,NA,NA,1,5,S,2,0,0,0,0,NA,NA,NA,NA,NA
TTYH_BC_122,0.4365,2,1,mismatch,94,7,U,A,I,S,S,1,I,S,S,0,0,0,2,1,NA,NA,NA,C:G,C:G,4,24,8,1,-2,S,3,0,0,0,0,NA,NA,NA,NA,NA,1,-5,S,21,0,0,0,0,NA,NA,NA,NA,NA,1,-26,H,0,8,0,0,0,A:U,NA,NA,NA,NA,6,22,1,1,S,3,0,0,0,0,NA,NA,NA,NA,NA,1,4,B,0,0,1,0,0,NA,G:C,G:C,NA,NA,1,5,S,2,0,0,0,0,NA,NA,NA,NA,NA
TTYH_BC_123,0.395,2,1,mismatch,84,-3,A,C,S,H,I,0,I,S,S,0,0,0,2,1,NA,NA,NA,C:G,C:G,4,24,8,1,-2,S,3,0,0,0,0,NA,NA,NA,NA,NA,1,-5,S,21,0,0,0,0,NA,NA,NA,NA,NA,1,-26,H,0,8,0,0,0,A:U,NA,NA,NA,NA,6,22,1,1,S,3,0,0,0,0,NA,NA,NA,NA,NA,1,4,B,0,0,1,0,0,NA,G:C,G:C,NA,NA,1,5,S,3,0,0,0,0,NA,NA,NA,NA,NA
TTYH_BC_123,0.395,2,1,mismatch,95,8,U,A,I,S,S,1,I,S,S,0,0,0,2,1,NA,NA,NA,C:G,C:G,4,24,8,1,-2,S,3,0,0,0,0,NA,NA,NA,NA,NA,1,-5,S,21,0,0,0,0,NA,NA,NA,NA,NA,1,-26,H,0,8,0,0,0,A:U,NA,NA,NA,NA,6,22,1,1,S,3,0,0,0,0,NA,NA,NA,NA,NA,1,4,B,0,0,1,0,0,NA,G:C,G:C,NA,NA,1,5,S,3,0,0,0,0,NA,NA,NA,NA,NA
TTYH_BC_124,0.062,2,1,mismatch,85,-2,C,G,S,B,I,0,I,S,S,0,0,0,2,2,NA,NA,NA,C:G,G:C,4,23,8,1,-2,S,2,0,0,0,0,NA,NA,NA,NA,NA,1,-4,B,0,0,1,0,0,NA,U:G,A:U,NA,NA,1,-5,S,21,0,0,0,0,NA,NA,NA,NA,NA,4,23,1,1,S,3,0,0,0,0,NA,NA,NA,NA,NA,1,4,I,0,0,0,1,0,NA,NA,NA,C:G,G:C,1,5,S,20,0,0,0,0,NA,NA,NA,NA,NA
TTYH_BC_124,0.062,2,1,mismatch,86,-1,C,G,I,S,S,1,I,S,S,0,0,0,2,2,NA,NA,NA,C:G,G:C,4,23,8,1,-2,S,2,0,0,0,0,NA,NA,NA,NA,NA,1,-4,B,0,0,1,0,0,NA,U:G,A:U,NA,NA,1,-5,S,21,0,0,0,0,NA,NA,NA,NA,NA,4,23,1,1,S,3,0,0,0,0,NA,NA,NA,NA,NA,1,4,I,0,0,0,1,0,NA,NA,NA,C:G,G:C,1,5,S,20,0,0,0,0,NA,NA,NA,NA,NA
TTYH_BC_125,0.0005,2,1,mismatch,85,-2,C,G,S,B,B,0,B,S,S,0,0,1,0,0,NA,C:G,C:G,NA,NA,4,24,8,1,-1,S,3,0,0,0,0,NA,NA,NA,NA,NA,1,-4,B,0,0,1,0,0,NA,U:G,A:U,NA,NA,1,-5,S,21,0,0,0,0,NA,NA,NA,NA,NA,4,23,1,1,S,3,0,0,0,0,NA,NA,NA,NA,NA,1,4,I,0,0,0,1,2,NA,NA,NA,C:G,G:C,1,5,S,20,0,0,0,0,NA,NA,NA,NA,NA
TTYH_BC_125,0.0005,2,1,mismatch,88,1,G,C,S,B,I,0,B,S,S,0,0,1,0,0,NA,C:G,C:G,NA,NA,4,24,8,1,-1,S,3,0,0,0,0,NA,NA,NA,NA,NA,1,-4,B,0,0,1,0,0,NA,U:G,A:U,NA,NA,1,-5,S,21,0,0,0,0,NA,NA,NA,NA,NA,4,23,1,1,S,3,0,0,0,0,NA,NA,NA,NA,NA,1,4,I,0,0,0,1,2,NA,NA,NA,C:G,G:C,1,5,S,20,0,0,0,0,NA,NA,NA,NA,NA
TTYH_BC_126,0.0165,2,1,mismatch,85,-2,C,G,S,B,I,0,I,S,S,0,0,0,5,5,NA,NA,NA,C:G,C:G,4,24,8,1,-1,S,3,0,0,0,0,NA,NA,NA,NA,NA,1,-4,B,0,0,1,0,0,NA,U:G,A:U,NA,NA,1,-5,S,21,0,0,0,0,NA,NA,NA,NA,NA,2,20,1,5,S,20,0,0,0,0,NA,NA,NA,NA,NA,1,25,E,0,0,0,0,0,NA,NA,NA,NA,NA,0,0,NA,0,0,0,0,0,NA,NA,NA,NA,NA
TTYH_BC_126,0.0165,2,1,mismatch,89,2,G,C,I,S,S,1,I,S,S,0,0,0,5,5,NA,NA,NA,C:G,C:G,4,24,8,1,-1,S,3,0,0,0,0,NA,NA,NA,NA,NA,1,-4,B,0,0,1,0,0,NA,U:G,A:U,NA,NA,1,-5,S,21,0,0,0,0,NA,NA,NA,NA,NA,2,20,1,5,S,20,0,0,0,0,NA,NA,NA,NA,NA,1,25,E,0,0,0,0,0,NA,NA,NA,NA,NA,0,0,NA,0,0,0,0,0,NA,NA,NA,NA,NA
TTYH_BC_127,0.0275,2,1,mismatch,85,-2,C,G,S,B,I,0,I,S,S,0,0,0,1,1,NA,NA,NA,C:G,C:G,4,24,8,1,-1,S,3,0,0,0,0,NA,NA,NA,NA,NA,1,-4,B,0,0,1,0,0,NA,U:G,A:U,NA,NA,1,-5,S,21,0,0,0,0,NA,NA,NA,NA,NA,4,22,1,1,S,2,0,0,0,0,NA,NA,NA,NA,NA,1,3,I,0,0,0,2,0,NA,NA,NA,C:G,G:C,1,5,S,20,0,0,0,0,NA,NA,NA,NA,NA
TTYH_BC_127,0.0275,2,1,mismatch,90,3,G,C,I,S,S,1,I,S,S,0,0,0,1,1,NA,NA,NA,C:G,C:G,4,24,8,1,-1,S,3,0,0,0,0,NA,NA,NA,NA,NA,1,-4,B,0,0,1,0,0,NA,U:G,A:U,NA,NA,1,-5,S,21,0,0,0,0,NA,NA,NA,NA,NA,4,22,1,1,S,2,0,0,0,0,NA,NA,NA,NA,NA,1,3,I,0,0,0,2,0,NA,NA,NA,C:G,G:C,1,5,S,20,0,0,0,0,NA,NA,NA,NA,NA
TTYH_BC_128,0.2635,2,1,mismatch,85,-2,C,G,S,B,I,0,I,S,S,0,0,0,1,1,NA,NA,NA,C:G,C:G,4,24,8,1,-1,S,3,0,0,0,0,NA,NA,NA,NA,NA,1,-4,B,0,0,1,0,0,NA,U:G,A:U,NA,NA,1,-5,S,21,0,0,0,0,NA,NA,NA,NA,NA,2,24,1,1,S,24,0,0,0,0,NA,NA,NA,NA,NA,1,25,E,0,0,0,0,0,NA,NA,NA,NA,NA,0,0,NA,0,0,0,0,0,NA,NA,NA,NA,NA
TTYH_BC_128,0.2635,2,1,mismatch,91,4,C,G,S,I,E,0,I,S,S,0,0,0,1,1,NA,NA,NA,C:G,C:G,4,24,8,1,-1,S,3,0,0,0,0,NA,NA,NA,NA,NA,1,-4,B,0,0,1,0,0,NA,U:G,A:U,NA,NA,1,-5,S,21,0,0,0,0,NA,NA,NA,NA,NA,2,24,1,1,S,24,0,0,0,0,NA,NA,NA,NA,NA,1,25,E,0,0,0,0,0,NA,NA,NA,NA,NA,0,0,NA,0,0,0,0,0,NA,NA,NA,NA,NA
TTYH_BC_129,0.018,2,1,mismatch,85,-2,C,G,S,B,I,0,I,S,S,0,0,0,1,1,NA,NA,NA,C:G,C:G,4,24,8,1,-1,S,3,0,0,0,0,NA,NA,NA,NA,NA,1,-4,B,0,0,1,0,0,NA,U:G,A:U,NA,NA,1,-5,S,21,0,0,0,0,NA,NA,NA,NA,NA,4,22,1,1,S,3,0,0,0,0,NA,NA,NA,NA,NA,1,4,I,0,0,0,2,0,NA,NA,NA,G:C,G:C,1,6,S,19,0,0,0,0,NA,NA,NA,NA,NA
TTYH_BC_129,0.018,2,1,mismatch,92,5,G,C,I,S,S,1,I,S,S,0,0,0,1,1,NA,NA,NA,C:G,C:G,4,24,8,1,-1,S,3,0,0,0,0,NA,NA,NA,NA,NA,1,-4,B,0,0,1,0,0,NA,U:G,A:U,NA,NA,1,-5,S,21,0,0,0,0,NA,NA,NA,NA,NA,4,22,1,1,S,3,0,0,0,0,NA,NA,NA,NA,NA,1,4,I,0,0,0,2,0,NA,NA,NA,G:C,G:C,1,6,S,19,0,0,0,0,NA,NA,NA,NA,NA
TTYH_BC_130,0.063,2,1,mismatch,85,-2,C,G,S,B,I,0,I,S,S,0,0,0,1,1,NA,NA,NA,C:G,C:G,5,24,8,1,-1,S,3,0,0,0,0,NA,NA,NA,NA,NA,1,-4,B,0,0,1,0,0,NA,U:G,A:U,NA,NA,1,-5,S,21,0,0,0,0,NA,NA,NA,NA,NA,5,23,1,1,S,3,0,0,0,0,NA,NA,NA,NA,NA,1,4,B,0,0,1,0,0,NA,G:C,G:C,NA,NA,1,5,S,3,0,0,0,0,NA,NA,NA,NA,NA
TTYH_BC_130,0.063,2,1,mismatch,93,6,C,G,S,B,E,0,I,S,S,0,0,0,1,1,NA,NA,NA,C:G,C:G,5,24,8,1,-1,S,3,0,0,0,0,NA,NA,NA,NA,NA,1,-4,B,0,0,1,0,0,NA,U:G,A:U,NA,NA,1,-5,S,21,0,0,0,0,NA,NA,NA,NA,NA,5,23,1,1,S,3,0,0,0,0,NA,NA,NA,NA,NA,1,4,B,0,0,1,0,0,NA,G:C,G:C,NA,NA,1,5,S,3,0,0,0,0,NA,NA,NA,NA,NA
TTYH_BC_131,0.0245,2,1,mismatch,85,-2,C,G,S,B,I,0,I,S,S,0,0,0,1,1,NA,NA,NA,C:G,C:G,4,24,8,1,-1,S,3,0,0,0,0,NA,NA,NA,NA,NA,1,-4,B,0,0,1,0,0,NA,U:G,A:U,NA,NA,1,-5,S,21,0,0,0,0,NA,NA,NA,NA,NA,6,22,1,1,S,3,0,0,0,0,NA,NA,NA,NA,NA,1,4,I,0,0,0,1,0,NA,NA,NA,C:G,G:C,1,5,S,2,0,0,0,0,NA,NA,NA,NA,NA
TTYH_BC_131,0.0245,2,1,mismatch,94,7,U,A,I,S,S,1,I,S,S,0,0,0,1,1,NA,NA,NA,C:G,C:G,4,24,8,1,-1,S,3,0,0,0,0,NA,NA,NA,NA,NA,1,-4,B,0,0,1,0,0,NA,U:G,A:U,NA,NA,1,-5,S,21,0,0,0,0,NA,NA,NA,NA,NA,6,22,1,1,S,3,0,0,0,0,NA,NA,NA,NA,NA,1,4,I,0,0,0,1,0,NA,NA,NA,C:G,G:C,1,5,S,2,0,0,0,0,NA,NA,NA,NA,NA
TTYH_BC_132,0.021,2,1,mismatch,85,-2,C,G,S,B,I,0,I,S,S,0,0,0,1,1,NA,NA,NA,C:G,C:G,4,24,8,1,-1,S,3,0,0,0,0,NA,NA,NA,NA,NA,1,-4,B,0,0,1,0,0,NA,U:G,A:U,NA,NA,1,-5,S,21,0,0,0,0,NA,NA,NA,NA,NA,6,22,1,1,S,3,0,0,0,0,NA,NA,NA,NA,NA,1,4,I,0,0,0,1,0,NA,NA,NA,C:G,G:C,1,5,S,3,0,0,0,0,NA,NA,NA,NA,NA
TTYH_BC_132,0.021,2,1,mismatch,95,8,U,A,I,S,S,1,I,S,S,0,0,0,1,1,NA,NA,NA,C:G,C:G,4,24,8,1,-1,S,3,0,0,0,0,NA,NA,NA,NA,NA,1,-4,B,0,0,1,0,0,NA,U:G,A:U,NA,NA,1,-5,S,21,0,0,0,0,NA,NA,NA,NA,NA,6,22,1,1,S,3,0,0,0,0,NA,NA,NA,NA,NA,1,4,I,0,0,0,1,0,NA,NA,NA,C:G,G:C,1,5,S,3,0,0,0,0,NA,NA,NA,NA,NA
TTYH_BC_133,0.0,2,1,mismatch,86,-1,C,G,S,I,I,0,I,S,S,0,0,0,2,1,NA,NA,NA,C:G,G:C,3,23,8,1,-1,S,2,0,0,0,0,NA,NA,NA,NA,NA,1,-5,S,21,0,0,0,0,NA,NA,NA,NA,NA,1,-26,H,0,8,0,0,0,A:U,NA,NA,NA,NA,4,22,1,2,S,2,0,0,0,0,NA,NA,NA,NA,NA,1,4,B,0,0,1,0,0,NA,G:C,G:C,NA,NA,1,5,S,20,0,0,0,0,NA,NA,NA,NA,NA
TTYH_BC_133,0.0,2,1,mismatch,88,1,G,C,I,S,S,1,I,S,S,0,0,0,2,1,NA,NA,NA,C:G,G:C,3,23,8,1,-1,S,2,0,0,0,0,NA,NA,NA,NA,NA,1,-5,S,21,0,0,0,0,NA,NA,NA,NA,NA,1,-26,H,0,8,0,0,0,A:U,NA,NA,NA,NA,4,22,1,2,S,2,0,0,0,0,NA,NA,NA,NA,NA,1,4,B,0,0,1,0,0,NA,G:C,G:C,NA,NA,1,5,S,20,0,0,0,0,NA,NA,NA,NA,NA
TTYH_BC_134,0.0045,2,1,mismatch,86,-1,C,G,B,S,S,0,S,B,I,3,0,0,0,0,NA,NA,NA,NA,NA,3,21,8,1,-1,B,0,0,4,0,0,NA,U:G,A:U,NA,NA,1,-5,S,21,0,0,0,0,NA,NA,NA,NA,NA,1,-26,H,0,8,0,0,0,A:U,NA,NA,NA,NA,3,20,1,3,I,0,0,0,2,5,NA,NA,NA,C:G,C:G,1,5,S,20,0,0,0,0,NA,NA,NA,NA,NA,1,25,E,0,0,0,0,0,NA,NA,NA,NA,NA
TTYH_BC_134,0.0045,2,1,mismatch,89,2,G,C,S,B,I,1,S,B,I,3,0,0,0,0,NA,NA,NA,NA,NA,3,21,8,1,-1,B,0,0,4,0,0,NA,U:G,A:U,NA,NA,1,-5,S,21,0,0,0,0,NA,NA,NA,NA,NA,1,-26,H,0,8,0,0,0,A:U,NA,NA,NA,NA,3,20,1,3,I,0,0,0,2,5,NA,NA,NA,C:G,C:G,1,5,S,20,0,0,0,0,NA,NA,NA,NA,NA,1,25,E,0,0,0,0,0,NA,NA,NA,NA,NA
TTYH_BC_135,0.003,2,1,mismatch,86,-1,C,G,S,I,B,0,B,S,S,0,0,1,0,0,NA,G:C,G:C,NA,NA,3,23,8,1,-1,S,2,0,0,0,0,NA,NA,NA,NA,NA,1,-5,S,21,0,0,0,0,NA,NA,NA,NA,NA,1,-26,H,0,8,0,0,0,A:U,NA,NA,NA,NA,4,22,1,1,S,2,0,0,0,0,NA,NA,NA,NA,NA,1,3,I,0,0,0,2,1,NA,NA,NA,C:G,G:C,1,5,S,20,0,0,0,0,NA,NA,NA,NA,NA
TTYH_BC_135,0.003,2,1,mismatch,90,3,G,C,I,S,S,0,B,S,S,0,0,1,0,0,NA,G:C,G:C,NA,NA,3,23,8,1,-1,S,2,0,0,0,0,NA,NA,NA,NA,NA,1,-5,S,21,0,0,0,0,NA,NA,NA,NA,NA,1,-26,H,0,8,0,0,0,A:U,NA,NA,NA,NA,4,22,1,1,S,2,0,0,0,0,NA,NA,NA,NA,NA,1,3,I,0,0,0,2,1,NA,NA,NA,C:G,G:C,1,5,S,20,0,0,0,0,NA,NA,NA,NA,NA
TTYH_BC_136,0.2655,2,1,mismatch,86,-1,C,G,I,S,S,1,I,S,S,0,0,0,4,3,NA,NA,NA,C:G,G:U,2,22,8,1,-4,S,22,0,0,0,0,NA,NA,NA,NA,NA,1,-26,H,0,8,0,0,0,A:U,NA,NA,NA,NA,0,0,NA,0,0,0,0,0,NA,NA,NA,NA,NA,2,24,1,1,S,24,0,0,0,0,NA,NA,NA,NA,NA,1,25,E,0,0,0,0,0,NA,NA,NA,NA,NA,0,0,NA,0,0,0,0,0,NA,NA,NA,NA,NA
TTYH_BC_136,0.2655,2,1,mismatch,91,4,C,G,S,I,E,0,I,S,S,0,0,0,4,3,NA,NA,NA,C:G,G:U,2,22,8,1,-4,S,22,0,0,0,0,NA,NA,NA,NA,NA,1,-26,H,0,8,0,0,0,A:U,NA,NA,NA,NA,0,0,NA,0,0,0,0,0,NA,NA,NA,NA,NA,2,24,1,1,S,24,0,0,0,0,NA,NA,NA,NA,NA,1,25,E,0,0,0,0,0,NA,NA,NA,NA,NA,0,0,NA,0,0,0,0,0,NA,NA,NA,NA,NA
TTYH_BC_137,0.003,2,1,mismatch,86,-1,C,G,S,I,I,0,I,S,S,0,0,0,1,1,NA,NA,NA,C:G,G:C,3,23,8,1,-1,S,2,0,0,0,0,NA,NA,NA,NA,NA,1,-5,S,21,0,0,0,0,NA,NA,NA,NA,NA,1,-26,H,0,8,0,0,0,A:U,NA,NA,NA,NA,4,22,1,1,S,4,0,0,0,0,NA,NA,NA,NA,NA,1,5,B,0,0,2,0,0,NA,C:G,U:A,NA,NA,1,7,S,18,0,0,0,0,NA,NA,NA,NA,NA
TTYH_BC_137,0.003,2,1,mismatch,92,5,G,C,B,S,S,0,I,S,S,0,0,0,1,1,NA,NA,NA,C:G,G:C,3,23,8,1,-1,S,2,0,0,0,0,NA,NA,NA,NA,NA,1,-5,S,21,0,0,0,0,NA,NA,NA,NA,NA,1,-26,H,0,8,0,0,0,A:U,NA,NA,NA,NA,4,22,1,1,S,4,0,0,0,0,NA,NA,NA,NA,NA,1,5,B,0,0,2,0,0,NA,C:G,U:A,NA,NA,1,7,S,18,0,0,0,0,NA,NA,NA,NA,NA
TTYH_BC_138,0.139,2,1,mismatch,86,-1,C,G,S,I,I,0,I,S,S,0,0,0,1,1,NA,NA,NA,C:G,G:C,3,23,8,1,-1,S,2,0,0,0,0,NA,NA,NA,NA,NA,1,-5,S,21,0,0,0,0,NA,NA,NA,NA,NA,1,-26,H,0,8,0,0,0,A:U,NA,NA,NA,NA,4,22,1,1,S,4,0,0,0,0,NA,NA,NA,NA,NA,1,5,B,0,0,2,0,0,NA,C:G,U:A,NA,NA,1,7,S,18,0,0,0,0,NA,NA,NA,NA,NA
TTYH_BC_138,0.139,2,1,mismatch,93,6,C,G,B,S,S,0,I,S,S,0,0,0,1,1,NA,NA,NA,C:G,G:C,3,23,8,1,-1,S,2,0,0,0,0,NA,NA,NA,NA,NA,1,-5,S,21,0,0,0,0,NA,NA,NA,NA,NA,1,-26,H,0,8,0,0,0,A:U,NA,NA,NA,NA,4,22,1,1,S,4,0,0,0,0,NA,NA,NA,NA,NA,1,5,B,0,0,2,0,0,NA,C:G,U:A,NA,NA,1,7,S,18,0,0,0,0,NA,NA,NA,NA,NA
TTYH_BC_139,0.0375,2,1,mismatch,86,-1,C,G,S,I,B,0,B,S,S,0,0,1,0,0,NA,G:C,G:C,NA,NA,3,23,8,1,-1,S,2,0,0,0,0,NA,NA,NA,NA,NA,1,-5,S,21,0,0,0,0,NA,NA,NA,NA,NA,1,-26,H,0,8,0,0,0,A:U,NA,NA,NA,NA,6,22,1,1,S,3,0,0,0,0,NA,NA,NA,NA,NA,1,4,B,0,0,1,0,0,NA,G:C,G:C,NA,NA,1,5,S,2,0,0,0,0,NA,NA,NA,NA,NA
TTYH_BC_139,0.0375,2,1,mismatch,94,7,U,A,I,S,S,0,B,S,S,0,0,1,0,0,NA,G:C,G:C,NA,NA,3,23,8,1,-1,S,2,0,0,0,0,NA,NA,NA,NA,NA,1,-5,S,21,0,0,0,0,NA,NA,NA,NA,NA,1,-26,H,0,8,0,0,0,A:U,NA,NA,NA,NA,6,22,1,1,S,3,0,0,0,0,NA,NA,NA,NA,NA,1,4,B,0,0,1,0,0,NA,G:C,G:C,NA,NA,1,5,S,2,0,0,0,0,NA,NA,NA,NA,NA
TTYH_BC_140,0.005,2,1,mismatch,86,-1,C,G,S,I,B,0,B,S,S,0,0,1,0,0,NA,G:C,G:C,NA,NA,3,23,8,1,-1,S,2,0,0,0,0,NA,NA,NA,NA,NA,1,-5,S,21,0,0,0,0,NA,NA,NA,NA,NA,1,-26,H,0,8,0,0,0,A:U,NA,NA,NA,NA,6,22,1,1,S,3,0,0,0,0,NA,NA,NA,NA,NA,1,4,B,0,0,1,0,0,NA,G:C,G:C,NA,NA,1,5,S,3,0,0,0,0,NA,NA,NA,NA,NA
TTYH_BC_140,0.005,2,1,mismatch,95,8,U,A,I,S,S,0,B,S,S,0,0,1,0,0,NA,G:C,G:C,NA,NA,3,23,8,1,-1,S,2,0,0,0,0,NA,NA,NA,NA,NA,1,-5,S,21,0,0,0,0,NA,NA,NA,NA,NA,1,-26,H,0,8,0,0,0,A:U,NA,NA,NA,NA,6,22,1,1,S,3,0,0,0,0,NA,NA,NA,NA,NA,1,4,B,0,0,1,0,0,NA,G:C,G:C,NA,NA,1,5,S,3,0,0,0,0,NA,NA,NA,NA,NA
TTYH_BC_141,0.0015,2,1,mismatch,88,1,G,C,S,I,I,0,I,S,S,0,0,0,5,2,NA,NA,NA,G:C,U:G,2,21,8,1,-5,S,21,0,0,0,0,NA,NA,NA,NA,NA,1,-26,H,0,8,0,0,0,A:U,NA,NA,NA,NA,0,0,NA,0,0,0,0,0,NA,NA,NA,NA,NA,4,23,1,1,S,3,0,0,0,0,NA,NA,NA,NA,NA,1,4,I,0,0,0,1,3,NA,NA,NA,C:G,G:C,1,5,S,20,0,0,0,0,NA,NA,NA,NA,NA
TTYH_BC_141,0.0015,2,1,mismatch,89,2,G,C,S,I,I,0,I,S,S,0,0,0,5,2,NA,NA,NA,G:C,U:G,2,21,8,1,-5,S,21,0,0,0,0,NA,NA,NA,NA,NA,1,-26,H,0,8,0,0,0,A:U,NA,NA,NA,NA,0,0,NA,0,0,0,0,0,NA,NA,NA,NA,NA,4,23,1,1,S,3,0,0,0,0,NA,NA,NA,NA,NA,1,4,I,0,0,0,1,3,NA,NA,NA,C:G,G:C,1,5,S,20,0,0,0,0,NA,NA,NA,NA,NA
TTYH_BC_142,0.0345,1,1,mismatch,88,1,G,C,I,S,S,1,I,S,S,0,0,0,2,2,NA,NA,NA,C:G,C:G,3,24,8,1,-1,S,2,0,0,0,0,NA,NA,NA,NA,NA,1,-4,S,22,0,0,0,0,NA,NA,NA,NA,NA,1,-26,H,0,8,0,0,0,A:U,NA,NA,NA,NA,4,22,1,2,S,2,0,0,0,0,NA,NA,NA,NA,NA,1,4,B,0,0,1,0,0,NA,G:C,G:C,NA,NA,1,5,S,20,0,0,0,0,NA,NA,NA,NA,NA
TTYH_BC_143,0.018,2,1,mismatch,88,1,G,C,I,S,S,1,I,S,S,0,0,0,2,1,NA,NA,NA,C:G,C:G,3,24,8,1,-1,S,2,0,0,0,0,NA,NA,NA,NA,NA,1,-4,S,22,0,0,0,0,NA,NA,NA,NA,NA,1,-26,H,0,8,0,0,0,A:U,NA,NA,NA,NA,2,23,1,2,S,23,0,0,0,0,NA,NA,NA,NA,NA,1,25,E,0,0,0,0,0,NA,NA,NA,NA,NA,0,0,NA,0,0,0,0,0,NA,NA,NA,NA,NA
TTYH_BC_143,0.018,2,1,mismatch,91,4,C,G,S,I,E,0,I,S,S,0,0,0,2,1,NA,NA,NA,C:G,C:G,3,24,8,1,-1,S,2,0,0,0,0,NA,NA,NA,NA,NA,1,-4,S,22,0,0,0,0,NA,NA,NA,NA,NA,1,-26,H,0,8,0,0,0,A:U,NA,NA,NA,NA,2,23,1,2,S,23,0,0,0,0,NA,NA,NA,NA,NA,1,25,E,0,0,0,0,0,NA,NA,NA,NA,NA,0,0,NA,0,0,0,0,0,NA,NA,NA,NA,NA
TTYH_BC_144,0.001,2,1,mismatch,88,1,G,C,I,S,S,1,I,S,S,0,0,0,2,1,NA,NA,NA,C:G,C:G,3,24,8,1,-1,S,2,0,0,0,0,NA,NA,NA,NA,NA,1,-4,S,22,0,0,0,0,NA,NA,NA,NA,NA,1,-26,H,0,8,0,0,0,A:U,NA,NA,NA,NA,4,21,1,2,S,2,0,0,0,0,NA,NA,NA,NA,NA,1,4,I,0,0,0,2,0,NA,NA,NA,G:C,G:C,1,6,S,19,0,0,0,0,NA,NA,NA,NA,NA
TTYH_BC_144,0.001,2,1,mismatch,92,5,G,C,I,S,S,1,I,S,S,0,0,0,2,1,NA,NA,NA,C:G,C:G,3,24,8,1,-1,S,2,0,0,0,0,NA,NA,NA,NA,NA,1,-4,S,22,0,0,0,0,NA,NA,NA,NA,NA,1,-26,H,0,8,0,0,0,A:U,NA,NA,NA,NA,4,21,1,2,S,2,0,0,0,0,NA,NA,NA,NA,NA,1,4,I,0,0,0,2,0,NA,NA,NA,G:C,G:C,1,6,S,19,0,0,0,0,NA,NA,NA,NA,NA
TTYH_BC_145,0.0,2,1,mismatch,88,1,G,C,I,S,S,1,I,S,S,0,0,0,2,1,NA,NA,NA,C:G,C:G,4,24,8,1,-1,S,2,0,0,0,0,NA,NA,NA,NA,NA,1,-4,S,22,0,0,0,0,NA,NA,NA,NA,NA,1,-26,H,0,8,0,0,0,A:U,NA,NA,NA,NA,5,22,1,2,S,2,0,0,0,0,NA,NA,NA,NA,NA,1,4,B,0,0,1,0,0,NA,G:C,G:C,NA,NA,1,5,S,3,0,0,0,0,NA,NA,NA,NA,NA
TTYH_BC_145,0.0,2,1,mismatch,93,6,C,G,S,B,E,0,I,S,S,0,0,0,2,1,NA,NA,NA,C:G,C:G,4,24,8,1,-1,S,2,0,0,0,0,NA,NA,NA,NA,NA,1,-4,S,22,0,0,0,0,NA,NA,NA,NA,NA,1,-26,H,0,8,0,0,0,A:U,NA,NA,NA,NA,5,22,1,2,S,2,0,0,0,0,NA,NA,NA,NA,NA,1,4,B,0,0,1,0,0,NA,G:C,G:C,NA,NA,1,5,S,3,0,0,0,0,NA,NA,NA,NA,NA
TTYH_BC_146,0.0145,2,1,mismatch,88,1,G,C,I,S,S,1,I,S,S,0,0,0,2,2,NA,NA,NA,C:G,C:G,3,24,8,1,-1,S,2,0,0,0,0,NA,NA,NA,NA,NA,1,-4,S,22,0,0,0,0,NA,NA,NA,NA,NA,1,-26,H,0,8,0,0,0,A:U,NA,NA,NA,NA,6,21,1,2,S,2,0,0,0,0,NA,NA,NA,NA,NA,1,4,B,0,0,1,0,0,NA,G:C,G:C,NA,NA,1,5,S,2,0,0,0,0,NA,NA,NA,NA,NA
TTYH_BC_146,0.0145,2,1,mismatch,94,7,U,A,I,S,S,1,I,S,S,0,0,0,2,2,NA,NA,NA,C:G,C:G,3,24,8,1,-1,S,2,0,0,0,0,NA,NA,NA,NA,NA,1,-4,S,22,0,0,0,0,NA,NA,NA,NA,NA,1,-26,H,0,8,0,0,0,A:U,NA,NA,NA,NA,6,21,1,2,S,2,0,0,0,0,NA,NA,NA,NA,NA,1,4,B,0,0,1,0,0,NA,G:C,G:C,NA,NA,1,5,S,2,0,0,0,0,NA,NA,NA,NA,NA
TTYH_BC_147,0.0035,2,1,mismatch,88,1,G,C,I,S,S,1,I,S,S,0,0,0,2,2,NA,NA,NA,C:G,C:G,3,24,8,1,-1,S,2,0,0,0,0,NA,NA,NA,NA,NA,1,-4,S,22,0,0,0,0,NA,NA,NA,NA,NA,1,-26,H,0,8,0,0,0,A:U,NA,NA,NA,NA,6,21,1,2,S,2,0,0,0,0,NA,NA,NA,NA,NA,1,4,B,0,0,1,0,0,NA,G:C,G:C,NA,NA,1,5,S,3,0,0,0,0,NA,NA,NA,NA,NA
TTYH_BC_147,0.0035,2,1,mismatch,95,8,U,A,I,S,S,1,I,S,S,0,0,0,2,2,NA,NA,NA,C:G,C:G,3,24,8,1,-1,S,2,0,0,0,0,NA,NA,NA,NA,NA,1,-4,S,22,0,0,0,0,NA,NA,NA,NA,NA,1,-26,H,0,8,0,0,0,A:U,NA,NA,NA,NA,6,21,1,2,S,2,0,0,0,0,NA,NA,NA,NA,NA,1,4,B,0,0,1,0,0,NA,G:C,G:C,NA,NA,1,5,S,3,0,0,0,0,NA,NA,NA,NA,NA
TTYH_BC_148,0.0415,2,1,mismatch,89,2,G,C,S,B,I,1,S,B,I,5,0,0,0,0,NA,NA,NA,NA,NA,3,20,8,1,-2,B,0,0,4,0,0,NA,G:C,C:G,NA,NA,1,-6,S,20,0,0,0,0,NA,NA,NA,NA,NA,1,-26,H,0,8,0,0,0,A:U,NA,NA,NA,NA,3,20,1,4,I,0,0,0,1,4,NA,NA,NA,C:G,C:G,1,5,S,20,0,0,0,0,NA,NA,NA,NA,NA,1,25,E,0,0,0,0,0,NA,NA,NA,NA,NA
TTYH_BC_148,0.0415,2,1,mismatch,90,3,G,C,S,B,I,1,S,B,I,5,0,0,0,0,NA,NA,NA,NA,NA,3,20,8,1,-2,B,0,0,4,0,0,NA,G:C,C:G,NA,NA,1,-6,S,20,0,0,0,0,NA,NA,NA,NA,NA,1,-26,H,0,8,0,0,0,A:U,NA,NA,NA,NA,3,20,1,4,I,0,0,0,1,4,NA,NA,NA,C:G,C:G,1,5,S,20,0,0,0,0,NA,NA,NA,NA,NA,1,25,E,0,0,0,0,0,NA,NA,NA,NA,NA
TTYH_BC_149,0.015,2,1,mismatch,89,2,G,C,I,S,S,1,I,S,S,0,0,0,3,2,NA,NA,NA,C:G,C:G,3,24,8,1,-1,S,2,0,0,0,0,NA,NA,NA,NA,NA,1,-4,S,22,0,0,0,0,NA,NA,NA,NA,NA,1,-26,H,0,8,0,0,0,A:U,NA,NA,NA,NA,2,22,1,3,S,22,0,0,0,0,NA,NA,NA,NA,NA,1,25,E,0,0,0,0,0,NA,NA,NA,NA,NA,0,0,NA,0,0,0,0,0,NA,NA,NA,NA,NA
TTYH_BC_149,0.015,2,1,mismatch,91,4,C,G,S,I,E,0,I,S,S,0,0,0,3,2,NA,NA,NA,C:G,C:G,3,24,8,1,-1,S,2,0,0,0,0,NA,NA,NA,NA,NA,1,-4,S,22,0,0,0,0,NA,NA,NA,NA,NA,1,-26,H,0,8,0,0,0,A:U,NA,NA,NA,NA,2,22,1,3,S,22,0,0,0,0,NA,NA,NA,NA,NA,1,25,E,0,0,0,0,0,NA,NA,NA,NA,NA,0,0,NA,0,0,0,0,0,NA,NA,NA,NA,NA
TTYH_BC_150,0.108,2,1,mismatch,89,2,G,C,I,S,S,1,I,S,S,0,0,0,6,5,NA,NA,NA,G:C,C:G,3,24,8,1,-1,S,2,0,0,0,0,NA,NA,NA,NA,NA,1,-4,S,22,0,0,0,0,NA,NA,NA,NA,NA,1,-26,H,0,8,0,0,0,A:U,NA,NA,NA,NA,2,19,1,6,S,19,0,0,0,0,NA,NA,NA,NA,NA,1,25,E,0,0,0,0,0,NA,NA,NA,NA,NA,0,0,NA,0,0,0,0,0,NA,NA,NA,NA,NA
TTYH_BC_150,0.108,2,1,mismatch,92,5,G,C,I,S,S,1,I,S,S,0,0,0,6,5,NA,NA,NA,G:C,C:G,3,24,8,1,-1,S,2,0,0,0,0,NA,NA,NA,NA,NA,1,-4,S,22,0,0,0,0,NA,NA,NA,NA,NA,1,-26,H,0,8,0,0,0,A:U,NA,NA,NA,NA,2,19,1,6,S,19,0,0,0,0,NA,NA,NA,NA,NA,1,25,E,0,0,0,0,0,NA,NA,NA,NA,NA,0,0,NA,0,0,0,0,0,NA,NA,NA,NA,NA
TTYH_BC_151,0.0395,2,1,mismatch,89,2,G,C,S,B,B,1,S,B,B,4,0,0,0,0,NA,NA,NA,NA,NA,4,20,8,1,-2,B,0,0,4,0,0,NA,G:C,C:G,NA,NA,1,-6,S,20,0,0,0,0,NA,NA,NA,NA,NA,1,-26,H,0,8,0,0,0,A:U,NA,NA,NA,NA,4,21,1,3,B,0,0,1,0,0,NA,C:G,C:G,NA,NA,1,4,S,3,0,0,0,0,NA,NA,NA,NA,NA,1,7,S,18,0,0,0,0,NA,NA,NA,NA,NA
TTYH_BC_151,0.0395,2,1,mismatch,93,6,C,G,S,B,E,1,S,B,B,4,0,0,0,0,NA,NA,NA,NA,NA,4,20,8,1,-2,B,0,0,4,0,0,NA,G:C,C:G,NA,NA,1,-6,S,20,0,0,0,0,NA,NA,NA,NA,NA,1,-26,H,0,8,0,0,0,A:U,NA,NA,NA,NA,4,21,1,3,B,0,0,1,0,0,NA,C:G,C:G,NA,NA,1,4,S,3,0,0,0,0,NA,NA,NA,NA,NA,1,7,S,18,0,0,0,0,NA,NA,NA,NA,NA
TTYH_BC_152,0.217,2,1,mismatch,89,2,G,C,I,S,S,1,I,S,S,0,0,0,5,4,NA,NA,NA,C:G,C:G,3,24,8,1,-1,S,2,0,0,0,0,NA,NA,NA,NA,NA,1,-4,S,22,0,0,0,0,NA,NA,NA,NA,NA,1,-26,H,0,8,0,0,0,A:U,NA,NA,NA,NA,4,19,1,5,S,2,0,0,0,0,NA,NA,NA,NA,NA,1,7,I,0,0,0,1,0,NA,NA,NA,A:U,C:G,1,8,S,17,0,0,0,0,NA,NA,NA,NA,NA
TTYH_BC_152,0.217,2,1,mismatch,94,7,U,A,I,S,S,1,I,S,S,0,0,0,5,4,NA,NA,NA,C:G,C:G,3,24,8,1,-1,S,2,0,0,0,0,NA,NA,NA,NA,NA,1,-4,S,22,0,0,0,0,NA,NA,NA,NA,NA,1,-26,H,0,8,0,0,0,A:U,NA,NA,NA,NA,4,19,1,5,S,2,0,0,0,0,NA,NA,NA,NA,NA,1,7,I,0,0,0,1,0,NA,NA,NA,A:U,C:G,1,8,S,17,0,0,0,0,NA,NA,NA,NA,NA
TTYH_BC_153,0.1655,2,1,mismatch,89,2,G,C,I,S,S,1,I,S,S,0,0,0,5,4,NA,NA,NA,C:G,C:G,3,24,8,1,-1,S,2,0,0,0,0,NA,NA,NA,NA,NA,1,-4,S,22,0,0,0,0,NA,NA,NA,NA,NA,1,-26,H,0,8,0,0,0,A:U,NA,NA,NA,NA,4,19,1,5,S,3,0,0,0,0,NA,NA,NA,NA,NA,1,8,I,0,0,0,1,0,NA,NA,NA,G:C,U:A,1,9,S,16,0,0,0,0,NA,NA,NA,NA,NA
TTYH_BC_153,0.1655,2,1,mismatch,95,8,U,A,I,S,S,1,I,S,S,0,0,0,5,4,NA,NA,NA,C:G,C:G,3,24,8,1,-1,S,2,0,0,0,0,NA,NA,NA,NA,NA,1,-4,S,22,0,0,0,0,NA,NA,NA,NA,NA,1,-26,H,0,8,0,0,0,A:U,NA,NA,NA,NA,4,19,1,5,S,3,0,0,0,0,NA,NA,NA,NA,NA,1,8,I,0,0,0,1,0,NA,NA,NA,G:C,U:A,1,9,S,16,0,0,0,0,NA,NA,NA,NA,NA
TTYH_BC_154,0.178,1,1,mismatch,90,3,G,C,I,S,S,0,B,S,S,0,0,1,0,0,NA,C:G,G:C,NA,NA,3,24,8,1,-1,S,2,0,0,0,0,NA,NA,NA,NA,NA,1,-4,S,22,0,0,0,0,NA,NA,NA,NA,NA,1,-26,H,0,8,0,0,0,A:U,NA,NA,NA,NA,4,22,1,1,S,2,0,0,0,0,NA,NA,NA,NA,NA,1,3,I,0,0,0,2,0,NA,NA,NA,C:G,G:C,1,5,S,20,0,0,0,0,NA,NA,NA,NA,NA
TTYH_BC_155,0.1365,2,1,mismatch,90,3,G,C,I,S,S,1,I,S,S,0,0,0,1,1,NA,NA,NA,C:G,C:G,3,24,8,1,-1,S,2,0,0,0,0,NA,NA,NA,NA,NA,1,-4,S,22,0,0,0,0,NA,NA,NA,NA,NA,1,-26,H,0,8,0,0,0,A:U,NA,NA,NA,NA,4,21,1,1,S,2,0,0,0,0,NA,NA,NA,NA,NA,1,3,I,0,0,0,3,2,NA,NA,NA,G:C,G:C,1,6,S,19,0,0,0,0,NA,NA,NA,NA,NA
TTYH_BC_155,0.1365,2,1,mismatch,92,5,G,C,I,S,S,1,I,S,S,0,0,0,1,1,NA,NA,NA,C:G,C:G,3,24,8,1,-1,S,2,0,0,0,0,NA,NA,NA,NA,NA,1,-4,S,22,0,0,0,0,NA,NA,NA,NA,NA,1,-26,H,0,8,0,0,0,A:U,NA,NA,NA,NA,4,21,1,1,S,2,0,0,0,0,NA,NA,NA,NA,NA,1,3,I,0,0,0,3,2,NA,NA,NA,G:C,G:C,1,6,S,19,0,0,0,0,NA,NA,NA,NA,NA
TTYH_BC_156,0.116,2,1,mismatch,90,3,G,C,S,B,E,0,B,S,S,0,0,5,0,0,NA,U:G,G:U,NA,NA,3,21,8,1,-5,S,21,0,0,0,0,NA,NA,NA,NA,NA,1,-26,H,0,8,0,0,0,A:U,NA,NA,NA,NA,1,-61,B,0,0,4,0,0,NA,A:U,C:G,NA,NA,3,24,1,1,S,6,0,0,0,0,NA,NA,NA,NA,NA,1,7,S,18,0,0,0,0,NA,NA,NA,NA,NA,1,25,E,0,0,0,0,0,NA,NA,NA,NA,NA
TTYH_BC_156,0.116,2,1,mismatch,93,6,C,G,S,B,E,0,B,S,S,0,0,5,0,0,NA,U:G,G:U,NA,NA,3,21,8,1,-5,S,21,0,0,0,0,NA,NA,NA,NA,NA,1,-26,H,0,8,0,0,0,A:U,NA,NA,NA,NA,1,-61,B,0,0,4,0,0,NA,A:U,C:G,NA,NA,3,24,1,1,S,6,0,0,0,0,NA,NA,NA,NA,NA,1,7,S,18,0,0,0,0,NA,NA,NA,NA,NA,1,25,E,0,0,0,0,0,NA,NA,NA,NA,NA
TTYH_BC_157,0.1205,2,1,mismatch,90,3,G,C,I,S,S,0,B,S,S,0,0,1,0,0,NA,C:G,G:C,NA,NA,3,24,8,1,-1,S,2,0,0,0,0,NA,NA,NA,NA,NA,1,-4,S,22,0,0,0,0,NA,NA,NA,NA,NA,1,-26,H,0,8,0,0,0,A:U,NA,NA,NA,NA,6,21,1,1,S,2,0,0,0,0,NA,NA,NA,NA,NA,1,3,I,0,0,0,2,0,NA,NA,NA,C:G,G:C,1,5,S,2,0,0,0,0,NA,NA,NA,NA,NA
TTYH_BC_157,0.1205,2,1,mismatch,94,7,U,A,I,S,S,0,B,S,S,0,0,1,0,0,NA,C:G,G:C,NA,NA,3,24,8,1,-1,S,2,0,0,0,0,NA,NA,NA,NA,NA,1,-4,S,22,0,0,0,0,NA,NA,NA,NA,NA,1,-26,H,0,8,0,0,0,A:U,NA,NA,NA,NA,6,21,1,1,S,2,0,0,0,0,NA,NA,NA,NA,NA,1,3,I,0,0,0,2,0,NA,NA,NA,C:G,G:C,1,5,S,2,0,0,0,0,NA,NA,NA,NA,NA
TTYH_BC_158,0.0885,2,1,mismatch,90,3,G,C,I,S,S,0,B,S,S,0,0,1,0,0,NA,C:G,G:C,NA,NA,3,24,8,1,-1,S,2,0,0,0,0,NA,NA,NA,NA,NA,1,-4,S,22,0,0,0,0,NA,NA,NA,NA,NA,1,-26,H,0,8,0,0,0,A:U,NA,NA,NA,NA,6,21,1,1,S,2,0,0,0,0,NA,NA,NA,NA,NA,1,3,I,0,0,0,2,0,NA,NA,NA,C:G,G:C,1,5,S,3,0,0,0,0,NA,NA,NA,NA,NA
TTYH_BC_158,0.0885,2,1,mismatch,95,8,U,A,I,S,S,0,B,S,S,0,0,1,0,0,NA,C:G,G:C,NA,NA,3,24,8,1,-1,S,2,0,0,0,0,NA,NA,NA,NA,NA,1,-4,S,22,0,0,0,0,NA,NA,NA,NA,NA,1,-26,H,0,8,0,0,0,A:U,NA,NA,NA,NA,6,21,1,1,S,2,0,0,0,0,NA,NA,NA,NA,NA,1,3,I,0,0,0,2,0,NA,NA,NA,C:G,G:C,1,5,S,3,0,0,0,0,NA,NA,NA,NA,NA
TTYH_BC_159,0.121,2,1,mismatch,91,4,C,G,S,I,B,0,I,S,S,0,0,0,1,1,NA,NA,NA,C:G,C:G,3,24,8,1,-1,S,2,0,0,0,0,NA,NA,NA,NA,NA,1,-4,S,22,0,0,0,0,NA,NA,NA,NA,NA,1,-26,H,0,8,0,0,0,A:U,NA,NA,NA,NA,4,23,1,1,S,4,0,0,0,0,NA,NA,NA,NA,NA,1,5,B,0,0,1,0,0,NA,G:C,C:G,NA,NA,1,6,S,19,0,0,0,0,NA,NA,NA,NA,NA
TTYH_BC_159,0.121,2,1,mismatch,92,5,G,C,B,S,S,0,I,S,S,0,0,0,1,1,NA,NA,NA,C:G,C:G,3,24,8,1,-1,S,2,0,0,0,0,NA,NA,NA,NA,NA,1,-4,S,22,0,0,0,0,NA,NA,NA,NA,NA,1,-26,H,0,8,0,0,0,A:U,NA,NA,NA,NA,4,23,1,1,S,4,0,0,0,0,NA,NA,NA,NA,NA,1,5,B,0,0,1,0,0,NA,G:C,C:G,NA,NA,1,6,S,19,0,0,0,0,NA,NA,NA,NA,NA
TTYH_BC_160,0.279,2,1,mismatch,91,4,C,G,S,B,I,0,B,S,S,0,0,1,0,0,NA,C:G,G:C,NA,NA,3,24,8,1,-1,S,2,0,0,0,0,NA,NA,NA,NA,NA,1,-4,S,22,0,0,0,0,NA,NA,NA,NA,NA,1,-26,H,0,8,0,0,0,A:U,NA,NA,NA,NA,4,23,1,1,S,5,0,0,0,0,NA,NA,NA,NA,NA,1,6,I,0,0,0,1,0,NA,NA,NA,A:U,G:C,1,7,S,18,0,0,0,0,NA,NA,NA,NA,NA
TTYH_BC_160,0.279,2,1,mismatch,93,6,C,G,I,S,S,0,B,S,S,0,0,1,0,0,NA,C:G,G:C,NA,NA,3,24,8,1,-1,S,2,0,0,0,0,NA,NA,NA,NA,NA,1,-4,S,22,0,0,0,0,NA,NA,NA,NA,NA,1,-26,H,0,8,0,0,0,A:U,NA,NA,NA,NA,4,23,1,1,S,5,0,0,0,0,NA,NA,NA,NA,NA,1,6,I,0,0,0,1,0,NA,NA,NA,A:U,G:C,1,7,S,18,0,0,0,0,NA,NA,NA,NA,NA
TTYH_BC_161,0.0425,2,1,mismatch,91,4,C,G,S,B,I,0,B,S,S,0,0,1,0,0,NA,C:G,G:C,NA,NA,3,24,8,1,-1,S,2,0,0,0,0,NA,NA,NA,NA,NA,1,-4,S,22,0,0,0,0,NA,NA,NA,NA,NA,1,-26,H,0,8,0,0,0,A:U,NA,NA,NA,NA,4,23,1,1,S,6,0,0,0,0,NA,NA,NA,NA,NA,1,7,I,0,0,0,1,0,NA,NA,NA,A:U,C:G,1,8,S,17,0,0,0,0,NA,NA,NA,NA,NA
TTYH_BC_161,0.0425,2,1,mismatch,94,7,U,A,I,S,S,0,B,S,S,0,0,1,0,0,NA,C:G,G:C,NA,NA,3,24,8,1,-1,S,2,0,0,0,0,NA,NA,NA,NA,NA,1,-4,S,22,0,0,0,0,NA,NA,NA,NA,NA,1,-26,H,0,8,0,0,0,A:U,NA,NA,NA,NA,4,23,1,1,S,6,0,0,0,0,NA,NA,NA,NA,NA,1,7,I,0,0,0,1,0,NA,NA,NA,A:U,C:G,1,8,S,17,0,0,0,0,NA,NA,NA,NA,NA
TTYH_BC_162,0.045,2,1,mismatch,91,4,C,G,S,B,I,0,B,S,S,0,0,1,0,0,NA,C:G,G:C,NA,NA,3,24,8,1,-1,S,2,0,0,0,0,NA,NA,NA,NA,NA,1,-4,S,22,0,0,0,0,NA,NA,NA,NA,NA,1,-26,H,0,8,0,0,0,A:U,NA,NA,NA,NA,4,23,1,1,S,7,0,0,0,0,NA,NA,NA,NA,NA,1,8,I,0,0,0,1,0,NA,NA,NA,G:C,U:A,1,9,S,16,0,0,0,0,NA,NA,NA,NA,NA
TTYH_BC_162,0.045,2,1,mismatch,95,8,U,A,I,S,S,0,B,S,S,0,0,1,0,0,NA,C:G,G:C,NA,NA,3,24,8,1,-1,S,2,0,0,0,0,NA,NA,NA,NA,NA,1,-4,S,22,0,0,0,0,NA,NA,NA,NA,NA,1,-26,H,0,8,0,0,0,A:U,NA,NA,NA,NA,4,23,1,1,S,7,0,0,0,0,NA,NA,NA,NA,NA,1,8,I,0,0,0,1,0,NA,NA,NA,G:C,U:A,1,9,S,16,0,0,0,0,NA,NA,NA,NA,NA
TTYH_BC_163,,2,1,mismatch,92,5,G,C,B,S,S,0,I,S,S,0,0,0,1,2,NA,NA,NA,C:G,C:G,3,24,8,1,-1,S,2,0,0,0,0,NA,NA,NA,NA,NA,1,-4,S,22,0,0,0,0,NA,NA,NA,NA,NA,1,-26,H,0,8,0,0,0,A:U,NA,NA,NA,NA,4,22,1,1,S,4,0,0,0,0,NA,NA,NA,NA,NA,1,5,B,0,0,2,0,0,NA,C:G,U:A,NA,NA,1,7,S,18,0,0,0,0,NA,NA,NA,NA,NA
TTYH_BC_163,,2,1,mismatch,93,6,C,G,B,S,S,0,I,S,S,0,0,0,1,2,NA,NA,NA,C:G,C:G,3,24,8,1,-1,S,2,0,0,0,0,NA,NA,NA,NA,NA,1,-4,S,22,0,0,0,0,NA,NA,NA,NA,NA,1,-26,H,0,8,0,0,0,A:U,NA,NA,NA,NA,4,22,1,1,S,4,0,0,0,0,NA,NA,NA,NA,NA,1,5,B,0,0,2,0,0,NA,C:G,U:A,NA,NA,1,7,S,18,0,0,0,0,NA,NA,NA,NA,NA
TTYH_BC_164,0.226,2,1,mismatch,92,5,G,C,I,S,S,1,I,S,S,0,0,0,1,2,NA,NA,NA,C:G,C:G,3,24,8,1,-1,S,2,0,0,0,0,NA,NA,NA,NA,NA,1,-4,S,22,0,0,0,0,NA,NA,NA,NA,NA,1,-26,H,0,8,0,0,0,A:U,NA,NA,NA,NA,4,21,1,1,S,4,0,0,0,0,NA,NA,NA,NA,NA,1,5,I,0,0,0,3,1,NA,NA,NA,A:U,C:G,1,8,S,17,0,0,0,0,NA,NA,NA,NA,NA
TTYH_BC_164,0.226,2,1,mismatch,94,7,U,A,I,S,S,1,I,S,S,0,0,0,1,2,NA,NA,NA,C:G,C:G,3,24,8,1,-1,S,2,0,0,0,0,NA,NA,NA,NA,NA,1,-4,S,22,0,0,0,0,NA,NA,NA,NA,NA,1,-26,H,0,8,0,0,0,A:U,NA,NA,NA,NA,4,21,1,1,S,4,0,0,0,0,NA,NA,NA,NA,NA,1,5,I,0,0,0,3,1,NA,NA,NA,A:U,C:G,1,8,S,17,0,0,0,0,NA,NA,NA,NA,NA
TTYH_BC_165,0.165,2,1,mismatch,92,5,G,C,I,S,S,0,B,S,S,0,0,1,0,0,NA,C:G,G:C,NA,NA,3,24,8,1,-1,S,2,0,0,0,0,NA,NA,NA,NA,NA,1,-4,S,22,0,0,0,0,NA,NA,NA,NA,NA,1,-26,H,0,8,0,0,0,A:U,NA,NA,NA,NA,6,21,1,1,S,3,0,0,0,0,NA,NA,NA,NA,NA,1,4,I,0,0,0,2,0,NA,NA,NA,G:C,G:C,1,6,S,2,0,0,0,0,NA,NA,NA,NA,NA
TTYH_BC_165,0.165,2,1,mismatch,95,8,U,A,I,S,S,0,B,S,S,0,0,1,0,0,NA,C:G,G:C,NA,NA,3,24,8,1,-1,S,2,0,0,0,0,NA,NA,NA,NA,NA,1,-4,S,22,0,0,0,0,NA,NA,NA,NA,NA,1,-26,H,0,8,0,0,0,A:U,NA,NA,NA,NA,6,21,1,1,S,3,0,0,0,0,NA,NA,NA,NA,NA,1,4,I,0,0,0,2,0,NA,NA,NA,G:C,G:C,1,6,S,2,0,0,0,0,NA,NA,NA,NA,NA
TTYH_BC_166,0.1995,2,1,mismatch,93,6,C,G,S,B,I,0,B,S,S,0,0,1,0,0,NA,C:G,G:C,NA,NA,3,24,8,1,-1,S,2,0,0,0,0,NA,NA,NA,NA,NA,1,-4,S,22,0,0,0,0,NA,NA,NA,NA,NA,1,-26,H,0,8,0,0,0,A:U,NA,NA,NA,NA,6,22,1,1,S,3,0,0,0,0,NA,NA,NA,NA,NA,1,4,B,0,0,1,0,0,NA,G:C,G:C,NA,NA,1,5,S,2,0,0,0,0,NA,NA,NA,NA,NA
TTYH_BC_166,0.1995,2,1,mismatch,94,7,U,A,I,S,S,0,B,S,S,0,0,1,0,0,NA,C:G,G:C,NA,NA,3,24,8,1,-1,S,2,0,0,0,0,NA,NA,NA,NA,NA,1,-4,S,22,0,0,0,0,NA,NA,NA,NA,NA,1,-26,H,0,8,0,0,0,A:U,NA,NA,NA,NA,6,22,1,1,S,3,0,0,0,0,NA,NA,NA,NA,NA,1,4,B,0,0,1,0,0,NA,G:C,G:C,NA,NA,1,5,S,2,0,0,0,0,NA,NA,NA,NA,NA
TTYH_BC_167,0.081,2,1,mismatch,93,6,C,G,S,B,I,0,B,S,S,0,0,1,0,0,NA,C:G,G:C,NA,NA,3,24,8,1,-1,S,2,0,0,0,0,NA,NA,NA,NA,NA,1,-4,S,22,0,0,0,0,NA,NA,NA,NA,NA,1,-26,H,0,8,0,0,0,A:U,NA,NA,NA,NA,6,22,1,1,S,3,0,0,0,0,NA,NA,NA,NA,NA,1,4,B,0,0,1,0,0,NA,G:C,G:C,NA,NA,1,5,S,3,0,0,0,0,NA,NA,NA,NA,NA
TTYH_BC_167,0.081,2,1,mismatch,95,8,U,A,I,S,S,0,B,S,S,0,0,1,0,0,NA,C:G,G:C,NA,NA,3,24,8,1,-1,S,2,0,0,0,0,NA,NA,NA,NA,NA,1,-4,S,22,0,0,0,0,NA,NA,NA,NA,NA,1,-26,H,0,8,0,0,0,A:U,NA,NA,NA,NA,6,22,1,1,S,3,0,0,0,0,NA,NA,NA,NA,NA,1,4,B,0,0,1,0,0,NA,G:C,G:C,NA,NA,1,5,S,3,0,0,0,0,NA,NA,NA,NA,NA
TTYH_BC_168,0.3655,2,1,mismatch,94,7,U,A,I,S,S,1,I,S,S,0,0,0,1,1,NA,NA,NA,C:G,C:G,3,24,8,1,-1,S,2,0,0,0,0,NA,NA,NA,NA,NA,1,-4,S,22,0,0,0,0,NA,NA,NA,NA,NA,1,-26,H,0,8,0,0,0,A:U,NA,NA,NA,NA,6,21,1,1,S,3,0,0,0,0,NA,NA,NA,NA,NA,1,4,B,0,0,1,0,0,NA,G:C,G:C,NA,NA,1,5,S,2,0,0,0,0,NA,NA,NA,NA,NA
TTYH_BC_168,0.3655,2,1,mismatch,95,8,U,A,I,S,S,1,I,S,S,0,0,0,1,1,NA,NA,NA,C:G,C:G,3,24,8,1,-1,S,2,0,0,0,0,NA,NA,NA,NA,NA,1,-4,S,22,0,0,0,0,NA,NA,NA,NA,NA,1,-26,H,0,8,0,0,0,A:U,NA,NA,NA,NA,6,21,1,1,S,3,0,0,0,0,NA,NA,NA,NA,NA,1,4,B,0,0,1,0,0,NA,G:C,G:C,NA,NA,1,5,S,2,0,0,0,0,NA,NA,NA,NA,NA
TTYH_BC_169,0.0255,2,1,mismatch,86,-1,C,A,I,S,S,1,I,S,S,0,0,0,6,6,NA,NA,NA,C:G,U:G,2,21,8,1,-5,S,21,0,0,0,0,NA,NA,NA,NA,NA,1,-26,H,0,8,0,0,0,A:U,NA,NA,NA,NA,0,0,NA,0,0,0,0,0,NA,NA,NA,NA,NA,4,22,1,2,S,2,0,0,0,0,NA,NA,NA,NA,NA,1,4,B,0,0,1,0,0,NA,G:C,G:C,NA,NA,1,5,S,20,0,0,0,0,NA,NA,NA,NA,NA
TTYH_BC_169,0.0255,2,1,mismatch,88,1,G,A,I,S,S,1,I,S,S,0,0,0,6,6,NA,NA,NA,C:G,U:G,2,21,8,1,-5,S,21,0,0,0,0,NA,NA,NA,NA,NA,1,-26,H,0,8,0,0,0,A:U,NA,NA,NA,NA,0,0,NA,0,0,0,0,0,NA,NA,NA,NA,NA,4,22,1,2,S,2,0,0,0,0,NA,NA,NA,NA,NA,1,4,B,0,0,1,0,0,NA,G:C,G:C,NA,NA,1,5,S,20,0,0,0,0,NA,NA,NA,NA,NA
TTYH_BC_170,0.013,2,1,mismatch,86,-1,C,A,I,S,S,1,I,S,S,0,0,0,6,6,NA,NA,NA,C:G,U:G,2,21,8,1,-5,S,21,0,0,0,0,NA,NA,NA,NA,NA,1,-26,H,0,8,0,0,0,A:U,NA,NA,NA,NA,0,0,NA,0,0,0,0,0,NA,NA,NA,NA,NA,4,22,1,2,S,2,0,0,0,0,NA,NA,NA,NA,NA,1,4,B,0,0,1,0,0,NA,G:C,G:C,NA,NA,1,5,S,20,0,0,0,0,NA,NA,NA,NA,NA
TTYH_BC_170,0.013,2,1,mismatch,88,1,G,U,I,S,S,1,I,S,S,0,0,0,6,6,NA,NA,NA,C:G,U:G,2,21,8,1,-5,S,21,0,0,0,0,NA,NA,NA,NA,NA,1,-26,H,0,8,0,0,0,A:U,NA,NA,NA,NA,0,0,NA,0,0,0,0,0,NA,NA,NA,NA,NA,4,22,1,2,S,2,0,0,0,0,NA,NA,NA,NA,NA,1,4,B,0,0,1,0,0,NA,G:C,G:C,NA,NA,1,5,S,20,0,0,0,0,NA,NA,NA,NA,NA
TTYH_BC_171,0.001,2,1,mismatch,86,-1,C,A,I,S,S,1,I,S,S,0,0,0,4,2,NA,NA,NA,G:C,G:U,2,22,8,1,-4,S,22,0,0,0,0,NA,NA,NA,NA,NA,1,-26,H,0,8,0,0,0,A:U,NA,NA,NA,NA,0,0,NA,0,0,0,0,0,NA,NA,NA,NA,NA,4,23,1,1,S,3,0,0,0,0,NA,NA,NA,NA,NA,1,4,I,0,0,0,1,2,NA,NA,NA,C:G,G:C,1,5,S,20,0,0,0,0,NA,NA,NA,NA,NA
TTYH_BC_171,0.001,2,1,mismatch,88,1,G,C,S,I,I,0,I,S,S,0,0,0,4,2,NA,NA,NA,G:C,G:U,2,22,8,1,-4,S,22,0,0,0,0,NA,NA,NA,NA,NA,1,-26,H,0,8,0,0,0,A:U,NA,NA,NA,NA,0,0,NA,0,0,0,0,0,NA,NA,NA,NA,NA,4,23,1,1,S,3,0,0,0,0,NA,NA,NA,NA,NA,1,4,I,0,0,0,1,2,NA,NA,NA,C:G,G:C,1,5,S,20,0,0,0,0,NA,NA,NA,NA,NA
TTYH_BC_172,0.0035,2,1,mismatch,86,-1,C,U,S,I,I,0,I,S,S,0,0,0,2,2,NA,NA,NA,C:G,U:G,3,24,8,1,-1,S,2,0,0,0,0,NA,NA,NA,NA,NA,1,-4,S,22,0,0,0,0,NA,NA,NA,NA,NA,1,-26,H,0,8,0,0,0,A:U,NA,NA,NA,NA,4,22,1,2,S,2,0,0,0,0,NA,NA,NA,NA,NA,1,4,B,0,0,1,0,0,NA,G:C,G:C,NA,NA,1,5,S,20,0,0,0,0,NA,NA,NA,NA,NA
TTYH_BC_172,0.0035,2,1,mismatch,88,1,G,A,I,S,S,1,I,S,S,0,0,0,2,2,NA,NA,NA,C:G,U:G,3,24,8,1,-1,S,2,0,0,0,0,NA,NA,NA,NA,NA,1,-4,S,22,0,0,0,0,NA,NA,NA,NA,NA,1,-26,H,0,8,0,0,0,A:U,NA,NA,NA,NA,4,22,1,2,S,2,0,0,0,0,NA,NA,NA,NA,NA,1,4,B,0,0,1,0,0,NA,G:C,G:C,NA,NA,1,5,S,20,0,0,0,0,NA,NA,NA,NA,NA
TTYH_BC_173,0.005,2,1,mismatch,86,-1,C,U,S,I,I,0,I,S,S,0,0,0,2,2,NA,NA,NA,C:G,U:G,3,24,8,1,-1,S,2,0,0,0,0,NA,NA,NA,NA,NA,1,-4,S,22,0,0,0,0,NA,NA,NA,NA,NA,1,-26,H,0,8,0,0,0,A:U,NA,NA,NA,NA,4,22,1,2,S,2,0,0,0,0,NA,NA,NA,NA,NA,1,4,B,0,0,1,0,0,NA,G:C,G:C,NA,NA,1,5,S,20,0,0,0,0,NA,NA,NA,NA,NA
TTYH_BC_173,0.005,2,1,mismatch,88,1,G,U,I,S,S,1,I,S,S,0,0,0,2,2,NA,NA,NA,C:G,U:G,3,24,8,1,-1,S,2,0,0,0,0,NA,NA,NA,NA,NA,1,-4,S,22,0,0,0,0,NA,NA,NA,NA,NA,1,-26,H,0,8,0,0,0,A:U,NA,NA,NA,NA,4,22,1,2,S,2,0,0,0,0,NA,NA,NA,NA,NA,1,4,B,0,0,1,0,0,NA,G:C,G:C,NA,NA,1,5,S,20,0,0,0,0,NA,NA,NA,NA,NA
TTYH_BC_174,0.001,2,1,mismatch,86,-1,C,U,S,I,I,0,I,S,S,0,0,0,2,2,NA,NA,NA,C:G,U:G,3,24,8,1,-1,S,2,0,0,0,0,NA,NA,NA,NA,NA,1,-4,S,22,0,0,0,0,NA,NA,NA,NA,NA,1,-26,H,0,8,0,0,0,A:U,NA,NA,NA,NA,4,22,1,2,S,2,0,0,0,0,NA,NA,NA,NA,NA,1,4,B,0,0,1,0,0,NA,G:C,G:C,NA,NA,1,5,S,20,0,0,0,0,NA,NA,NA,NA,NA
TTYH_BC_174,0.001,2,1,mismatch,88,1,G,C,I,S,S,1,I,S,S,0,0,0,2,2,NA,NA,NA,C:G,U:G,3,24,8,1,-1,S,2,0,0,0,0,NA,NA,NA,NA,NA,1,-4,S,22,0,0,0,0,NA,NA,NA,NA,NA,1,-26,H,0,8,0,0,0,A:U,NA,NA,NA,NA,4,22,1,2,S,2,0,0,0,0,NA,NA,NA,NA,NA,1,4,B,0,0,1,0,0,NA,G:C,G:C,NA,NA,1,5,S,20,0,0,0,0,NA,NA,NA,NA,NA
TTYH_BC_175,0.004,2,1,mismatch,86,-1,C,G,S,I,I,0,I,S,S,0,0,0,2,1,NA,NA,NA,C:G,G:C,3,23,8,1,-1,S,2,0,0,0,0,NA,NA,NA,NA,NA,1,-5,S,21,0,0,0,0,NA,NA,NA,NA,NA,1,-26,H,0,8,0,0,0,A:U,NA,NA,NA,NA,4,22,1,2,S,2,0,0,0,0,NA,NA,NA,NA,NA,1,4,B,0,0,1,0,0,NA,G:C,G:C,NA,NA,1,5,S,20,0,0,0,0,NA,NA,NA,NA,NA
TTYH_BC_175,0.004,2,1,mismatch,88,1,G,A,I,S,S,1,I,S,S,0,0,0,2,1,NA,NA,NA,C:G,G:C,3,23,8,1,-1,S,2,0,0,0,0,NA,NA,NA,NA,NA,1,-5,S,21,0,0,0,0,NA,NA,NA,NA,NA,1,-26,H,0,8,0,0,0,A:U,NA,NA,NA,NA,4,22,1,2,S,2,0,0,0,0,NA,NA,NA,NA,NA,1,4,B,0,0,1,0,0,NA,G:C,G:C,NA,NA,1,5,S,20,0,0,0,0,NA,NA,NA,NA,NA
TTYH_BC_176,0.005,2,1,mismatch,86,-1,C,G,S,I,I,0,I,S,S,0,0,0,2,1,NA,NA,NA,C:G,G:C,3,23,8,1,-1,S,2,0,0,0,0,NA,NA,NA,NA,NA,1,-5,S,21,0,0,0,0,NA,NA,NA,NA,NA,1,-26,H,0,8,0,0,0,A:U,NA,NA,NA,NA,4,22,1,2,S,2,0,0,0,0,NA,NA,NA,NA,NA,1,4,B,0,0,1,0,0,NA,G:C,G:C,NA,NA,1,5,S,20,0,0,0,0,NA,NA,NA,NA,NA
TTYH_BC_176,0.005,2,1,mismatch,88,1,G,U,I,S,S,1,I,S,S,0,0,0,2,1,NA,NA,NA,C:G,G:C,3,23,8,1,-1,S,2,0,0,0,0,NA,NA,NA,NA,NA,1,-5,S,21,0,0,0,0,NA,NA,NA,NA,NA,1,-26,H,0,8,0,0,0,A:U,NA,NA,NA,NA,4,22,1,2,S,2,0,0,0,0,NA,NA,NA,NA,NA,1,4,B,0,0,1,0,0,NA,G:C,G:C,NA,NA,1,5,S,20,0,0,0,0,NA,NA,NA,NA,NA
TTYH_BC_177,0.0,2,1,mismatch,86,-1,C,G,S,I,I,0,I,S,S,0,0,0,2,1,NA,NA,NA,C:G,G:C,3,23,8,1,-1,S,2,0,0,0,0,NA,NA,NA,NA,NA,1,-5,S,21,0,0,0,0,NA,NA,NA,NA,NA,1,-26,H,0,8,0,0,0,A:U,NA,NA,NA,NA,4,22,1,2,S,2,0,0,0,0,NA,NA,NA,NA,NA,1,4,B,0,0,1,0,0,NA,G:C,G:C,NA,NA,1,5,S,20,0,0,0,0,NA,NA,NA,NA,NA
TTYH_BC_177,0.0,2,1,mismatch,88,1,G,C,I,S,S,1,I,S,S,0,0,0,2,1,NA,NA,NA,C:G,G:C,3,23,8,1,-1,S,2,0,0,0,0,NA,NA,NA,NA,NA,1,-5,S,21,0,0,0,0,NA,NA,NA,NA,NA,1,-26,H,0,8,0,0,0,A:U,NA,NA,NA,NA,4,22,1,2,S,2,0,0,0,0,NA,NA,NA,NA,NA,1,4,B,0,0,1,0,0,NA,G:C,G:C,NA,NA,1,5,S,20,0,0,0,0,NA,NA,NA,NA,NA
TTYH_BC_184,0.0035,5,1,mismatch,82,-5,U,G,S,H,B,0,B,S,S,0,0,1,0,0,NA,G:C,G:C,NA,NA,4,25,8,1,-1,S,5,0,0,0,0,NA,NA,NA,NA,NA,1,-6,S,20,0,0,0,0,NA,NA,NA,NA,NA,1,-26,H,0,8,0,0,0,A:U,NA,NA,NA,NA,4,22,1,1,S,4,0,0,0,0,NA,NA,NA,NA,NA,1,5,B,0,0,2,0,0,NA,C:G,U:A,NA,NA,1,7,S,18,0,0,0,0,NA,NA,NA,NA,NA
TTYH_BC_184,0.0035,5,1,mismatch,83,-4,G,U,S,H,B,0,B,S,S,0,0,1,0,0,NA,G:C,G:C,NA,NA,4,25,8,1,-1,S,5,0,0,0,0,NA,NA,NA,NA,NA,1,-6,S,20,0,0,0,0,NA,NA,NA,NA,NA,1,-26,H,0,8,0,0,0,A:U,NA,NA,NA,NA,4,22,1,1,S,4,0,0,0,0,NA,NA,NA,NA,NA,1,5,B,0,0,2,0,0,NA,C:G,U:A,NA,NA,1,7,S,18,0,0,0,0,NA,NA,NA,NA,NA
TTYH_BC_184,0.0035,5,1,mismatch,84,-3,A,C,S,H,B,0,B,S,S,0,0,1,0,0,NA,G:C,G:C,NA,NA,4,25,8,1,-1,S,5,0,0,0,0,NA,NA,NA,NA,NA,1,-6,S,20,0,0,0,0,NA,NA,NA,NA,NA,1,-26,H,0,8,0,0,0,A:U,NA,NA,NA,NA,4,22,1,1,S,4,0,0,0,0,NA,NA,NA,NA,NA,1,5,B,0,0,2,0,0,NA,C:G,U:A,NA,NA,1,7,S,18,0,0,0,0,NA,NA,NA,NA,NA
TTYH_BC_184,0.0035,5,1,mismatch,85,-2,C,G,S,H,B,0,B,S,S,0,0,1,0,0,NA,G:C,G:C,NA,NA,4,25,8,1,-1,S,5,0,0,0,0,NA,NA,NA,NA,NA,1,-6,S,20,0,0,0,0,NA,NA,NA,NA,NA,1,-26,H,0,8,0,0,0,A:U,NA,NA,NA,NA,4,22,1,1,S,4,0,0,0,0,NA,NA,NA,NA,NA,1,5,B,0,0,2,0,0,NA,C:G,U:A,NA,NA,1,7,S,18,0,0,0,0,NA,NA,NA,NA,NA
TTYH_BC_184,0.0035,5,1,mismatch,86,-1,C,G,S,H,B,0,B,S,S,0,0,1,0,0,NA,G:C,G:C,NA,NA,4,25,8,1,-1,S,5,0,0,0,0,NA,NA,NA,NA,NA,1,-6,S,20,0,0,0,0,NA,NA,NA,NA,NA,1,-26,H,0,8,0,0,0,A:U,NA,NA,NA,NA,4,22,1,1,S,4,0,0,0,0,NA,NA,NA,NA,NA,1,5,B,0,0,2,0,0,NA,C:G,U:A,NA,NA,1,7,S,18,0,0,0,0,NA,NA,NA,NA,NA
TTYH_BC_185,0.02,3,1,mismatch,84,-3,A,C,S,H,I,0,I,S,S,0,0,0,3,2,NA,NA,NA,C:G,C:G,4,23,8,1,-3,S,2,0,0,0,0,NA,NA,NA,NA,NA,1,-5,S,21,0,0,0,0,NA,NA,NA,NA,NA,1,-26,H,0,8,0,0,0,A:U,NA,NA,NA,NA,4,23,1,1,S,3,0,0,0,0,NA,NA,NA,NA,NA,1,4,B,0,0,1,0,0,NA,G:C,G:C,NA,NA,1,5,S,20,0,0,0,0,NA,NA,NA,NA,NA
TTYH_BC_185,0.02,3,1,mismatch,85,-2,C,G,I,S,S,1,I,S,S,0,0,0,3,2,NA,NA,NA,C:G,C:G,4,23,8,1,-3,S,2,0,0,0,0,NA,NA,NA,NA,NA,1,-5,S,21,0,0,0,0,NA,NA,NA,NA,NA,1,-26,H,0,8,0,0,0,A:U,NA,NA,NA,NA,4,23,1,1,S,3,0,0,0,0,NA,NA,NA,NA,NA,1,4,B,0,0,1,0,0,NA,G:C,G:C,NA,NA,1,5,S,20,0,0,0,0,NA,NA,NA,NA,NA
TTYH_BC_185,0.02,3,1,mismatch,86,-1,C,G,I,S,S,1,I,S,S,0,0,0,3,2,NA,NA,NA,C:G,C:G,4,23,8,1,-3,S,2,0,0,0,0,NA,NA,NA,NA,NA,1,-5,S,21,0,0,0,0,NA,NA,NA,NA,NA,1,-26,H,0,8,0,0,0,A:U,NA,NA,NA,NA,4,23,1,1,S,3,0,0,0,0,NA,NA,NA,NA,NA,1,4,B,0,0,1,0,0,NA,G:C,G:C,NA,NA,1,5,S,20,0,0,0,0,NA,NA,NA,NA,NA
