rna_id,editing_value,free_energy,num_mutations,mut_exist,mut_type,mut_pos,mut_site_dist,mut_ref_nt,mut_nt,mut_struct,mut_ref_struct,mut_prev_struct,mut_next_struct,mut_same_as_site,site_struct,site_prev_nt,site_next_nt,site_prev_struct,site_next_struct,site_1_1_internal,site_length,site_length_stem,site_length_hairpin,site_length_bulge,site_length_internal_es,site_length_internal_ecs,site_5prm_cp_hairpin,site_5prm_cp_bulge,site_3prm_cp_bulge,site_5prm_cp_internal,site_3prm_cp_internal,u_count,u_all_stem_length,u_hairpin_length,u1_exist,u1_distance,u1_struct,u1_length,u1_length_stem,u1_length_hairpin,u1_length_bulge,u1_length_internal_es,u1_length_internal_ecs,u1_5prm_cp_hairpin,u1_5prm_cp_bulge,u1_3prm_cp_bulge,u1_5prm_cp_internal,u1_3prm_cp_internal,u2_exist,u2_distance,u2_struct,u2_length,u2_length_stem,u2_length_hairpin,u2_length_bulge,u2_length_internal_es,u2_length_internal_ecs,u2_5prm_cp_hairpin,u2_5prm_cp_bulge,u2_3prm_cp_bulge,u2_5prm_cp_internal,u2_3prm_cp_internal,u3_exist,u3_distance,u3_struct,u3_length,u3_length_stem,u3_length_hairpin,u3_length_bulge,u3_length_internal_es,u3_length_internal_ecs,u3_5prm_cp_hairpin,u3_5prm_cp_bulge,u3_3prm_cp_bulge,u3_5prm_cp_internal,u3_3prm_cp_internal,d_count,d_all_stem_length,d1_exist,d1_distance,d1_struct,d1_length,d1_length_stem,d1_length_hairpin,d1_length_bulge,d1_length_internal_es,d1_length_internal_ecs,d1_5prm_cp_hairpin,d1_5prm_cp_bulge,d1_3prm_cp_bulge,d1_5prm_cp_internal,d1_3prm_cp_internal,d2_exist,d2_distance,d2_struct,d2_length,d2_length_stem,d2_length_hairpin,d2_length_bulge,d2_length_internal_es,d2_length_internal_ecs,d2_5prm_cp_hairpin,d2_5prm_cp_bulge,d2_3prm_cp_bulge,d2_5prm_cp_internal,d2_3prm_cp_internal,d3_exist,d3_distance,d3_struct,d3_length,d3_length_stem,d3_length_hairpin,d3_length_bulge,d3_length_internal_es,d3_length_internal_ecs,d3_5prm_cp_hairpin,d3_5prm_cp_bulge,d3_3prm_cp_bulge,d3_5prm_cp_internal,d3_3prm_cp_internal
TTYH_ECS_BC_000,0.294,-87.05,0,0,wt,,,,,,,,,,I,C,G,S,S,A:C,1,,,,1,1,,,,C:G,C:G,4,24,8,1,-1,S,2,2,,,,,,,,,,1,-4,S,22,22,,,,,,,,,,1,-26,H,8,,8,,,,A:U,,,,,4,23,1,1,S,3,3,,,,,,,,,,1,4,B,1,,,1,,,,G:C,G:C,,,1,5,S,20,20,,,,,,,,,
TTYH_ECS_BC_001,0.1955,-80.49,1,1,mismatch,23,-64,G,A,I,S,S,S,1,I,C,G,S,S,A:C,1,,,,1,1,,,,C:G,C:G,4,24,8,1,-1,S,2,2,,,,,,,,,,1,-4,S,22,22,,,,,,,,,,1,-26,H,8,,8,,,,A:U,,,,,4,21,1,1,S,3,3,,,,,,,,,,1,4,I,3,,,,3,2,,,,A:U,G:C,1,7,S,18,18,,,,,,,,,
TTYH_ECS_BC_002,0.258,-82.98,1,1,mismatch,24,-63,C,A,I,S,S,S,0,B,C,G,S,S,,1,,,1,,,,C:G,G:C,,,4,24,8,1,-1,S,2,2,,,,,,,,,,1,-4,S,22,22,,,,,,,,,,1,-26,H,8,,8,,,,A:U,,,,,4,22,1,1,S,3,3,,,,,,,,,,1,4,I,2,,,,2,2,,,,G:C,G:C,1,6,S,19,19,,,,,,,,,
TTYH_ECS_BC_003,0.1835,-86.93,1,1,mismatch,25,-62,C,A,I,S,S,S,0,B,C,G,S,S,,1,,,1,,,,C:G,G:C,,,4,24,8,1,-1,S,2,2,,,,,,,,,,1,-4,S,22,22,,,,,,,,,,1,-26,H,8,,8,,,,A:U,,,,,4,23,1,1,S,3,3,,,,,,,,,,1,4,I,1,,,,1,1,,,,C:G,G:C,1,5,S,20,20,,,,,,,,,
TTYH_ECS_BC_004,0.221,-82.84,1,1,mismatch,26,-61,C,A,I,S,S,S,0,B,C,G,S,S,,1,,,1,,,,C:G,G:C,,,4,24,8,1,-1,S,2,2,,,,,,,,,,1,-4,S,22,22,,,,,,,,,,1,-26,H,8,,8,,,,A:U,,,,,4,22,1,1,S,2,2,,,,,,,,,,1,3,I,2,,,,2,2,,,,C:G,G:C,1,5,S,20,20,,,,,,,,,
TTYH_ECS_BC_005,0.1795,-83.6,1,1,mismatch,27,-60,C,A,I,S,S,S,1,I,C,G,S,S,,2,,,,2,2,,,,C:G,C:G,4,24,8,1,-1,S,2,2,,,,,,,,,,1,-4,S,22,22,,,,,,,,,,1,-26,H,8,,8,,,,A:U,,,,,4,22,1,2,S,2,2,,,,,,,,,,1,4,B,1,,,1,,,,G:C,G:C,,,1,5,S,20,20,,,,,,,,,
TTYH_ECS_BC_006,0.1705,-86.53,1,1,mismatch,28,-59,C,A,I,I,S,S,1,I,C,G,S,S,,1,,,,1,0,,,,C:G,C:G,4,24,8,1,-1,S,2,2,,,,,,,,,,1,-4,S,22,22,,,,,,,,,,1,-26,H,8,,8,,,,A:U,,,,,4,23,1,1,S,3,3,,,,,,,,,,1,4,B,1,,,1,,,,G:C,G:C,,,1,5,S,20,20,,,,,,,,,
TTYH_ECS_BC_007,0.2195,-83.44,1,1,mismatch,29,-58,G,A,I,S,S,S,1,I,C,G,S,S,,5,,,,5,5,,,,C:G,U:G,3,21,8,1,-5,S,21,21,,,,,,,,,,1,-26,H,8,,8,,,,A:U,,,,,1,-83,E,4,,,,,,,,,,,4,23,1,1,S,3,3,,,,,,,,,,1,4,B,1,,,1,,,,G:C,G:C,,,1,5,S,20,20,,,,,,,,,
TTYH_ECS_BC_008,0.246,-83.54,1,1,mismatch,30,-57,G,A,I,S,S,S,1,I,C,G,S,S,,4,,,,4,3,,,,C:G,G:U,3,22,8,1,-4,S,22,22,,,,,,,,,,1,-26,H,8,,8,,,,A:U,,,,,1,-83,E,4,,,,,,,,,,,4,23,1,1,S,3,3,,,,,,,,,,1,4,I,1,,,,1,0,,,,C:G,G:C,1,5,S,20,20,,,,,,,,,
TTYH_ECS_BC_009,0.3,-86.53,1,1,mismatch,31,-56,C,A,I,I,S,S,1,I,C,G,S,S,A:C,1,,,,1,1,,,,C:G,C:G,4,23,8,1,-1,S,2,2,,,,,,,,,,1,-5,S,21,21,,,,,,,,,,1,-26,H,8,,8,,,,A:U,,,,,4,23,1,1,S,3,3,,,,,,,,,,1,4,B,1,,,1,,,,G:C,G:C,,,1,5,S,20,20,,,,,,,,,
TTYH_ECS_BC_010,0.345,-87.78,1,1,mismatch,32,-55,U,A,I,S,S,S,1,I,C,G,S,S,A:C,1,,,,1,1,,,,C:G,C:G,4,23,8,1,-1,S,2,2,,,,,,,,,,1,-5,S,21,21,,,,,,,,,,1,-26,H,8,,8,,,,A:U,,,,,4,23,1,1,S,3,3,,,,,,,,,,1,4,B,1,,,1,,,,G:C,G:C,,,1,5,S,20,20,,,,,,,,,
TTYH_ECS_BC_011,0.276,-87.8,1,1,mismatch,33,-54,G,A,S,S,I,H,0,I,C,G,S,S,A:C,1,,,,1,1,,,,C:G,C:G,4,24,8,1,-1,S,2,2,,,,,,,,,,1,-4,S,22,22,,,,,,,,,,1,-26,H,8,,8,,,,A:U,,,,,4,23,1,1,S,3,3,,,,,,,,,,1,4,B,1,,,1,,,,G:C,G:C,,,1,5,S,20,20,,,,,,,,,
TTYH_ECS_BC_012,0.266,-81.9,1,1,mismatch,34,-53,C,A,I,S,S,S,1,I,C,G,S,S,A:C,1,,,,1,1,,,,C:G,C:G,5,22,8,1,-1,S,2,2,,,,,,,,,,1,-4,S,1,1,,,,,,,,,,1,-7,S,19,19,,,,,,,,,,4,23,1,1,S,3,3,,,,,,,,,,1,4,B,1,,,1,,,,G:C,G:C,,,1,5,S,20,20,,,,,,,,,
TTYH_ECS_BC_013,0.2185,-80.03,1,1,mismatch,35,-52,C,A,I,S,S,S,1,I,C,G,S,S,A:C,1,,,,1,1,,,,C:G,C:G,5,23,8,1,-1,S,2,2,,,,,,,,,,1,-4,S,3,3,,,,,,,,,,1,-8,S,18,18,,,,,,,,,,4,23,1,1,S,3,3,,,,,,,,,,1,4,B,1,,,1,,,,G:C,G:C,,,1,5,S,20,20,,,,,,,,,
TTYH_ECS_BC_014,0.2045,-80.57,1,1,mismatch,36,-51,C,A,I,S,S,S,1,I,C,G,S,S,A:C,1,,,,1,1,,,,C:G,C:G,5,23,8,1,-1,S,2,2,,,,,,,,,,1,-4,S,4,4,,,,,,,,,,1,-9,S,17,17,,,,,,,,,,4,23,1,1,S,3,3,,,,,,,,,,1,4,B,1,,,1,,,,G:C,G:C,,,1,5,S,20,20,,,,,,,,,
TTYH_ECS_BC_015,0.2335,-82.64,1,1,mismatch,21,-66,A,U,I,S,S,S,1,I,C,G,S,S,A:C,1,,,,1,1,,,,C:G,C:G,4,24,8,1,-1,S,2,2,,,,,,,,,,1,-4,S,22,22,,,,,,,,,,1,-26,H,8,,8,,,,A:U,,,,,6,22,1,1,S,3,3,,,,,,,,,,1,4,B,1,,,1,,,,G:C,G:C,,,1,5,S,3,3,,,,,,,,,
TTYH_ECS_BC_016,0.269,-83.3,1,1,mismatch,22,-65,A,U,I,S,S,S,1,I,C,G,S,S,A:C,1,,,,1,1,,,,C:G,C:G,4,24,8,1,-1,S,2,2,,,,,,,,,,1,-4,S,22,22,,,,,,,,,,1,-26,H,8,,8,,,,A:U,,,,,6,22,1,1,S,3,3,,,,,,,,,,1,4,B,1,,,1,,,,G:C,G:C,,,1,5,S,2,2,,,,,,,,,
TTYH_ECS_BC_017,0.2325,-80.5,1,1,mismatch,23,-64,G,U,I,S,S,S,1,I,C,G,S,S,A:C,1,,,,1,1,,,,C:G,C:G,4,24,8,1,-1,S,2,2,,,,,,,,,,1,-4,S,22,22,,,,,,,,,,1,-26,H,8,,8,,,,A:U,,,,,4,21,1,1,S,3,3,,,,,,,,,,1,4,I,3,,,,3,2,,,,A:U,G:C,1,7,S,18,18,,,,,,,,,
TTYH_ECS_BC_018,0.2465,-84.79,1,1,mismatch,24,-63,C,U,S,S,E,I,0,B,C,G,S,S,,1,,,1,,,,C:G,G:C,,,4,24,8,1,-1,S,2,2,,,,,,,,,,1,-4,S,22,22,,,,,,,,,,1,-26,H,8,,8,,,,A:U,,,,,4,23,1,1,S,3,3,,,,,,,,,,1,4,I,1,,,,1,0,,,,U:G,G:C,1,5,S,20,20,,,,,,,,,
TTYH_ECS_BC_019,0.1655,-86.54,1,1,mismatch,25,-62,C,U,I,S,S,S,0,B,C,G,S,S,,1,,,1,,,,C:G,G:C,,,4,24,8,1,-1,S,2,2,,,,,,,,,,1,-4,S,22,22,,,,,,,,,,1,-26,H,8,,8,,,,A:U,,,,,4,23,1,1,S,3,3,,,,,,,,,,1,4,I,1,,,,1,1,,,,C:G,G:C,1,5,S,20,20,,,,,,,,,
TTYH_ECS_BC_020,0.33,-84.23,1,1,mismatch,26,-61,C,U,S,S,E,I,0,I,C,G,S,S,A:C,1,,,,1,1,,,,C:G,C:G,4,24,8,1,-1,S,2,2,,,,,,,,,,1,-4,S,22,22,,,,,,,,,,1,-26,H,8,,8,,,,A:U,,,,,4,23,1,1,S,3,3,,,,,,,,,,1,4,B,1,,,1,,,,G:C,G:C,,,1,5,S,20,20,,,,,,,,,
TTYH_ECS_BC_021,0.1405,-85.02,1,1,mismatch,27,-60,C,U,S,S,E,I,0,I,C,G,S,S,A:C,1,,,,1,1,,,,U:G,C:G,4,24,8,1,-1,S,2,2,,,,,,,,,,1,-4,S,22,22,,,,,,,,,,1,-26,H,8,,8,,,,A:U,,,,,4,23,1,1,S,3,3,,,,,,,,,,1,4,B,1,,,1,,,,G:C,G:C,,,1,5,S,20,20,,,,,,,,,
TTYH_ECS_BC_022,0.1845,-91.62,1,1,mismatch,28,-59,C,U,S,I,E,I,1,S,C,G,I,B,,6,6,,,,,,,,,,3,22,8,1,-4,S,22,22,,,,,,,,,,1,-26,H,8,,8,,,,A:U,,,,,1,-83,E,4,,,,,,,,,,,3,20,1,4,B,1,,,1,,,,G:C,G:C,,,1,5,S,20,20,,,,,,,,,,1,25,E,4,,,,,,,,,,
TTYH_ECS_BC_023,0.106,-86.78,1,1,mismatch,29,-58,G,U,S,S,I,I,1,S,C,G,I,I,,5,5,,,,,,,,,,3,22,8,1,-4,S,22,22,,,,,,,,,,1,-26,H,8,,8,,,,A:U,,,,,1,-83,E,4,,,,,,,,,,,3,20,1,4,I,1,,,,1,0,,,,C:G,G:C,1,5,S,20,20,,,,,,,,,,1,25,E,4,,,,,,,,,,
TTYH_ECS_BC_024,0.188,-85.54,1,1,mismatch,30,-57,G,U,S,S,I,B,0,I,C,G,S,S,,2,,,,2,1,,,,C:G,C:G,5,24,8,1,-2,S,3,3,,,,,,,,,,1,-5,S,21,21,,,,,,,,,,1,-26,H,8,,8,,,,A:U,,,,,4,23,1,1,S,3,3,,,,,,,,,,1,4,B,1,,,1,,,,G:C,G:C,,,1,5,S,20,20,,,,,,,,,
TTYH_ECS_BC_025,0.1275,-91.44,1,1,mismatch,31,-56,C,U,S,I,I,H,0,I,C,G,S,S,A:C,1,,,,1,1,,,,C:G,C:G,3,25,8,1,-1,S,25,25,,,,,,,,,,1,-26,H,8,,8,,,,A:U,,,,,1,-83,E,4,,,,,,,,,,,4,23,1,1,S,3,3,,,,,,,,,,1,4,B,1,,,1,,,,G:C,G:C,,,1,5,S,20,20,,,,,,,,,
TTYH_ECS_BC_026,0.287,-84.78,1,1,mismatch,33,-54,G,U,I,S,S,S,1,I,C,G,S,S,A:C,1,,,,1,1,,,,C:G,C:G,4,22,8,1,-1,S,2,2,,,,,,,,,,1,-6,S,20,20,,,,,,,,,,1,-26,H,8,,8,,,,A:U,,,,,4,23,1,1,S,3,3,,,,,,,,,,1,4,B,1,,,1,,,,G:C,G:C,,,1,5,S,20,20,,,,,,,,,
TTYH_ECS_BC_027,0.262,-82.19,1,1,mismatch,34,-53,C,U,S,S,I,H,0,I,C,G,S,S,A:C,1,,,,1,1,,,,C:G,C:G,4,22,8,1,-1,S,2,2,,,,,,,,,,1,-6,S,20,20,,,,,,,,,,1,-26,H,8,,8,,,,A:U,,,,,4,23,1,1,S,3,3,,,,,,,,,,1,4,B,1,,,1,,,,G:C,G:C,,,1,5,S,20,20,,,,,,,,,
TTYH_ECS_BC_028,0.2005,-84.06,1,1,mismatch,35,-52,C,U,S,S,I,H,0,I,C,G,S,S,A:C,1,,,,1,1,,,,C:G,C:G,4,24,8,1,-1,S,2,2,,,,,,,,,,1,-4,S,22,22,,,,,,,,,,1,-26,H,8,,8,,,,A:U,,,,,4,23,1,1,S,3,3,,,,,,,,,,1,4,B,1,,,1,,,,G:C,G:C,,,1,5,S,20,20,,,,,,,,,
TTYH_ECS_BC_029,0.134,-84.76,1,1,mismatch,36,-51,C,U,S,S,I,H,0,I,C,G,S,S,A:C,1,,,,1,1,,,,C:G,C:G,4,24,8,1,-1,S,2,2,,,,,,,,,,1,-4,S,22,22,,,,,,,,,,1,-26,H,8,,8,,,,A:U,,,,,4,23,1,1,S,3,3,,,,,,,,,,1,4,B,1,,,1,,,,G:C,G:C,,,1,5,S,20,20,,,,,,,,,
TTYH_ECS_BC_030,0.266,-82.58,1,1,mismatch,21,-66,A,C,I,S,S,S,1,I,C,G,S,S,A:C,1,,,,1,1,,,,C:G,C:G,4,24,8,1,-1,S,2,2,,,,,,,,,,1,-4,S,22,22,,,,,,,,,,1,-26,H,8,,8,,,,A:U,,,,,6,22,1,1,S,3,3,,,,,,,,,,1,4,B,1,,,1,,,,G:C,G:C,,,1,5,S,3,3,,,,,,,,,
TTYH_ECS_BC_031,0.394,-82.99,1,1,mismatch,22,-65,A,C,I,S,S,S,1,I,C,G,S,S,A:C,1,,,,1,1,,,,C:G,C:G,4,24,8,1,-1,S,2,2,,,,,,,,,,1,-4,S,22,22,,,,,,,,,,1,-26,H,8,,8,,,,A:U,,,,,6,22,1,1,S,3,3,,,,,,,,,,1,4,B,1,,,1,,,,G:C,G:C,,,1,5,S,2,2,,,,,,,,,
TTYH_ECS_BC_032,0.2305,-80.68,1,1,mismatch,23,-64,G,C,I,S,S,S,1,I,C,G,S,S,A:C,1,,,,1,1,,,,C:G,C:G,4,24,8,1,-1,S,2,2,,,,,,,,,,1,-4,S,22,22,,,,,,,,,,1,-26,H,8,,8,,,,A:U,,,,,4,21,1,1,S,3,3,,,,,,,,,,1,4,I,3,,,,3,2,,,,A:U,G:C,1,7,S,18,18,,,,,,,,,
TTYH_ECS_BC_033,0.0855,-83.35,1,1,mismatch,29,-58,G,C,I,S,S,S,1,I,C,G,S,S,,5,,,,5,5,,,,C:G,U:G,3,21,8,1,-5,S,21,21,,,,,,,,,,1,-26,H,8,,8,,,,A:U,,,,,1,-83,E,4,,,,,,,,,,,4,23,1,1,S,3,3,,,,,,,,,,1,4,B,1,,,1,,,,G:C,G:C,,,1,5,S,20,20,,,,,,,,,
TTYH_ECS_BC_034,0.1105,-83.53,1,1,mismatch,30,-57,G,C,I,S,S,S,1,I,C,G,S,S,,4,,,,4,3,,,,C:G,G:U,3,22,8,1,-4,S,22,22,,,,,,,,,,1,-26,H,8,,8,,,,A:U,,,,,1,-83,E,4,,,,,,,,,,,4,23,1,1,S,3,3,,,,,,,,,,1,4,I,1,,,,1,0,,,,C:G,G:C,1,5,S,20,20,,,,,,,,,
TTYH_ECS_BC_035,0.2605,-89.15,1,1,mismatch,32,-55,U,C,S,S,I,H,0,I,C,G,S,S,A:C,1,,,,1,1,,,,C:G,C:G,4,24,8,1,-1,S,2,2,,,,,,,,,,1,-4,S,22,22,,,,,,,,,,1,-26,H,8,,8,,,,A:U,,,,,4,23,1,1,S,3,3,,,,,,,,,,1,4,B,1,,,1,,,,G:C,G:C,,,1,5,S,20,20,,,,,,,,,
TTYH_ECS_BC_036,0.218,-86.09,1,1,mismatch,33,-54,G,C,S,S,B,H,0,I,C,G,S,S,A:C,1,,,,1,1,,,,C:G,C:G,7,24,8,1,-1,S,2,2,,,,,,,,,,1,-3,S,2,2,,,,,,,,,,1,-5,B,1,,,1,,,,G:C,G:C,,,4,23,1,1,S,3,3,,,,,,,,,,1,4,B,1,,,1,,,,G:C,G:C,,,1,5,S,20,20,,,,,,,,,
TTYH_ECS_BC_037,0.352,-86.55,1,1,mismatch,21,-66,A,G,S,S,E,I,0,I,C,G,S,S,A:C,1,,,,1,1,,,,C:G,C:G,4,24,8,1,-1,S,2,2,,,,,,,,,,1,-4,S,22,22,,,,,,,,,,1,-26,H,8,,8,,,,A:U,,,,,4,23,1,1,S,3,3,,,,,,,,,,1,4,B,1,,,1,,,,G:C,G:C,,,1,5,S,20,20,,,,,,,,,
TTYH_ECS_BC_038,0.656,-86.76,1,1,mismatch,22,-65,A,G,S,S,E,I,0,I,C,G,S,S,A:C,1,,,,1,1,,,,C:G,C:G,4,24,8,1,-1,S,2,2,,,,,,,,,,1,-4,S,22,22,,,,,,,,,,1,-26,H,8,,8,,,,A:U,,,,,4,23,1,1,S,3,3,,,,,,,,,,1,4,B,1,,,1,,,,G:C,G:C,,,1,5,S,20,20,,,,,,,,,
TTYH_ECS_BC_039,0.0745,-86.93,1,1,mismatch,24,-63,C,G,S,S,E,I,0,I,C,G,S,S,A:C,1,,,,1,1,,,,C:G,C:G,4,24,8,1,-1,S,2,2,,,,,,,,,,1,-4,S,22,22,,,,,,,,,,1,-26,H,8,,8,,,,A:U,,,,,4,23,1,1,S,4,4,,,,,,,,,,1,5,B,1,,,1,,,,C:G,C:G,,,1,6,S,19,19,,,,,,,,,
TTYH_ECS_BC_040,0.3075,-92.33,1,1,mismatch,25,-62,C,G,S,S,E,I,0,B,C,G,S,S,,1,,,1,,,,C:G,G:C,,,4,24,8,1,-1,S,2,2,,,,,,,,,,1,-4,S,22,22,,,,,,,,,,1,-26,H,8,,8,,,,A:U,,,,,2,24,1,1,S,24,24,,,,,,,,,,1,25,E,4,,,,,,,,,,,0,0,,,,,,,,,,,,
TTYH_ECS_BC_041,0.078,-84.47,1,1,mismatch,26,-61,C,G,S,S,B,I,0,B,C,G,S,S,,2,,,2,,,,C:G,G:C,,,5,24,8,1,-1,S,2,2,,,,,,,,,,1,-4,S,22,22,,,,,,,,,,1,-26,H,8,,8,,,,A:U,,,,,3,23,1,2,S,3,3,,,,,,,,,,1,5,S,20,20,,,,,,,,,,1,25,E,4,,,,,,,,,,
TTYH_ECS_BC_042,0.147,-84.09,1,1,mismatch,27,-60,C,G,I,S,S,S,1,I,C,G,S,S,,2,,,,2,2,,,,C:G,C:G,4,24,8,1,-1,S,2,2,,,,,,,,,,1,-4,S,22,22,,,,,,,,,,1,-26,H,8,,8,,,,A:U,,,,,4,22,1,2,S,2,2,,,,,,,,,,1,4,B,1,,,1,,,,G:C,G:C,,,1,5,S,20,20,,,,,,,,,
TTYH_ECS_BC_043,0.075,-87.0,1,1,mismatch,28,-59,C,G,I,I,S,S,1,I,C,G,S,S,A:G,1,,,,1,1,,,,C:G,C:G,4,24,8,1,-1,S,2,2,,,,,,,,,,1,-4,S,22,22,,,,,,,,,,1,-26,H,8,,8,,,,A:U,,,,,4,23,1,1,S,3,3,,,,,,,,,,1,4,B,1,,,1,,,,G:C,G:C,,,1,5,S,20,20,,,,,,,,,
TTYH_ECS_BC_044,0.1485,-88.48,1,1,mismatch,31,-56,C,G,I,I,S,S,1,I,C,G,S,S,A:C,1,,,,1,1,,,,C:G,C:G,4,23,8,1,-1,S,2,2,,,,,,,,,,1,-5,S,21,21,,,,,,,,,,1,-26,H,8,,8,,,,A:U,,,,,4,23,1,1,S,3,3,,,,,,,,,,1,4,B,1,,,1,,,,G:C,G:C,,,1,5,S,20,20,,,,,,,,,
TTYH_ECS_BC_045,0.281,-87.67,1,1,mismatch,32,-55,U,G,I,S,S,S,1,I,C,G,S,S,A:C,1,,,,1,1,,,,C:G,C:G,4,23,8,1,-1,S,2,2,,,,,,,,,,1,-5,S,21,21,,,,,,,,,,1,-26,H,8,,8,,,,A:U,,,,,4,23,1,1,S,3,3,,,,,,,,,,1,4,B,1,,,1,,,,G:C,G:C,,,1,5,S,20,20,,,,,,,,,
TTYH_ECS_BC_046,0.3035,-82.78,1,1,mismatch,34,-53,C,G,I,S,S,S,1,I,C,G,S,S,A:C,1,,,,1,1,,,,C:G,C:G,5,23,8,1,-1,S,2,2,,,,,,,,,,1,-4,S,2,2,,,,,,,,,,1,-7,S,19,19,,,,,,,,,,4,23,1,1,S,3,3,,,,,,,,,,1,4,B,1,,,1,,,,G:C,G:C,,,1,5,S,20,20,,,,,,,,,
TTYH_ECS_BC_047,0.2085,-82.66,1,1,mismatch,35,-52,C,G,I,S,S,S,1,I,C,G,S,S,A:C,1,,,,1,1,,,,C:G,C:G,5,23,8,1,-1,S,2,2,,,,,,,,,,1,-4,S,3,3,,,,,,,,,,1,-8,S,18,18,,,,,,,,,,4,23,1,1,S,3,3,,,,,,,,,,1,4,B,1,,,1,,,,G:C,G:C,,,1,5,S,20,20,,,,,,,,,
TTYH_ECS_BC_048,0.2575,-83.06,1,1,mismatch,36,-51,C,G,I,S,S,S,1,I,C,G,S,S,A:C,1,,,,1,1,,,,C:G,C:G,5,23,8,1,-1,S,2,2,,,,,,,,,,1,-4,S,4,4,,,,,,,,,,1,-9,S,17,17,,,,,,,,,,4,23,1,1,S,3,3,,,,,,,,,,1,4,B,1,,,1,,,,G:C,G:C,,,1,5,S,20,20,,,,,,,,,
TTYH_ECS_BC_049,0.1675,-82.26,2,1,mismatch,21,-66,A,U,I,S,S,S,1,I,C,G,S,S,A:C,1,,,,1,1,,,,C:G,C:G,4,24,8,1,-1,S,2,2,,,,,,,,,,1,-4,S,22,22,,,,,,,,,,1,-26,H,8,,8,,,,A:U,,,,,6,21,1,1,S,3,3,,,,,,,,,,1,4,B,1,,,1,,,,G:C,G:C,,,1,5,S,2,2,,,,,,,,,
TTYH_ECS_BC_049,0.1675,-82.26,2,1,mismatch,22,-65,A,U,I,S,S,S,1,I,C,G,S,S,A:C,1,,,,1,1,,,,C:G,C:G,4,24,8,1,-1,S,2,2,,,,,,,,,,1,-4,S,22,22,,,,,,,,,,1,-26,H,8,,8,,,,A:U,,,,,6,21,1,1,S,3,3,,,,,,,,,,1,4,B,1,,,1,,,,G:C,G:C,,,1,5,S,2,2,,,,,,,,,
TTYH_ECS_BC_050,0.08,-77.33,2,1,mismatch,21,-66,A,U,I,S,S,S,1,I,C,G,S,S,A:C,1,,,,1,1,,,,C:G,C:G,4,24,8,1,-1,S,2,2,,,,,,,,,,1,-4,S,22,22,,,,,,,,,,1,-26,H,8,,8,,,,A:U,,,,,4,19,1,1,S,3,3,,,,,,,,,,1,4,I,5,,,,5,4,,,,G:C,G:C,1,9,S,16,16,,,,,,,,,
TTYH_ECS_BC_050,0.08,-77.33,2,1,mismatch,23,-64,G,C,I,S,S,S,1,I,C,G,S,S,A:C,1,,,,1,1,,,,C:G,C:G,4,24,8,1,-1,S,2,2,,,,,,,,,,1,-4,S,22,22,,,,,,,,,,1,-26,H,8,,8,,,,A:U,,,,,4,19,1,1,S,3,3,,,,,,,,,,1,4,I,5,,,,5,4,,,,G:C,G:C,1,9,S,16,16,,,,,,,,,
TTYH_ECS_BC_051,0.1335,-82.77,2,1,mismatch,21,-66,A,U,I,S,S,S,1,I,C,G,S,S,A:C,1,,,,1,1,,,,C:G,C:G,4,24,8,1,-1,S,2,2,,,,,,,,,,1,-4,S,22,22,,,,,,,,,,1,-26,H,8,,8,,,,A:U,,,,,6,22,1,1,S,4,4,,,,,,,,,,1,5,B,1,,,1,,,,C:G,C:G,,,1,6,S,2,2,,,,,,,,,
TTYH_ECS_BC_051,0.1335,-82.77,2,1,mismatch,24,-63,C,G,S,S,I,I,0,I,C,G,S,S,A:C,1,,,,1,1,,,,C:G,C:G,4,24,8,1,-1,S,2,2,,,,,,,,,,1,-4,S,22,22,,,,,,,,,,1,-26,H,8,,8,,,,A:U,,,,,6,22,1,1,S,4,4,,,,,,,,,,1,5,B,1,,,1,,,,C:G,C:G,,,1,6,S,2,2,,,,,,,,,
TTYH_ECS_BC_052,0.0735,-87.92,2,1,mismatch,21,-66,A,U,I,S,S,S,0,B,C,G,S,S,,1,,,1,,,,C:G,G:C,,,4,24,8,1,-1,S,2,2,,,,,,,,,,1,-4,S,22,22,,,,,,,,,,1,-26,H,8,,8,,,,A:U,,,,,4,23,1,1,S,7,7,,,,,,,,,,1,8,I,1,,,,1,0,,,,G:C,U:A,1,9,S,16,16,,,,,,,,,
TTYH_ECS_BC_052,0.0735,-87.92,2,1,mismatch,25,-62,C,G,S,S,I,I,0,B,C,G,S,S,,1,,,1,,,,C:G,G:C,,,4,24,8,1,-1,S,2,2,,,,,,,,,,1,-4,S,22,22,,,,,,,,,,1,-26,H,8,,8,,,,A:U,,,,,4,23,1,1,S,7,7,,,,,,,,,,1,8,I,1,,,,1,0,,,,G:C,U:A,1,9,S,16,16,,,,,,,,,
TTYH_ECS_BC_053,0.0505,-80.07,2,1,mismatch,21,-66,A,U,I,S,S,S,0,B,C,G,S,S,,2,,,2,,,,C:G,G:C,,,5,24,8,1,-1,S,2,2,,,,,,,,,,1,-4,S,22,22,,,,,,,,,,1,-26,H,8,,8,,,,A:U,,,,,5,22,1,2,S,3,3,,,,,,,,,,1,5,S,3,3,,,,,,,,,,1,8,I,1,,,,1,0,,,,G:C,U:A
TTYH_ECS_BC_053,0.0505,-80.07,2,1,mismatch,26,-61,C,G,S,S,B,I,0,B,C,G,S,S,,2,,,2,,,,C:G,G:C,,,5,24,8,1,-1,S,2,2,,,,,,,,,,1,-4,S,22,22,,,,,,,,,,1,-26,H,8,,8,,,,A:U,,,,,5,22,1,2,S,3,3,,,,,,,,,,1,5,S,3,3,,,,,,,,,,1,8,I,1,,,,1,0,,,,G:C,U:A
TTYH_ECS_BC_054,0.095,-81.5,2,1,mismatch,21,-66,A,U,I,S,S,S,0,S,C,G,S,I,,5,5,,,,,,,,,,5,24,8,1,-1,S,2,2,,,,,,,,,,1,-4,S,22,22,,,,,,,,,,1,-26,H,8,,8,,,,A:U,,,,,3,16,1,5,I,4,,,,4,2,,,,G:C,C:G,1,9,S,16,16,,,,,,,,,,1,25,E,4,,,,,,,,,,
TTYH_ECS_BC_054,0.095,-81.5,2,1,mismatch,27,-60,C,U,S,S,I,B,1,S,C,G,S,I,,5,5,,,,,,,,,,5,24,8,1,-1,S,2,2,,,,,,,,,,1,-4,S,22,22,,,,,,,,,,1,-26,H,8,,8,,,,A:U,,,,,3,16,1,5,I,4,,,,4,2,,,,G:C,C:G,1,9,S,16,16,,,,,,,,,,1,25,E,4,,,,,,,,,,
TTYH_ECS_BC_055,0.041,-87.21,2,1,mismatch,21,-66,A,U,I,S,S,S,0,S,C,G,I,B,,6,6,,,,,,,,,,3,22,8,1,-4,S,22,22,,,,,,,,,,1,-26,H,8,,8,,,,A:U,,,,,1,-83,E,4,,,,,,,,,,,5,19,1,4,B,1,,,1,,,,G:C,G:C,,,1,5,S,3,3,,,,,,,,,,1,8,I,1,,,,1,0,,,,G:C,U:A
TTYH_ECS_BC_055,0.041,-87.21,2,1,mismatch,28,-59,C,U,S,I,I,I,1,S,C,G,I,B,,6,6,,,,,,,,,,3,22,8,1,-4,S,22,22,,,,,,,,,,1,-26,H,8,,8,,,,A:U,,,,,1,-83,E,4,,,,,,,,,,,5,19,1,4,B,1,,,1,,,,G:C,G:C,,,1,5,S,3,3,,,,,,,,,,1,8,I,1,,,,1,0,,,,G:C,U:A
TTYH_ECS_BC_056,0.044,-78.95,2,1,mismatch,21,-66,A,U,I,S,S,S,1,I,C,G,S,S,,5,,,,5,5,,,,C:G,U:G,3,21,8,1,-5,S,21,21,,,,,,,,,,1,-26,H,8,,8,,,,A:U,,,,,1,-83,E,4,,,,,,,,,,,6,22,1,1,S,3,3,,,,,,,,,,1,4,B,1,,,1,,,,G:C,G:C,,,1,5,S,3,3,,,,,,,,,
TTYH_ECS_BC_056,0.044,-78.95,2,1,mismatch,29,-58,G,C,I,S,S,S,1,I,C,G,S,S,,5,,,,5,5,,,,C:G,U:G,3,21,8,1,-5,S,21,21,,,,,,,,,,1,-26,H,8,,8,,,,A:U,,,,,1,-83,E,4,,,,,,,,,,,6,22,1,1,S,3,3,,,,,,,,,,1,4,B,1,,,1,,,,G:C,G:C,,,1,5,S,3,3,,,,,,,,,
TTYH_ECS_BC_057,0.0355,-79.12,2,1,mismatch,21,-66,A,U,I,S,S,S,1,I,C,G,S,S,,4,,,,4,3,,,,C:G,G:U,3,22,8,1,-4,S,22,22,,,,,,,,,,1,-26,H,8,,8,,,,A:U,,,,,1,-83,E,4,,,,,,,,,,,6,22,1,1,S,3,3,,,,,,,,,,1,4,I,1,,,,1,0,,,,C:G,G:C,1,5,S,3,3,,,,,,,,,
TTYH_ECS_BC_057,0.0355,-79.12,2,1,mismatch,30,-57,G,C,I,S,S,S,1,I,C,G,S,S,,4,,,,4,3,,,,C:G,G:U,3,22,8,1,-4,S,22,22,,,,,,,,,,1,-26,H,8,,8,,,,A:U,,,,,1,-83,E,4,,,,,,,,,,,6,22,1,1,S,3,3,,,,,,,,,,1,4,I,1,,,,1,0,,,,C:G,G:C,1,5,S,3,3,,,,,,,,,
TTYH_ECS_BC_058,0.2355,-87.03,2,1,mismatch,21,-66,A,U,I,S,S,S,1,I,C,G,S,S,A:C,1,,,,1,1,,,,C:G,C:G,3,25,8,1,-1,S,25,25,,,,,,,,,,1,-26,H,8,,8,,,,A:U,,,,,1,-83,E,4,,,,,,,,,,,6,22,1,1,S,3,3,,,,,,,,,,1,4,B,1,,,1,,,,G:C,G:C,,,1,5,S,3,3,,,,,,,,,
TTYH_ECS_BC_058,0.2355,-87.03,2,1,mismatch,31,-56,C,U,S,I,I,H,0,I,C,G,S,S,A:C,1,,,,1,1,,,,C:G,C:G,3,25,8,1,-1,S,25,25,,,,,,,,,,1,-26,H,8,,8,,,,A:U,,,,,1,-83,E,4,,,,,,,,,,,6,22,1,1,S,3,3,,,,,,,,,,1,4,B,1,,,1,,,,G:C,G:C,,,1,5,S,3,3,,,,,,,,,
TTYH_ECS_BC_059,0.267,-83.26,2,1,mismatch,21,-66,A,U,I,S,S,S,1,I,C,G,S,S,A:C,1,,,,1,1,,,,C:G,C:G,4,23,8,1,-1,S,2,2,,,,,,,,,,1,-5,S,21,21,,,,,,,,,,1,-26,H,8,,8,,,,A:U,,,,,6,22,1,1,S,3,3,,,,,,,,,,1,4,B,1,,,1,,,,G:C,G:C,,,1,5,S,3,3,,,,,,,,,
TTYH_ECS_BC_059,0.267,-83.26,2,1,mismatch,32,-55,U,G,I,S,S,S,1,I,C,G,S,S,A:C,1,,,,1,1,,,,C:G,C:G,4,23,8,1,-1,S,2,2,,,,,,,,,,1,-5,S,21,21,,,,,,,,,,1,-26,H,8,,8,,,,A:U,,,,,6,22,1,1,S,3,3,,,,,,,,,,1,4,B,1,,,1,,,,G:C,G:C,,,1,5,S,3,3,,,,,,,,,
TTYH_ECS_BC_060,0.311,-80.37,2,1,mismatch,21,-66,A,U,I,S,S,S,1,I,C,G,S,S,A:C,1,,,,1,1,,,,C:G,C:G,4,22,8,1,-1,S,2,2,,,,,,,,,,1,-6,S,20,20,,,,,,,,,,1,-26,H,8,,8,,,,A:U,,,,,6,22,1,1,S,3,3,,,,,,,,,,1,4,B,1,,,1,,,,G:C,G:C,,,1,5,S,3,3,,,,,,,,,
TTYH_ECS_BC_060,0.311,-80.37,2,1,mismatch,33,-54,G,U,I,S,S,S,1,I,C,G,S,S,A:C,1,,,,1,1,,,,C:G,C:G,4,22,8,1,-1,S,2,2,,,,,,,,,,1,-6,S,20,20,,,,,,,,,,1,-26,H,8,,8,,,,A:U,,,,,6,22,1,1,S,3,3,,,,,,,,,,1,4,B,1,,,1,,,,G:C,G:C,,,1,5,S,3,3,,,,,,,,,
TTYH_ECS_BC_061,0.3,-78.36,2,1,mismatch,21,-66,A,U,I,S,S,S,1,I,C,G,S,S,A:C,1,,,,1,1,,,,C:G,C:G,5,23,8,1,-1,S,2,2,,,,,,,,,,1,-4,S,2,2,,,,,,,,,,1,-7,S,19,19,,,,,,,,,,6,22,1,1,S,3,3,,,,,,,,,,1,4,B,1,,,1,,,,G:C,G:C,,,1,5,S,3,3,,,,,,,,,
TTYH_ECS_BC_061,0.3,-78.36,2,1,mismatch,34,-53,C,G,I,S,S,S,1,I,C,G,S,S,A:C,1,,,,1,1,,,,C:G,C:G,5,23,8,1,-1,S,2,2,,,,,,,,,,1,-4,S,2,2,,,,,,,,,,1,-7,S,19,19,,,,,,,,,,6,22,1,1,S,3,3,,,,,,,,,,1,4,B,1,,,1,,,,G:C,G:C,,,1,5,S,3,3,,,,,,,,,
TTYH_ECS_BC_062,0.315,-78.25,2,1,mismatch,21,-66,A,U,I,S,S,S,1,I,C,G,S,S,A:C,1,,,,1,1,,,,C:G,C:G,5,23,8,1,-1,S,2,2,,,,,,,,,,1,-4,S,3,3,,,,,,,,,,1,-8,S,18,18,,,,,,,,,,6,22,1,1,S,3,3,,,,,,,,,,1,4,B,1,,,1,,,,G:C,G:C,,,1,5,S,3,3,,,,,,,,,
TTYH_ECS_BC_062,0.315,-78.25,2,1,mismatch,35,-52,C,G,I,S,S,S,1,I,C,G,S,S,A:C,1,,,,1,1,,,,C:G,C:G,5,23,8,1,-1,S,2,2,,,,,,,,,,1,-4,S,3,3,,,,,,,,,,1,-8,S,18,18,,,,,,,,,,6,22,1,1,S,3,3,,,,,,,,,,1,4,B,1,,,1,,,,G:C,G:C,,,1,5,S,3,3,,,,,,,,,
TTYH_ECS_BC_063,0.298,-78.65,2,1,mismatch,21,-66,A,U,I,S,S,S,1,I,C,G,S,S,A:C,1,,,,1,1,,,,C:G,C:G,5,23,8,1,-1,S,2,2,,,,,,,,,,1,-4,S,4,4,,,,,,,,,,1,-9,S,17,17,,,,,,,,,,6,22,1,1,S,3,3,,,,,,,,,,1,4,B,1,,,1,,,,G:C,G:C,,,1,5,S,3,3,,,,,,,,,
TTYH_ECS_BC_063,0.298,-78.65,2,1,mismatch,36,-51,C,G,I,S,S,S,1,I,C,G,S,S,A:C,1,,,,1,1,,,,C:G,C:G,5,23,8,1,-1,S,2,2,,,,,,,,,,1,-4,S,4,4,,,,,,,,,,1,-9,S,17,17,,,,,,,,,,6,22,1,1,S,3,3,,,,,,,,,,1,4,B,1,,,1,,,,G:C,G:C,,,1,5,S,3,3,,,,,,,,,
TTYH_ECS_BC_064,0.2375,-79.97,2,1,mismatch,22,-65,A,U,I,S,S,S,1,I,C,G,S,S,A:C,1,,,,1,1,,,,C:G,C:G,4,24,8,1,-1,S,2,2,,,,,,,,,,1,-4,S,22,22,,,,,,,,,,1,-26,H,8,,8,,,,A:U,,,,,4,20,1,1,S,3,3,,,,,,,,,,1,4,I,4,,,,4,3,,,,A:U,G:C,1,8,S,17,17,,,,,,,,,
TTYH_ECS_BC_064,0.2375,-79.97,2,1,mismatch,23,-64,G,C,I,S,S,S,1,I,C,G,S,S,A:C,1,,,,1,1,,,,C:G,C:G,4,24,8,1,-1,S,2,2,,,,,,,,,,1,-4,S,22,22,,,,,,,,,,1,-26,H,8,,8,,,,A:U,,,,,4,20,1,1,S,3,3,,,,,,,,,,1,4,I,4,,,,4,3,,,,A:U,G:C,1,8,S,17,17,,,,,,,,,
TTYH_ECS_BC_065,0.098,-83.36,2,1,mismatch,22,-65,A,U,I,S,S,S,1,I,C,G,S,S,A:C,1,,,,1,1,,,,C:G,C:G,4,24,8,1,-1,S,2,2,,,,,,,,,,1,-4,S,22,22,,,,,,,,,,1,-26,H,8,,8,,,,A:U,,,,,4,21,1,1,S,4,4,,,,,,,,,,1,5,I,3,,,,3,2,,,,A:U,C:G,1,8,S,17,17,,,,,,,,,
TTYH_ECS_BC_065,0.098,-83.36,2,1,mismatch,24,-63,C,G,S,S,I,I,0,I,C,G,S,S,A:C,1,,,,1,1,,,,C:G,C:G,4,24,8,1,-1,S,2,2,,,,,,,,,,1,-4,S,22,22,,,,,,,,,,1,-26,H,8,,8,,,,A:U,,,,,4,21,1,1,S,4,4,,,,,,,,,,1,5,I,3,,,,3,2,,,,A:U,C:G,1,8,S,17,17,,,,,,,,,
TTYH_ECS_BC_066,0.0405,-88.57,2,1,mismatch,22,-65,A,U,I,S,S,S,0,B,C,G,S,S,,1,,,1,,,,C:G,G:C,,,4,24,8,1,-1,S,2,2,,,,,,,,,,1,-4,S,22,22,,,,,,,,,,1,-26,H,8,,8,,,,A:U,,,,,4,23,1,1,S,6,6,,,,,,,,,,1,7,I,1,,,,1,0,,,,A:U,C:G,1,8,S,17,17,,,,,,,,,
TTYH_ECS_BC_066,0.0405,-88.57,2,1,mismatch,25,-62,C,G,S,S,I,I,0,B,C,G,S,S,,1,,,1,,,,C:G,G:C,,,4,24,8,1,-1,S,2,2,,,,,,,,,,1,-4,S,22,22,,,,,,,,,,1,-26,H,8,,8,,,,A:U,,,,,4,23,1,1,S,6,6,,,,,,,,,,1,7,I,1,,,,1,0,,,,A:U,C:G,1,8,S,17,17,,,,,,,,,
TTYH_ECS_BC_067,0.021,-80.73,2,1,mismatch,22,-65,A,U,I,S,S,S,0,B,C,G,S,S,,2,,,2,,,,C:G,G:C,,,5,24,8,1,-1,S,2,2,,,,,,,,,,1,-4,S,22,22,,,,,,,,,,1,-26,H,8,,8,,,,A:U,,,,,5,22,1,2,S,3,3,,,,,,,,,,1,5,S,2,2,,,,,,,,,,1,7,I,1,,,,1,0,,,,A:U,C:G
TTYH_ECS_BC_067,0.021,-80.73,2,1,mismatch,26,-61,C,G,S,S,B,I,0,B,C,G,S,S,,2,,,2,,,,C:G,G:C,,,5,24,8,1,-1,S,2,2,,,,,,,,,,1,-4,S,22,22,,,,,,,,,,1,-26,H,8,,8,,,,A:U,,,,,5,22,1,2,S,3,3,,,,,,,,,,1,5,S,2,2,,,,,,,,,,1,7,I,1,,,,1,0,,,,A:U,C:G
TTYH_ECS_BC_068,0.0345,-81.73,2,1,mismatch,22,-65,A,U,S,S,E,I,0,I,C,G,S,S,,1,,,,1,2,,,,C:G,C:G,4,24,8,1,-1,S,2,2,,,,,,,,,,1,-4,S,22,22,,,,,,,,,,1,-26,H,8,,8,,,,A:U,,,,,4,22,1,1,S,5,5,,,,,,,,,,1,6,B,2,,,2,,,,G:U,U:A,,,1,8,S,17,17,,,,,,,,,
TTYH_ECS_BC_068,0.0345,-81.73,2,1,mismatch,27,-60,C,G,I,S,S,S,1,I,C,G,S,S,,1,,,,1,2,,,,C:G,C:G,4,24,8,1,-1,S,2,2,,,,,,,,,,1,-4,S,22,22,,,,,,,,,,1,-26,H,8,,8,,,,A:U,,,,,4,22,1,1,S,5,5,,,,,,,,,,1,6,B,2,,,2,,,,G:U,U:A,,,1,8,S,17,17,,,,,,,,,
TTYH_ECS_BC_069,0.0825,-87.86,2,1,mismatch,22,-65,A,U,I,S,S,S,0,S,C,G,I,B,,6,6,,,,,,,,,,3,22,8,1,-4,S,22,22,,,,,,,,,,1,-26,H,8,,8,,,,A:U,,,,,1,-83,E,4,,,,,,,,,,,5,19,1,4,B,1,,,1,,,,G:C,G:C,,,1,5,S,2,2,,,,,,,,,,1,7,I,1,,,,1,0,,,,A:U,C:G
TTYH_ECS_BC_069,0.0825,-87.86,2,1,mismatch,28,-59,C,U,S,I,I,I,1,S,C,G,I,B,,6,6,,,,,,,,,,3,22,8,1,-4,S,22,22,,,,,,,,,,1,-26,H,8,,8,,,,A:U,,,,,1,-83,E,4,,,,,,,,,,,5,19,1,4,B,1,,,1,,,,G:C,G:C,,,1,5,S,2,2,,,,,,,,,,1,7,I,1,,,,1,0,,,,A:U,C:G
TTYH_ECS_BC_070,0.033,-79.62,2,1,mismatch,22,-65,A,U,I,S,S,S,1,I,C,G,S,S,,5,,,,5,5,,,,C:G,U:G,3,21,8,1,-5,S,21,21,,,,,,,,,,1,-26,H,8,,8,,,,A:U,,,,,1,-83,E,4,,,,,,,,,,,6,22,1,1,S,3,3,,,,,,,,,,1,4,B,1,,,1,,,,G:C,G:C,,,1,5,S,2,2,,,,,,,,,
TTYH_ECS_BC_070,0.033,-79.62,2,1,mismatch,29,-58,G,C,I,S,S,S,1,I,C,G,S,S,,5,,,,5,5,,,,C:G,U:G,3,21,8,1,-5,S,21,21,,,,,,,,,,1,-26,H,8,,8,,,,A:U,,,,,1,-83,E,4,,,,,,,,,,,6,22,1,1,S,3,3,,,,,,,,,,1,4,B,1,,,1,,,,G:C,G:C,,,1,5,S,2,2,,,,,,,,,
TTYH_ECS_BC_071,0.0515,-79.78,2,1,mismatch,22,-65,A,U,I,S,S,S,1,I,C,G,S,S,,4,,,,4,3,,,,C:G,G:U,3,22,8,1,-4,S,22,22,,,,,,,,,,1,-26,H,8,,8,,,,A:U,,,,,1,-83,E,4,,,,,,,,,,,6,22,1,1,S,3,3,,,,,,,,,,1,4,I,1,,,,1,0,,,,C:G,G:C,1,5,S,2,2,,,,,,,,,
TTYH_ECS_BC_071,0.0515,-79.78,2,1,mismatch,30,-57,G,C,I,S,S,S,1,I,C,G,S,S,,4,,,,4,3,,,,C:G,G:U,3,22,8,1,-4,S,22,22,,,,,,,,,,1,-26,H,8,,8,,,,A:U,,,,,1,-83,E,4,,,,,,,,,,,6,22,1,1,S,3,3,,,,,,,,,,1,4,I,1,,,,1,0,,,,C:G,G:C,1,5,S,2,2,,,,,,,,,
TTYH_ECS_BC_072,0.264,-87.68,2,1,mismatch,22,-65,A,U,I,S,S,S,1,I,C,G,S,S,A:C,1,,,,1,1,,,,C:G,C:G,3,25,8,1,-1,S,25,25,,,,,,,,,,1,-26,H,8,,8,,,,A:U,,,,,1,-83,E,4,,,,,,,,,,,6,22,1,1,S,3,3,,,,,,,,,,1,4,B,1,,,1,,,,G:C,G:C,,,1,5,S,2,2,,,,,,,,,
TTYH_ECS_BC_072,0.264,-87.68,2,1,mismatch,31,-56,C,U,S,I,I,H,0,I,C,G,S,S,A:C,1,,,,1,1,,,,C:G,C:G,3,25,8,1,-1,S,25,25,,,,,,,,,,1,-26,H,8,,8,,,,A:U,,,,,1,-83,E,4,,,,,,,,,,,6,22,1,1,S,3,3,,,,,,,,,,1,4,B,1,,,1,,,,G:C,G:C,,,1,5,S,2,2,,,,,,,,,
TTYH_ECS_BC_073,0.292,-83.91,2,1,mismatch,22,-65,A,U,I,S,S,S,1,I,C,G,S,S,A:C,1,,,,1,1,,,,C:G,C:G,4,23,8,1,-1,S,2,2,,,,,,,,,,1,-5,S,21,21,,,,,,,,,,1,-26,H,8,,8,,,,A:U,,,,,6,22,1,1,S,3,3,,,,,,,,,,1,4,B,1,,,1,,,,G:C,G:C,,,1,5,S,2,2,,,,,,,,,
TTYH_ECS_BC_073,0.292,-83.91,2,1,mismatch,32,-55,U,G,I,S,S,S,1,I,C,G,S,S,A:C,1,,,,1,1,,,,C:G,C:G,4,23,8,1,-1,S,2,2,,,,,,,,,,1,-5,S,21,21,,,,,,,,,,1,-26,H,8,,8,,,,A:U,,,,,6,22,1,1,S,3,3,,,,,,,,,,1,4,B,1,,,1,,,,G:C,G:C,,,1,5,S,2,2,,,,,,,,,
TTYH_ECS_BC_074,0.3135,-81.03,2,1,mismatch,22,-65,A,U,I,S,S,S,1,I,C,G,S,S,A:C,1,,,,1,1,,,,C:G,C:G,4,22,8,1,-1,S,2,2,,,,,,,,,,1,-6,S,20,20,,,,,,,,,,1,-26,H,8,,8,,,,A:U,,,,,6,22,1,1,S,3,3,,,,,,,,,,1,4,B,1,,,1,,,,G:C,G:C,,,1,5,S,2,2,,,,,,,,,
TTYH_ECS_BC_074,0.3135,-81.03,2,1,mismatch,33,-54,G,U,I,S,S,S,1,I,C,G,S,S,A:C,1,,,,1,1,,,,C:G,C:G,4,22,8,1,-1,S,2,2,,,,,,,,,,1,-6,S,20,20,,,,,,,,,,1,-26,H,8,,8,,,,A:U,,,,,6,22,1,1,S,3,3,,,,,,,,,,1,4,B,1,,,1,,,,G:C,G:C,,,1,5,S,2,2,,,,,,,,,
TTYH_ECS_BC_075,0.2995,-79.02,2,1,mismatch,22,-65,A,U,I,S,S,S,1,I,C,G,S,S,A:C,1,,,,1,1,,,,C:G,C:G,5,23,8,1,-1,S,2,2,,,,,,,,,,1,-4,S,2,2,,,,,,,,,,1,-7,S,19,19,,,,,,,,,,6,22,1,1,S,3,3,,,,,,,,,,1,4,B,1,,,1,,,,G:C,G:C,,,1,5,S,2,2,,,,,,,,,
TTYH_ECS_BC_075,0.2995,-79.02,2,1,mismatch,34,-53,C,G,I,S,S,S,1,I,C,G,S,S,A:C,1,,,,1,1,,,,C:G,C:G,5,23,8,1,-1,S,2,2,,,,,,,,,,1,-4,S,2,2,,,,,,,,,,1,-7,S,19,19,,,,,,,,,,6,22,1,1,S,3,3,,,,,,,,,,1,4,B,1,,,1,,,,G:C,G:C,,,1,5,S,2,2,,,,,,,,,
TTYH_ECS_BC_076,0.29,-78.9,2,1,mismatch,22,-65,A,U,I,S,S,S,1,I,C,G,S,S,A:C,1,,,,1,1,,,,C:G,C:G,5,23,8,1,-1,S,2,2,,,,,,,,,,1,-4,S,3,3,,,,,,,,,,1,-8,S,18,18,,,,,,,,,,6,22,1,1,S,3,3,,,,,,,,,,1,4,B,1,,,1,,,,G:C,G:C,,,1,5,S,2,2,,,,,,,,,
TTYH_ECS_BC_076,0.29,-78.9,2,1,mismatch,35,-52,C,G,I,S,S,S,1,I,C,G,S,S,A:C,1,,,,1,1,,,,C:G,C:G,5,23,8,1,-1,S,2,2,,,,,,,,,,1,-4,S,3,3,,,,,,,,,,1,-8,S,18,18,,,,,,,,,,6,22,1,1,S,3,3,,,,,,,,,,1,4,B,1,,,1,,,,G:C,G:C,,,1,5,S,2,2,,,,,,,,,
TTYH_ECS_BC_077,0.3545,-79.3,2,1,mismatch,22,-65,A,U,I,S,S,S,1,I,C,G,S,S,A:C,1,,,,1,1,,,,C:G,C:G,5,23,8,1,-1,S,2,2,,,,,,,,,,1,-4,S,4,4,,,,,,,,,,1,-9,S,17,17,,,,,,,,,,6,22,1,1,S,3,3,,,,,,,,,,1,4,B,1,,,1,,,,G:C,G:C,,,1,5,S,2,2,,,,,,,,,
TTYH_ECS_BC_077,0.3545,-79.3,2,1,mismatch,36,-51,C,G,I,S,S,S,1,I,C,G,S,S,A:C,1,,,,1,1,,,,C:G,C:G,5,23,8,1,-1,S,2,2,,,,,,,,,,1,-4,S,4,4,,,,,,,,,,1,-9,S,17,17,,,,,,,,,,6,22,1,1,S,3,3,,,,,,,,,,1,4,B,1,,,1,,,,G:C,G:C,,,1,5,S,2,2,,,,,,,,,
TTYH_ECS_BC_078,0.064,-86.14,2,1,mismatch,23,-64,G,C,S,S,E,I,0,I,C,G,S,S,A:C,1,,,,1,1,,,,C:G,C:G,4,24,8,1,-1,S,2,2,,,,,,,,,,1,-4,S,22,22,,,,,,,,,,1,-26,H,8,,8,,,,A:U,,,,,4,23,1,1,S,5,5,,,,,,,,,,1,6,B,1,,,1,,,,G:C,U:A,,,1,7,S,18,18,,,,,,,,,
TTYH_ECS_BC_078,0.064,-86.14,2,1,mismatch,24,-63,C,G,S,S,E,I,0,I,C,G,S,S,A:C,1,,,,1,1,,,,C:G,C:G,4,24,8,1,-1,S,2,2,,,,,,,,,,1,-4,S,22,22,,,,,,,,,,1,-26,H,8,,8,,,,A:U,,,,,4,23,1,1,S,5,5,,,,,,,,,,1,6,B,1,,,1,,,,G:C,U:A,,,1,7,S,18,18,,,,,,,,,
TTYH_ECS_BC_079,0.019,-85.7,2,1,mismatch,23,-64,G,C,I,S,S,S,0,B,C,G,S,S,,1,,,1,,,,C:G,G:C,,,4,24,8,1,-1,S,2,2,,,,,,,,,,1,-4,S,22,22,,,,,,,,,,1,-26,H,8,,8,,,,A:U,,,,,4,23,1,1,S,5,5,,,,,,,,,,1,6,I,1,,,,1,0,,,,A:U,G:C,1,7,S,18,18,,,,,,,,,
TTYH_ECS_BC_079,0.019,-85.7,2,1,mismatch,25,-62,C,G,S,S,I,I,0,B,C,G,S,S,,1,,,1,,,,C:G,G:C,,,4,24,8,1,-1,S,2,2,,,,,,,,,,1,-4,S,22,22,,,,,,,,,,1,-26,H,8,,8,,,,A:U,,,,,4,23,1,1,S,5,5,,,,,,,,,,1,6,I,1,,,,1,0,,,,A:U,G:C,1,7,S,18,18,,,,,,,,,
TTYH_ECS_BC_080,0.015,-79.33,2,1,mismatch,23,-64,G,C,I,S,S,S,0,B,C,G,S,S,,2,,,2,,,,C:G,G:C,,,4,24,8,1,-1,S,2,2,,,,,,,,,,1,-4,S,22,22,,,,,,,,,,1,-26,H,8,,8,,,,A:U,,,,,4,22,1,2,S,4,4,,,,,,,,,,1,6,I,1,,,,1,2,,,,A:U,G:C,1,7,S,18,18,,,,,,,,,
TTYH_ECS_BC_080,0.015,-79.33,2,1,mismatch,26,-61,C,G,S,S,I,I,0,B,C,G,S,S,,2,,,2,,,,C:G,G:C,,,4,24,8,1,-1,S,2,2,,,,,,,,,,1,-4,S,22,22,,,,,,,,,,1,-26,H,8,,8,,,,A:U,,,,,4,22,1,2,S,4,4,,,,,,,,,,1,6,I,1,,,,1,2,,,,A:U,G:C,1,7,S,18,18,,,,,,,,,
TTYH_ECS_BC_081,0.034,-79.42,2,1,mismatch,23,-64,G,C,I,S,S,S,1,I,C,G,S,S,,1,,,,1,2,,,,C:G,C:G,4,24,8,1,-1,S,2,2,,,,,,,,,,1,-4,S,22,22,,,,,,,,,,1,-26,H,8,,8,,,,A:U,,,,,4,21,1,1,S,3,3,,,,,,,,,,1,4,I,3,,,,3,1,,,,A:U,G:C,1,7,S,18,18,,,,,,,,,
TTYH_ECS_BC_081,0.034,-79.42,2,1,mismatch,27,-60,C,G,I,S,S,S,1,I,C,G,S,S,,1,,,,1,2,,,,C:G,C:G,4,24,8,1,-1,S,2,2,,,,,,,,,,1,-4,S,22,22,,,,,,,,,,1,-26,H,8,,8,,,,A:U,,,,,4,21,1,1,S,3,3,,,,,,,,,,1,4,I,3,,,,3,1,,,,A:U,G:C,1,7,S,18,18,,,,,,,,,
TTYH_ECS_BC_082,0.04,-85.26,2,1,mismatch,23,-64,G,C,I,S,S,S,0,S,C,G,I,I,,6,6,,,,,,,,,,3,22,8,1,-4,S,22,22,,,,,,,,,,1,-26,H,8,,8,,,,A:U,,,,,1,-83,E,4,,,,,,,,,,,3,18,1,4,I,3,,,,3,2,,,,A:U,G:C,1,7,S,18,18,,,,,,,,,,1,25,E,4,,,,,,,,,,
TTYH_ECS_BC_082,0.04,-85.26,2,1,mismatch,28,-59,C,U,S,I,I,I,1,S,C,G,I,I,,6,6,,,,,,,,,,3,22,8,1,-4,S,22,22,,,,,,,,,,1,-26,H,8,,8,,,,A:U,,,,,1,-83,E,4,,,,,,,,,,,3,18,1,4,I,3,,,,3,2,,,,A:U,G:C,1,7,S,18,18,,,,,,,,,,1,25,E,4,,,,,,,,,,
TTYH_ECS_BC_083,0.027,-77.02,2,1,mismatch,23,-64,G,C,I,S,S,S,1,I,C,G,S,S,,4,,,,4,3,,,,C:G,G:U,3,22,8,1,-4,S,22,22,,,,,,,,,,1,-26,H,8,,8,,,,A:U,,,,,1,-83,E,4,,,,,,,,,,,4,21,1,1,S,3,3,,,,,,,,,,1,4,I,3,,,,3,3,,,,A:U,G:C,1,7,S,18,18,,,,,,,,,
TTYH_ECS_BC_083,0.027,-77.02,2,1,mismatch,29,-58,G,C,I,S,S,S,1,I,C,G,S,S,,4,,,,4,3,,,,C:G,G:U,3,22,8,1,-4,S,22,22,,,,,,,,,,1,-26,H,8,,8,,,,A:U,,,,,1,-83,E,4,,,,,,,,,,,4,21,1,1,S,3,3,,,,,,,,,,1,4,I,3,,,,3,3,,,,A:U,G:C,1,7,S,18,18,,,,,,,,,
TTYH_ECS_BC_084,0.0405,-77.15,2,1,mismatch,23,-64,G,C,I,S,S,S,1,I,C,G,S,S,,4,,,,4,3,,,,C:G,G:U,3,22,8,1,-4,S,22,22,,,,,,,,,,1,-26,H,8,,8,,,,A:U,,,,,1,-83,E,4,,,,,,,,,,,4,21,1,1,S,3,3,,,,,,,,,,1,4,I,3,,,,3,3,,,,A:U,G:C,1,7,S,18,18,,,,,,,,,
TTYH_ECS_BC_084,0.0405,-77.15,2,1,mismatch,30,-57,G,C,I,S,S,S,1,I,C,G,S,S,,4,,,,4,3,,,,C:G,G:U,3,22,8,1,-4,S,22,22,,,,,,,,,,1,-26,H,8,,8,,,,A:U,,,,,1,-83,E,4,,,,,,,,,,,4,21,1,1,S,3,3,,,,,,,,,,1,4,I,3,,,,3,3,,,,A:U,G:C,1,7,S,18,18,,,,,,,,,
TTYH_ECS_BC_085,0.142,-85.07,2,1,mismatch,23,-64,G,C,I,S,S,S,1,I,C,G,S,S,A:C,1,,,,1,1,,,,C:G,C:G,3,25,8,1,-1,S,25,25,,,,,,,,,,1,-26,H,8,,8,,,,A:U,,,,,1,-83,E,4,,,,,,,,,,,4,21,1,1,S,3,3,,,,,,,,,,1,4,I,3,,,,3,2,,,,A:U,G:C,1,7,S,18,18,,,,,,,,,
TTYH_ECS_BC_085,0.142,-85.07,2,1,mismatch,31,-56,C,U,S,I,I,H,0,I,C,G,S,S,A:C,1,,,,1,1,,,,C:G,C:G,3,25,8,1,-1,S,25,25,,,,,,,,,,1,-26,H,8,,8,,,,A:U,,,,,1,-83,E,4,,,,,,,,,,,4,21,1,1,S,3,3,,,,,,,,,,1,4,I,3,,,,3,2,,,,A:U,G:C,1,7,S,18,18,,,,,,,,,
TTYH_ECS_BC_086,0.2005,-81.3,2,1,mismatch,23,-64,G,C,I,S,S,S,1,I,C,G,S,S,A:C,1,,,,1,1,,,,C:G,C:G,4,23,8,1,-1,S,2,2,,,,,,,,,,1,-5,S,21,21,,,,,,,,,,1,-26,H,8,,8,,,,A:U,,,,,4,21,1,1,S,3,3,,,,,,,,,,1,4,I,3,,,,3,2,,,,A:U,G:C,1,7,S,18,18,,,,,,,,,
TTYH_ECS_BC_086,0.2005,-81.3,2,1,mismatch,32,-55,U,G,I,S,S,S,1,I,C,G,S,S,A:C,1,,,,1,1,,,,C:G,C:G,4,23,8,1,-1,S,2,2,,,,,,,,,,1,-5,S,21,21,,,,,,,,,,1,-26,H,8,,8,,,,A:U,,,,,4,21,1,1,S,3,3,,,,,,,,,,1,4,I,3,,,,3,2,,,,A:U,G:C,1,7,S,18,18,,,,,,,,,
TTYH_ECS_BC_087,0.192,-78.41,2,1,mismatch,23,-64,G,C,I,S,S,S,1,I,C,G,S,S,A:C,1,,,,1,1,,,,C:G,C:G,4,22,8,1,-1,S,2,2,,,,,,,,,,1,-6,S,20,20,,,,,,,,,,1,-26,H,8,,8,,,,A:U,,,,,4,21,1,1,S,3,3,,,,,,,,,,1,4,I,3,,,,3,2,,,,A:U,G:C,1,7,S,18,18,,,,,,,,,
TTYH_ECS_BC_087,0.192,-78.41,2,1,mismatch,33,-54,G,U,I,S,S,S,1,I,C,G,S,S,A:C,1,,,,1,1,,,,C:G,C:G,4,22,8,1,-1,S,2,2,,,,,,,,,,1,-6,S,20,20,,,,,,,,,,1,-26,H,8,,8,,,,A:U,,,,,4,21,1,1,S,3,3,,,,,,,,,,1,4,I,3,,,,3,2,,,,A:U,G:C,1,7,S,18,18,,,,,,,,,
TTYH_ECS_BC_088,0.228,-76.4,2,1,mismatch,23,-64,G,C,I,S,S,S,1,I,C,G,S,S,A:C,1,,,,1,1,,,,C:G,C:G,5,23,8,1,-1,S,2,2,,,,,,,,,,1,-4,S,2,2,,,,,,,,,,1,-7,S,19,19,,,,,,,,,,4,21,1,1,S,3,3,,,,,,,,,,1,4,I,3,,,,3,2,,,,A:U,G:C,1,7,S,18,18,,,,,,,,,
TTYH_ECS_BC_088,0.228,-76.4,2,1,mismatch,34,-53,C,G,I,S,S,S,1,I,C,G,S,S,A:C,1,,,,1,1,,,,C:G,C:G,5,23,8,1,-1,S,2,2,,,,,,,,,,1,-4,S,2,2,,,,,,,,,,1,-7,S,19,19,,,,,,,,,,4,21,1,1,S,3,3,,,,,,,,,,1,4,I,3,,,,3,2,,,,A:U,G:C,1,7,S,18,18,,,,,,,,,
TTYH_ECS_BC_089,0.147,-76.28,2,1,mismatch,23,-64,G,C,I,S,S,S,1,I,C,G,S,S,A:C,1,,,,1,1,,,,C:G,C:G,5,23,8,1,-1,S,2,2,,,,,,,,,,1,-4,S,3,3,,,,,,,,,,1,-8,S,18,18,,,,,,,,,,4,21,1,1,S,3,3,,,,,,,,,,1,4,I,3,,,,3,2,,,,A:U,G:C,1,7,S,18,18,,,,,,,,,
TTYH_ECS_BC_089,0.147,-76.28,2,1,mismatch,35,-52,C,G,I,S,S,S,1,I,C,G,S,S,A:C,1,,,,1,1,,,,C:G,C:G,5,23,8,1,-1,S,2,2,,,,,,,,,,1,-4,S,3,3,,,,,,,,,,1,-8,S,18,18,,,,,,,,,,4,21,1,1,S,3,3,,,,,,,,,,1,4,I,3,,,,3,2,,,,A:U,G:C,1,7,S,18,18,,,,,,,,,
TTYH_ECS_BC_090,0.1955,-76.69,2,1,mismatch,23,-64,G,C,I,S,S,S,1,I,C,G,S,S,A:C,1,,,,1,1,,,,C:G,C:G,5,23,8,1,-1,S,2,2,,,,,,,,,,1,-4,S,4,4,,,,,,,,,,1,-9,S,17,17,,,,,,,,,,4,21,1,1,S,3,3,,,,,,,,,,1,4,I,3,,,,3,2,,,,A:U,G:C,1,7,S,18,18,,,,,,,,,
TTYH_ECS_BC_090,0.1955,-76.69,2,1,mismatch,36,-51,C,G,I,S,S,S,1,I,C,G,S,S,A:C,1,,,,1,1,,,,C:G,C:G,5,23,8,1,-1,S,2,2,,,,,,,,,,1,-4,S,4,4,,,,,,,,,,1,-9,S,17,17,,,,,,,,,,4,21,1,1,S,3,3,,,,,,,,,,1,4,I,3,,,,3,2,,,,A:U,G:C,1,7,S,18,18,,,,,,,,,
TTYH_ECS_BC_091,0.008,-88.73,2,1,mismatch,24,-63,C,G,I,S,S,S,0,B,C,G,S,S,,1,,,1,,,,C:G,G:C,,,4,24,8,1,-1,S,2,2,,,,,,,,,,1,-4,S,22,22,,,,,,,,,,1,-26,H,8,,8,,,,A:U,,,,,4,23,1,1,S,4,4,,,,,,,,,,1,5,I,1,,,,1,0,,,,G:C,C:G,1,6,S,19,19,,,,,,,,,
TTYH_ECS_BC_091,0.008,-88.73,2,1,mismatch,25,-62,C,G,S,S,I,I,0,B,C,G,S,S,,1,,,1,,,,C:G,G:C,,,4,24,8,1,-1,S,2,2,,,,,,,,,,1,-4,S,22,22,,,,,,,,,,1,-26,H,8,,8,,,,A:U,,,,,4,23,1,1,S,4,4,,,,,,,,,,1,5,I,1,,,,1,0,,,,G:C,C:G,1,6,S,19,19,,,,,,,,,
TTYH_ECS_BC_092,0.01,-84.64,2,1,mismatch,24,-63,C,G,B,S,S,S,1,B,C,G,S,S,,2,,,2,,,,C:G,G:C,,,5,24,8,1,-1,S,2,2,,,,,,,,,,1,-4,S,22,22,,,,,,,,,,1,-26,H,8,,8,,,,A:U,,,,,3,23,1,2,S,4,4,,,,,,,,,,1,6,S,19,19,,,,,,,,,,1,25,E,4,,,,,,,,,,
TTYH_ECS_BC_092,0.01,-84.64,2,1,mismatch,26,-61,C,G,S,S,B,I,0,B,C,G,S,S,,2,,,2,,,,C:G,G:C,,,5,24,8,1,-1,S,2,2,,,,,,,,,,1,-4,S,22,22,,,,,,,,,,1,-26,H,8,,8,,,,A:U,,,,,3,23,1,2,S,4,4,,,,,,,,,,1,6,S,19,19,,,,,,,,,,1,25,E,4,,,,,,,,,,
TTYH_ECS_BC_093,0.056,-84.06,2,1,mismatch,24,-63,C,G,S,S,E,I,0,I,C,G,S,S,,2,,,,2,2,,,,C:G,C:G,4,24,8,1,-1,S,2,2,,,,,,,,,,1,-4,S,22,22,,,,,,,,,,1,-26,H,8,,8,,,,A:U,,,,,4,22,1,2,S,3,3,,,,,,,,,,1,5,B,1,,,1,,,,C:G,C:G,,,1,6,S,19,19,,,,,,,,,
TTYH_ECS_BC_093,0.056,-84.06,2,1,mismatch,27,-60,C,G,I,S,S,S,1,I,C,G,S,S,,2,,,,2,2,,,,C:G,C:G,4,24,8,1,-1,S,2,2,,,,,,,,,,1,-4,S,22,22,,,,,,,,,,1,-26,H,8,,8,,,,A:U,,,,,4,22,1,2,S,3,3,,,,,,,,,,1,5,B,1,,,1,,,,C:G,C:G,,,1,6,S,19,19,,,,,,,,,
TTYH_ECS_BC_094,0.121,-91.62,2,1,mismatch,24,-63,C,G,S,S,E,I,1,S,C,G,I,B,,7,7,,,,,,,,,,3,22,8,1,-4,S,22,22,,,,,,,,,,1,-26,H,8,,8,,,,A:U,,,,,1,-83,E,4,,,,,,,,,,,3,19,1,5,B,1,,,1,,,,C:G,C:G,,,1,6,S,19,19,,,,,,,,,,1,25,E,4,,,,,,,,,,
TTYH_ECS_BC_094,0.121,-91.62,2,1,mismatch,28,-59,C,U,S,I,E,I,1,S,C,G,I,B,,7,7,,,,,,,,,,3,22,8,1,-4,S,22,22,,,,,,,,,,1,-26,H,8,,8,,,,A:U,,,,,1,-83,E,4,,,,,,,,,,,3,19,1,5,B,1,,,1,,,,C:G,C:G,,,1,6,S,19,19,,,,,,,,,,1,25,E,4,,,,,,,,,,
TTYH_ECS_BC_095,0.0075,-83.09,2,1,mismatch,24,-63,C,G,S,S,E,I,0,I,C,G,S,S,,5,,,,5,5,,,,C:G,U:G,3,21,8,1,-5,S,21,21,,,,,,,,,,1,-26,H,8,,8,,,,A:U,,,,,1,-83,E,4,,,,,,,,,,,4,23,1,1,S,4,4,,,,,,,,,,1,5,B,1,,,1,,,,C:G,C:G,,,1,6,S,19,19,,,,,,,,,
TTYH_ECS_BC_095,0.0075,-83.09,2,1,mismatch,29,-58,G,C,I,S,S,S,1,I,C,G,S,S,,5,,,,5,5,,,,C:G,U:G,3,21,8,1,-5,S,21,21,,,,,,,,,,1,-26,H,8,,8,,,,A:U,,,,,1,-83,E,4,,,,,,,,,,,4,23,1,1,S,4,4,,,,,,,,,,1,5,B,1,,,1,,,,C:G,C:G,,,1,6,S,19,19,,,,,,,,,
TTYH_ECS_BC_096,0.009,-83.06,2,1,mismatch,24,-63,C,G,S,S,E,I,0,I,C,G,S,S,,5,,,,5,5,,,,C:G,U:G,3,21,8,1,-5,S,21,21,,,,,,,,,,1,-26,H,8,,8,,,,A:U,,,,,1,-83,E,4,,,,,,,,,,,4,23,1,1,S,4,4,,,,,,,,,,1,5,B,1,,,1,,,,C:G,C:G,,,1,6,S,19,19,,,,,,,,,
TTYH_ECS_BC_096,0.009,-83.06,2,1,mismatch,30,-57,G,C,I,S,S,S,1,I,C,G,S,S,,5,,,,5,5,,,,C:G,U:G,3,21,8,1,-5,S,21,21,,,,,,,,,,1,-26,H,8,,8,,,,A:U,,,,,1,-83,E,4,,,,,,,,,,,4,23,1,1,S,4,4,,,,,,,,,,1,5,B,1,,,1,,,,C:G,C:G,,,1,6,S,19,19,,,,,,,,,
TTYH_ECS_BC_097,0.012,-91.32,2,1,mismatch,24,-63,C,G,S,S,E,I,0,I,C,G,S,S,A:C,1,,,,1,1,,,,C:G,C:G,3,25,8,1,-1,S,25,25,,,,,,,,,,1,-26,H,8,,8,,,,A:U,,,,,1,-83,E,4,,,,,,,,,,,4,23,1,1,S,4,4,,,,,,,,,,1,5,B,1,,,1,,,,C:G,C:G,,,1,6,S,19,19,,,,,,,,,
TTYH_ECS_BC_097,0.012,-91.32,2,1,mismatch,31,-56,C,U,S,I,I,H,0,I,C,G,S,S,A:C,1,,,,1,1,,,,C:G,C:G,3,25,8,1,-1,S,25,25,,,,,,,,,,1,-26,H,8,,8,,,,A:U,,,,,1,-83,E,4,,,,,,,,,,,4,23,1,1,S,4,4,,,,,,,,,,1,5,B,1,,,1,,,,C:G,C:G,,,1,6,S,19,19,,,,,,,,,
TTYH_ECS_BC_098,0.0315,-87.55,2,1,mismatch,24,-63,C,G,S,S,E,I,0,I,C,G,S,S,A:C,1,,,,1,1,,,,C:G,C:G,4,23,8,1,-1,S,2,2,,,,,,,,,,1,-5,S,21,21,,,,,,,,,,1,-26,H,8,,8,,,,A:U,,,,,4,23,1,1,S,4,4,,,,,,,,,,1,5,B,1,,,1,,,,C:G,C:G,,,1,6,S,19,19,,,,,,,,,
TTYH_ECS_BC_098,0.0315,-87.55,2,1,mismatch,32,-55,U,G,I,S,S,S,1,I,C,G,S,S,A:C,1,,,,1,1,,,,C:G,C:G,4,23,8,1,-1,S,2,2,,,,,,,,,,1,-5,S,21,21,,,,,,,,,,1,-26,H,8,,8,,,,A:U,,,,,4,23,1,1,S,4,4,,,,,,,,,,1,5,B,1,,,1,,,,C:G,C:G,,,1,6,S,19,19,,,,,,,,,
TTYH_ECS_BC_099,0.062,-84.66,2,1,mismatch,24,-63,C,G,S,S,E,I,0,I,C,G,S,S,A:C,1,,,,1,1,,,,C:G,C:G,4,22,8,1,-1,S,2,2,,,,,,,,,,1,-6,S,20,20,,,,,,,,,,1,-26,H,8,,8,,,,A:U,,,,,4,23,1,1,S,4,4,,,,,,,,,,1,5,B,1,,,1,,,,C:G,C:G,,,1,6,S,19,19,,,,,,,,,
TTYH_ECS_BC_099,0.062,-84.66,2,1,mismatch,33,-54,G,U,I,S,S,S,1,I,C,G,S,S,A:C,1,,,,1,1,,,,C:G,C:G,4,22,8,1,-1,S,2,2,,,,,,,,,,1,-6,S,20,20,,,,,,,,,,1,-26,H,8,,8,,,,A:U,,,,,4,23,1,1,S,4,4,,,,,,,,,,1,5,B,1,,,1,,,,C:G,C:G,,,1,6,S,19,19,,,,,,,,,
TTYH_ECS_BC_100,0.069,-82.65,2,1,mismatch,24,-63,C,G,S,S,E,I,0,I,C,G,S,S,A:C,1,,,,1,1,,,,C:G,C:G,5,23,8,1,-1,S,2,2,,,,,,,,,,1,-4,S,2,2,,,,,,,,,,1,-7,S,19,19,,,,,,,,,,4,23,1,1,S,4,4,,,,,,,,,,1,5,B,1,,,1,,,,C:G,C:G,,,1,6,S,19,19,,,,,,,,,
TTYH_ECS_BC_100,0.069,-82.65,2,1,mismatch,34,-53,C,G,I,S,S,S,1,I,C,G,S,S,A:C,1,,,,1,1,,,,C:G,C:G,5,23,8,1,-1,S,2,2,,,,,,,,,,1,-4,S,2,2,,,,,,,,,,1,-7,S,19,19,,,,,,,,,,4,23,1,1,S,4,4,,,,,,,,,,1,5,B,1,,,1,,,,C:G,C:G,,,1,6,S,19,19,,,,,,,,,
TTYH_ECS_BC_101,0.035,-82.53,2,1,mismatch,24,-63,C,G,S,S,E,I,0,I,C,G,S,S,A:C,1,,,,1,1,,,,C:G,C:G,5,23,8,1,-1,S,2,2,,,,,,,,,,1,-4,S,3,3,,,,,,,,,,1,-8,S,18,18,,,,,,,,,,4,23,1,1,S,4,4,,,,,,,,,,1,5,B,1,,,1,,,,C:G,C:G,,,1,6,S,19,19,,,,,,,,,
TTYH_ECS_BC_101,0.035,-82.53,2,1,mismatch,35,-52,C,G,I,S,S,S,1,I,C,G,S,S,A:C,1,,,,1,1,,,,C:G,C:G,5,23,8,1,-1,S,2,2,,,,,,,,,,1,-4,S,3,3,,,,,,,,,,1,-8,S,18,18,,,,,,,,,,4,23,1,1,S,4,4,,,,,,,,,,1,5,B,1,,,1,,,,C:G,C:G,,,1,6,S,19,19,,,,,,,,,
TTYH_ECS_BC_102,0.056,-82.93,2,1,mismatch,24,-63,C,G,S,S,E,I,0,I,C,G,S,S,A:C,1,,,,1,1,,,,C:G,C:G,5,23,8,1,-1,S,2,2,,,,,,,,,,1,-4,S,4,4,,,,,,,,,,1,-9,S,17,17,,,,,,,,,,4,23,1,1,S,4,4,,,,,,,,,,1,5,B,1,,,1,,,,C:G,C:G,,,1,6,S,19,19,,,,,,,,,
TTYH_ECS_BC_102,0.056,-82.93,2,1,mismatch,36,-51,C,G,I,S,S,S,1,I,C,G,S,S,A:C,1,,,,1,1,,,,C:G,C:G,5,23,8,1,-1,S,2,2,,,,,,,,,,1,-4,S,4,4,,,,,,,,,,1,-9,S,17,17,,,,,,,,,,4,23,1,1,S,4,4,,,,,,,,,,1,5,B,1,,,1,,,,C:G,C:G,,,1,6,S,19,19,,,,,,,,,
TTYH_ECS_BC_103,0.0045,-87.93,2,1,mismatch,25,-62,C,G,S,S,E,I,0,B,C,G,S,S,,1,,,1,,,,C:G,G:C,,,4,24,8,1,-1,S,2,2,,,,,,,,,,1,-4,S,22,22,,,,,,,,,,1,-26,H,8,,8,,,,A:U,,,,,4,23,1,1,S,2,2,,,,,,,,,,1,3,I,1,,,,1,0,,,,G:C,G:C,1,4,S,21,21,,,,,,,,,
TTYH_ECS_BC_103,0.0045,-87.93,2,1,mismatch,26,-61,C,G,I,S,S,S,0,B,C,G,S,S,,1,,,1,,,,C:G,G:C,,,4,24,8,1,-1,S,2,2,,,,,,,,,,1,-4,S,22,22,,,,,,,,,,1,-26,H,8,,8,,,,A:U,,,,,4,23,1,1,S,2,2,,,,,,,,,,1,3,I,1,,,,1,0,,,,G:C,G:C,1,4,S,21,21,,,,,,,,,
TTYH_ECS_BC_104,0.0205,-87.94,2,1,mismatch,25,-62,C,G,S,S,E,I,0,I,C,G,S,S,,3,,,,3,2,,,,C:G,C:G,4,24,8,1,-1,S,2,2,,,,,,,,,,1,-4,S,22,22,,,,,,,,,,1,-26,H,8,,8,,,,A:U,,,,,2,22,1,3,S,22,22,,,,,,,,,,1,25,E,4,,,,,,,,,,,0,0,,,,,,,,,,,,
TTYH_ECS_BC_104,0.0205,-87.94,2,1,mismatch,27,-60,C,G,I,S,S,S,1,I,C,G,S,S,,3,,,,3,2,,,,C:G,C:G,4,24,8,1,-1,S,2,2,,,,,,,,,,1,-4,S,22,22,,,,,,,,,,1,-26,H,8,,8,,,,A:U,,,,,2,22,1,3,S,22,22,,,,,,,,,,1,25,E,4,,,,,,,,,,,0,0,,,,,,,,,,,,
TTYH_ECS_BC_105,0.0185,-91.57,2,1,mismatch,25,-62,C,G,S,S,E,I,1,S,C,G,I,B,,3,3,,,,,,,,,,3,22,8,1,-4,S,22,22,,,,,,,,,,1,-26,H,8,,8,,,,A:U,,,,,1,-83,E,4,,,,,,,,,,,3,23,1,1,B,1,,,1,,,,A:U,G:C,,,1,2,S,23,23,,,,,,,,,,1,25,E,4,,,,,,,,,,
TTYH_ECS_BC_105,0.0185,-91.57,2,1,mismatch,28,-59,C,U,S,I,E,I,1,S,C,G,I,B,,3,3,,,,,,,,,,3,22,8,1,-4,S,22,22,,,,,,,,,,1,-26,H,8,,8,,,,A:U,,,,,1,-83,E,4,,,,,,,,,,,3,23,1,1,B,1,,,1,,,,A:U,G:C,,,1,2,S,23,23,,,,,,,,,,1,25,E,4,,,,,,,,,,
TTYH_ECS_BC_106,0.0125,-88.99,2,1,mismatch,25,-62,C,G,S,S,E,I,0,I,C,G,S,S,,4,,,,4,3,,,,C:G,G:U,3,22,8,1,-4,S,22,22,,,,,,,,,,1,-26,H,8,,8,,,,A:U,,,,,1,-83,E,4,,,,,,,,,,,2,24,1,1,S,24,24,,,,,,,,,,1,25,E,4,,,,,,,,,,,0,0,,,,,,,,,,,,
TTYH_ECS_BC_106,0.0125,-88.99,2,1,mismatch,29,-58,G,C,I,S,S,S,1,I,C,G,S,S,,4,,,,4,3,,,,C:G,G:U,3,22,8,1,-4,S,22,22,,,,,,,,,,1,-26,H,8,,8,,,,A:U,,,,,1,-83,E,4,,,,,,,,,,,2,24,1,1,S,24,24,,,,,,,,,,1,25,E,4,,,,,,,,,,,0,0,,,,,,,,,,,,
TTYH_ECS_BC_107,0.0165,-89.45,2,1,mismatch,25,-62,C,G,S,S,E,I,0,I,C,G,S,S,,4,,,,4,3,,,,C:G,G:U,3,22,8,1,-4,S,22,22,,,,,,,,,,1,-26,H,8,,8,,,,A:U,,,,,1,-83,E,4,,,,,,,,,,,2,24,1,1,S,24,24,,,,,,,,,,1,25,E,4,,,,,,,,,,,0,0,,,,,,,,,,,,
TTYH_ECS_BC_107,0.0165,-89.45,2,1,mismatch,30,-57,G,C,I,S,S,S,1,I,C,G,S,S,,4,,,,4,3,,,,C:G,G:U,3,22,8,1,-4,S,22,22,,,,,,,,,,1,-26,H,8,,8,,,,A:U,,,,,1,-83,E,4,,,,,,,,,,,2,24,1,1,S,24,24,,,,,,,,,,1,25,E,4,,,,,,,,,,,0,0,,,,,,,,,,,,
TTYH_ECS_BC_108,,-96.72,2,1,mismatch,25,-62,C,G,S,S,E,H,0,B,C,G,S,S,,1,,,1,,,,C:G,G:C,,,3,25,8,1,-1,S,25,25,,,,,,,,,,1,-26,H,8,,8,,,,A:U,,,,,1,-83,E,4,,,,,,,,,,,2,24,1,1,S,24,24,,,,,,,,,,1,25,E,4,,,,,,,,,,,0,0,,,,,,,,,,,,
TTYH_ECS_BC_108,,-96.72,2,1,mismatch,31,-56,C,U,S,I,E,H,0,B,C,G,S,S,,1,,,1,,,,C:G,G:C,,,3,25,8,1,-1,S,25,25,,,,,,,,,,1,-26,H,8,,8,,,,A:U,,,,,1,-83,E,4,,,,,,,,,,,2,24,1,1,S,24,24,,,,,,,,,,1,25,E,4,,,,,,,,,,,0,0,,,,,,,,,,,,
TTYH_ECS_BC_109,,-92.95,2,1,mismatch,25,-62,C,G,S,S,E,I,0,B,C,G,S,S,,1,,,1,,,,C:G,G:C,,,4,23,8,1,-1,S,2,2,,,,,,,,,,1,-5,S,21,21,,,,,,,,,,1,-26,H,8,,8,,,,A:U,,,,,2,24,1,1,S,24,24,,,,,,,,,,1,25,E,4,,,,,,,,,,,0,0,,,,,,,,,,,,
TTYH_ECS_BC_109,,-92.95,2,1,mismatch,32,-55,U,G,I,S,S,S,0,B,C,G,S,S,,1,,,1,,,,C:G,G:C,,,4,23,8,1,-1,S,2,2,,,,,,,,,,1,-5,S,21,21,,,,,,,,,,1,-26,H,8,,8,,,,A:U,,,,,2,24,1,1,S,24,24,,,,,,,,,,1,25,E,4,,,,,,,,,,,0,0,,,,,,,,,,,,
TTYH_ECS_BC_110,,-90.07,2,1,mismatch,25,-62,C,G,S,S,E,I,0,B,C,G,S,S,,1,,,1,,,,C:G,G:C,,,4,22,8,1,-1,S,2,2,,,,,,,,,,1,-6,S,20,20,,,,,,,,,,1,-26,H,8,,8,,,,A:U,,,,,2,24,1,1,S,24,24,,,,,,,,,,1,25,E,4,,,,,,,,,,,0,0,,,,,,,,,,,,
TTYH_ECS_BC_110,,-90.07,2,1,mismatch,33,-54,G,U,I,S,S,S,0,B,C,G,S,S,,1,,,1,,,,C:G,G:C,,,4,22,8,1,-1,S,2,2,,,,,,,,,,1,-6,S,20,20,,,,,,,,,,1,-26,H,8,,8,,,,A:U,,,,,2,24,1,1,S,24,24,,,,,,,,,,1,25,E,4,,,,,,,,,,,0,0,,,,,,,,,,,,
TTYH_ECS_BC_111,0.09,-88.06,2,1,mismatch,25,-62,C,G,S,S,E,I,0,B,C,G,S,S,,1,,,1,,,,C:G,G:C,,,5,23,8,1,-1,S,2,2,,,,,,,,,,1,-4,S,2,2,,,,,,,,,,1,-7,S,19,19,,,,,,,,,,2,24,1,1,S,24,24,,,,,,,,,,1,25,E,4,,,,,,,,,,,0,0,,,,,,,,,,,,
TTYH_ECS_BC_111,0.09,-88.06,2,1,mismatch,34,-53,C,G,I,S,S,S,0,B,C,G,S,S,,1,,,1,,,,C:G,G:C,,,5,23,8,1,-1,S,2,2,,,,,,,,,,1,-4,S,2,2,,,,,,,,,,1,-7,S,19,19,,,,,,,,,,2,24,1,1,S,24,24,,,,,,,,,,1,25,E,4,,,,,,,,,,,0,0,,,,,,,,,,,,
TTYH_ECS_BC_112,0.0475,-87.93,2,1,mismatch,25,-62,C,G,S,S,E,I,0,B,C,G,S,S,,1,,,1,,,,C:G,G:C,,,5,23,8,1,-1,S,2,2,,,,,,,,,,1,-4,S,3,3,,,,,,,,,,1,-8,S,18,18,,,,,,,,,,2,24,1,1,S,24,24,,,,,,,,,,1,25,E,4,,,,,,,,,,,0,0,,,,,,,,,,,,
TTYH_ECS_BC_112,0.0475,-87.93,2,1,mismatch,35,-52,C,G,I,S,S,S,0,B,C,G,S,S,,1,,,1,,,,C:G,G:C,,,5,23,8,1,-1,S,2,2,,,,,,,,,,1,-4,S,3,3,,,,,,,,,,1,-8,S,18,18,,,,,,,,,,2,24,1,1,S,24,24,,,,,,,,,,1,25,E,4,,,,,,,,,,,0,0,,,,,,,,,,,,
TTYH_ECS_BC_113,0.0365,-88.34,2,1,mismatch,25,-62,C,G,S,S,E,I,0,B,C,G,S,S,,1,,,1,,,,C:G,G:C,,,5,23,8,1,-1,S,2,2,,,,,,,,,,1,-4,S,4,4,,,,,,,,,,1,-9,S,17,17,,,,,,,,,,2,24,1,1,S,24,24,,,,,,,,,,1,25,E,4,,,,,,,,,,,0,0,,,,,,,,,,,,
TTYH_ECS_BC_113,0.0365,-88.34,2,1,mismatch,36,-51,C,G,I,S,S,S,0,B,C,G,S,S,,1,,,1,,,,C:G,G:C,,,5,23,8,1,-1,S,2,2,,,,,,,,,,1,-4,S,4,4,,,,,,,,,,1,-9,S,17,17,,,,,,,,,,2,24,1,1,S,24,24,,,,,,,,,,1,25,E,4,,,,,,,,,,,0,0,,,,,,,,,,,,
TTYH_ECS_BC_114,0.0085,-80.47,2,1,mismatch,26,-61,C,G,S,S,B,I,0,I,C,G,S,S,,4,,,,4,2,,,,G:C,C:G,5,24,8,1,-1,S,2,2,,,,,,,,,,1,-4,S,22,22,,,,,,,,,,1,-26,H,8,,8,,,,A:U,,,,,3,21,1,4,S,1,1,,,,,,,,,,1,5,S,20,20,,,,,,,,,,1,25,E,4,,,,,,,,,,
TTYH_ECS_BC_114,0.0085,-80.47,2,1,mismatch,27,-60,C,G,I,S,S,S,1,I,C,G,S,S,,4,,,,4,2,,,,G:C,C:G,5,24,8,1,-1,S,2,2,,,,,,,,,,1,-4,S,22,22,,,,,,,,,,1,-26,H,8,,8,,,,A:U,,,,,3,21,1,4,S,1,1,,,,,,,,,,1,5,S,20,20,,,,,,,,,,1,25,E,4,,,,,,,,,,
TTYH_ECS_BC_115,0.036,-87.23,2,1,mismatch,26,-61,C,G,I,S,S,S,0,S,C,G,I,I,,4,4,,,,,,,,,,3,22,8,1,-4,S,22,22,,,,,,,,,,1,-26,H,8,,8,,,,A:U,,,,,1,-83,E,4,,,,,,,,,,,3,20,1,2,I,3,,,,3,2,,,,C:G,G:C,1,5,S,20,20,,,,,,,,,,1,25,E,4,,,,,,,,,,
TTYH_ECS_BC_115,0.036,-87.23,2,1,mismatch,28,-59,C,U,S,I,I,I,1,S,C,G,I,I,,4,4,,,,,,,,,,3,22,8,1,-4,S,22,22,,,,,,,,,,1,-26,H,8,,8,,,,A:U,,,,,1,-83,E,4,,,,,,,,,,,3,20,1,2,I,3,,,,3,2,,,,C:G,G:C,1,5,S,20,20,,,,,,,,,,1,25,E,4,,,,,,,,,,
TTYH_ECS_BC_116,0.004,-85.62,2,1,mismatch,26,-61,C,G,S,S,B,I,0,I,C,G,S,S,,4,,,,4,2,,,,C:G,G:U,4,22,8,1,-4,S,22,22,,,,,,,,,,1,-26,H,8,,8,,,,A:U,,,,,1,-62,B,1,,,1,,,,C:G,G:C,,,3,24,1,1,S,4,4,,,,,,,,,,1,5,S,20,20,,,,,,,,,,1,25,E,4,,,,,,,,,,
TTYH_ECS_BC_116,0.004,-85.62,2,1,mismatch,29,-58,G,C,S,S,B,I,0,I,C,G,S,S,,4,,,,4,2,,,,C:G,G:U,4,22,8,1,-4,S,22,22,,,,,,,,,,1,-26,H,8,,8,,,,A:U,,,,,1,-62,B,1,,,1,,,,C:G,G:C,,,3,24,1,1,S,4,4,,,,,,,,,,1,5,S,20,20,,,,,,,,,,1,25,E,4,,,,,,,,,,
TTYH_ECS_BC_117,0.0035,-82.19,2,1,mismatch,26,-61,C,G,S,S,B,I,0,I,C,G,S,S,,6,,,,6,4,,,,C:G,U:G,4,21,8,1,-5,S,21,21,,,,,,,,,,1,-26,H,8,,8,,,,A:U,,,,,1,-62,B,1,,,1,,,,C:G,G:C,,,3,23,1,2,S,3,3,,,,,,,,,,1,5,S,20,20,,,,,,,,,,1,25,E,4,,,,,,,,,,
TTYH_ECS_BC_117,0.0035,-82.19,2,1,mismatch,30,-57,G,C,I,S,S,S,1,I,C,G,S,S,,6,,,,6,4,,,,C:G,U:G,4,21,8,1,-5,S,21,21,,,,,,,,,,1,-26,H,8,,8,,,,A:U,,,,,1,-62,B,1,,,1,,,,C:G,G:C,,,3,23,1,2,S,3,3,,,,,,,,,,1,5,S,20,20,,,,,,,,,,1,25,E,4,,,,,,,,,,
TTYH_ECS_BC_118,0.0565,-88.84,2,1,mismatch,26,-61,C,G,S,S,B,H,0,B,C,G,S,S,,2,,,2,,,,C:G,G:C,,,4,25,8,1,-1,S,25,25,,,,,,,,,,1,-26,H,8,,8,,,,A:U,,,,,1,-62,B,1,,,1,,,,C:G,G:C,,,3,23,1,2,S,3,3,,,,,,,,,,1,5,S,20,20,,,,,,,,,,1,25,E,4,,,,,,,,,,
TTYH_ECS_BC_118,0.0565,-88.84,2,1,mismatch,31,-56,C,U,S,I,B,H,0,B,C,G,S,S,,2,,,2,,,,C:G,G:C,,,4,25,8,1,-1,S,25,25,,,,,,,,,,1,-26,H,8,,8,,,,A:U,,,,,1,-62,B,1,,,1,,,,C:G,G:C,,,3,23,1,2,S,3,3,,,,,,,,,,1,5,S,20,20,,,,,,,,,,1,25,E,4,,,,,,,,,,
TTYH_ECS_BC_119,0.0465,-85.08,2,1,mismatch,26,-61,C,G,S,S,B,I,0,B,C,G,S,S,,2,,,2,,,,C:G,G:C,,,5,23,8,1,-1,S,2,2,,,,,,,,,,1,-5,S,21,21,,,,,,,,,,1,-26,H,8,,8,,,,A:U,,,,,3,23,1,2,S,3,3,,,,,,,,,,1,5,S,20,20,,,,,,,,,,1,25,E,4,,,,,,,,,,
TTYH_ECS_BC_119,0.0465,-85.08,2,1,mismatch,32,-55,U,G,I,S,S,S,0,B,C,G,S,S,,2,,,2,,,,C:G,G:C,,,5,23,8,1,-1,S,2,2,,,,,,,,,,1,-5,S,21,21,,,,,,,,,,1,-26,H,8,,8,,,,A:U,,,,,3,23,1,2,S,3,3,,,,,,,,,,1,5,S,20,20,,,,,,,,,,1,25,E,4,,,,,,,,,,
TTYH_ECS_BC_120,0.088,-82.22,2,1,mismatch,26,-61,C,G,S,S,B,I,0,B,C,G,S,S,,2,,,2,,,,C:G,G:C,,,5,22,8,1,-1,S,2,2,,,,,,,,,,1,-6,S,20,20,,,,,,,,,,1,-26,H,8,,8,,,,A:U,,,,,3,23,1,2,S,3,3,,,,,,,,,,1,5,S,20,20,,,,,,,,,,1,25,E,4,,,,,,,,,,
TTYH_ECS_BC_120,0.088,-82.22,2,1,mismatch,33,-54,G,U,I,S,S,S,0,B,C,G,S,S,,2,,,2,,,,C:G,G:C,,,5,22,8,1,-1,S,2,2,,,,,,,,,,1,-6,S,20,20,,,,,,,,,,1,-26,H,8,,8,,,,A:U,,,,,3,23,1,2,S,3,3,,,,,,,,,,1,5,S,20,20,,,,,,,,,,1,25,E,4,,,,,,,,,,
TTYH_ECS_BC_121,0.0265,-80.66,2,1,mismatch,26,-61,C,G,S,S,B,B,1,S,C,G,B,S,,4,4,,,,,,,,,,6,19,8,1,-3,B,4,,,4,,,,G:C,C:G,,,1,-7,S,19,19,,,,,,,,,,1,-26,H,8,,8,,,,A:U,,,,,3,23,1,2,S,3,3,,,,,,,,,,1,5,S,20,20,,,,,,,,,,1,25,E,4,,,,,,,,,,
TTYH_ECS_BC_121,0.0265,-80.66,2,1,mismatch,34,-53,C,G,S,S,B,H,1,S,C,G,B,S,,4,4,,,,,,,,,,6,19,8,1,-3,B,4,,,4,,,,G:C,C:G,,,1,-7,S,19,19,,,,,,,,,,1,-26,H,8,,8,,,,A:U,,,,,3,23,1,2,S,3,3,,,,,,,,,,1,5,S,20,20,,,,,,,,,,1,25,E,4,,,,,,,,,,
TTYH_ECS_BC_122,0.066,-80.07,2,1,mismatch,26,-61,C,G,S,S,B,I,0,B,C,G,S,S,,2,,,2,,,,C:G,G:C,,,6,23,8,1,-1,S,2,2,,,,,,,,,,1,-4,S,3,3,,,,,,,,,,1,-8,S,18,18,,,,,,,,,,3,23,1,2,S,3,3,,,,,,,,,,1,5,S,20,20,,,,,,,,,,1,25,E,4,,,,,,,,,,
TTYH_ECS_BC_122,0.066,-80.07,2,1,mismatch,35,-52,C,G,I,S,S,S,0,B,C,G,S,S,,2,,,2,,,,C:G,G:C,,,6,23,8,1,-1,S,2,2,,,,,,,,,,1,-4,S,3,3,,,,,,,,,,1,-8,S,18,18,,,,,,,,,,3,23,1,2,S,3,3,,,,,,,,,,1,5,S,20,20,,,,,,,,,,1,25,E,4,,,,,,,,,,
TTYH_ECS_BC_123,0.093,-80.47,2,1,mismatch,26,-61,C,G,S,S,B,I,0,B,C,G,S,S,,2,,,2,,,,C:G,G:C,,,6,23,8,1,-1,S,2,2,,,,,,,,,,1,-4,S,4,4,,,,,,,,,,1,-9,S,17,17,,,,,,,,,,3,23,1,2,S,3,3,,,,,,,,,,1,5,S,20,20,,,,,,,,,,1,25,E,4,,,,,,,,,,
TTYH_ECS_BC_123,0.093,-80.47,2,1,mismatch,36,-51,C,G,I,S,S,S,0,B,C,G,S,S,,2,,,2,,,,C:G,G:C,,,6,23,8,1,-1,S,2,2,,,,,,,,,,1,-4,S,4,4,,,,,,,,,,1,-9,S,17,17,,,,,,,,,,3,23,1,2,S,3,3,,,,,,,,,,1,5,S,20,20,,,,,,,,,,1,25,E,4,,,,,,,,,,
TTYH_ECS_BC_124,0.0375,-87.62,2,1,mismatch,27,-60,C,G,I,S,S,S,0,S,C,G,I,I,,3,3,,,,,,,,,,3,22,8,1,-4,S,22,22,,,,,,,,,,1,-26,H,8,,8,,,,A:U,,,,,1,-83,E,4,,,,,,,,,,,5,22,1,1,I,1,,,,1,0,,,,C:G,A:U,1,2,S,2,2,,,,,,,,,,1,4,B,1,,,1,,,,G:C,G:C,,
TTYH_ECS_BC_124,0.0375,-87.62,2,1,mismatch,28,-59,C,U,S,I,I,I,1,S,C,G,I,I,,3,3,,,,,,,,,,3,22,8,1,-4,S,22,22,,,,,,,,,,1,-26,H,8,,8,,,,A:U,,,,,1,-83,E,4,,,,,,,,,,,5,22,1,1,I,1,,,,1,0,,,,C:G,A:U,1,2,S,2,2,,,,,,,,,,1,4,B,1,,,1,,,,G:C,G:C,,
TTYH_ECS_BC_125,0.0105,-81.35,2,1,mismatch,27,-60,C,G,S,S,B,B,1,S,C,G,B,S,,3,3,,,,,,,,,,6,20,8,1,-2,B,4,,,4,,,,G:C,C:G,,,1,-6,S,20,20,,,,,,,,,,1,-26,H,8,,8,,,,A:U,,,,,3,23,1,2,S,3,3,,,,,,,,,,1,5,S,20,20,,,,,,,,,,1,25,E,4,,,,,,,,,,
TTYH_ECS_BC_125,0.0105,-81.35,2,1,mismatch,29,-58,G,C,S,S,B,B,1,S,C,G,B,S,,3,3,,,,,,,,,,6,20,8,1,-2,B,4,,,4,,,,G:C,C:G,,,1,-6,S,20,20,,,,,,,,,,1,-26,H,8,,8,,,,A:U,,,,,3,23,1,2,S,3,3,,,,,,,,,,1,5,S,20,20,,,,,,,,,,1,25,E,4,,,,,,,,,,
TTYH_ECS_BC_126,0.008,-81.34,2,1,mismatch,27,-60,C,G,S,S,B,B,1,S,C,G,B,S,,4,4,,,,,,,,,,6,20,8,1,-2,B,4,,,4,,,,G:C,C:G,,,1,-6,S,20,20,,,,,,,,,,1,-26,H,8,,8,,,,A:U,,,,,3,22,1,3,S,2,2,,,,,,,,,,1,5,S,20,20,,,,,,,,,,1,25,E,4,,,,,,,,,,
TTYH_ECS_BC_126,0.008,-81.34,2,1,mismatch,30,-57,G,C,S,S,B,H,1,S,C,G,B,S,,4,4,,,,,,,,,,6,20,8,1,-2,B,4,,,4,,,,G:C,C:G,,,1,-6,S,20,20,,,,,,,,,,1,-26,H,8,,8,,,,A:U,,,,,3,22,1,3,S,2,2,,,,,,,,,,1,5,S,20,20,,,,,,,,,,1,25,E,4,,,,,,,,,,
TTYH_ECS_BC_127,0.184,-88.47,2,1,mismatch,27,-60,C,G,I,S,S,S,1,I,C,G,S,S,,2,,,,2,2,,,,C:G,C:G,3,25,8,1,-1,S,25,25,,,,,,,,,,1,-26,H,8,,8,,,,A:U,,,,,1,-83,E,4,,,,,,,,,,,4,22,1,2,S,2,2,,,,,,,,,,1,4,B,1,,,1,,,,G:C,G:C,,,1,5,S,20,20,,,,,,,,,
TTYH_ECS_BC_127,0.184,-88.47,2,1,mismatch,31,-56,C,U,S,I,I,H,0,I,C,G,S,S,,2,,,,2,2,,,,C:G,C:G,3,25,8,1,-1,S,25,25,,,,,,,,,,1,-26,H,8,,8,,,,A:U,,,,,1,-83,E,4,,,,,,,,,,,4,22,1,2,S,2,2,,,,,,,,,,1,4,B,1,,,1,,,,G:C,G:C,,,1,5,S,20,20,,,,,,,,,
TTYH_ECS_BC_128,0.166,-84.7,2,1,mismatch,27,-60,C,G,I,S,S,S,1,I,C,G,S,S,,2,,,,2,2,,,,C:G,C:G,4,23,8,1,-1,S,2,2,,,,,,,,,,1,-5,S,21,21,,,,,,,,,,1,-26,H,8,,8,,,,A:U,,,,,4,22,1,2,S,2,2,,,,,,,,,,1,4,B,1,,,1,,,,G:C,G:C,,,1,5,S,20,20,,,,,,,,,
TTYH_ECS_BC_128,0.166,-84.7,2,1,mismatch,32,-55,U,G,I,S,S,S,1,I,C,G,S,S,,2,,,,2,2,,,,C:G,C:G,4,23,8,1,-1,S,2,2,,,,,,,,,,1,-5,S,21,21,,,,,,,,,,1,-26,H,8,,8,,,,A:U,,,,,4,22,1,2,S,2,2,,,,,,,,,,1,4,B,1,,,1,,,,G:C,G:C,,,1,5,S,20,20,,,,,,,,,
TTYH_ECS_BC_129,0.208,-81.81,2,1,mismatch,27,-60,C,G,I,S,S,S,1,I,C,G,S,S,,2,,,,2,2,,,,C:G,C:G,4,22,8,1,-1,S,2,2,,,,,,,,,,1,-6,S,20,20,,,,,,,,,,1,-26,H,8,,8,,,,A:U,,,,,4,22,1,2,S,2,2,,,,,,,,,,1,4,B,1,,,1,,,,G:C,G:C,,,1,5,S,20,20,,,,,,,,,
TTYH_ECS_BC_129,0.208,-81.81,2,1,mismatch,33,-54,G,U,I,S,S,S,1,I,C,G,S,S,,2,,,,2,2,,,,C:G,C:G,4,22,8,1,-1,S,2,2,,,,,,,,,,1,-6,S,20,20,,,,,,,,,,1,-26,H,8,,8,,,,A:U,,,,,4,22,1,2,S,2,2,,,,,,,,,,1,4,B,1,,,1,,,,G:C,G:C,,,1,5,S,20,20,,,,,,,,,
TTYH_ECS_BC_130,0.2115,-79.81,2,1,mismatch,27,-60,C,G,I,S,S,S,1,I,C,G,S,S,,2,,,,2,2,,,,C:G,C:G,5,23,8,1,-1,S,2,2,,,,,,,,,,1,-4,S,2,2,,,,,,,,,,1,-7,S,19,19,,,,,,,,,,4,22,1,2,S,2,2,,,,,,,,,,1,4,B,1,,,1,,,,G:C,G:C,,,1,5,S,20,20,,,,,,,,,
TTYH_ECS_BC_130,0.2115,-79.81,2,1,mismatch,34,-53,C,G,I,S,S,S,1,I,C,G,S,S,,2,,,,2,2,,,,C:G,C:G,5,23,8,1,-1,S,2,2,,,,,,,,,,1,-4,S,2,2,,,,,,,,,,1,-7,S,19,19,,,,,,,,,,4,22,1,2,S,2,2,,,,,,,,,,1,4,B,1,,,1,,,,G:C,G:C,,,1,5,S,20,20,,,,,,,,,
TTYH_ECS_BC_131,0.1805,-79.69,2,1,mismatch,27,-60,C,G,I,S,S,S,1,I,C,G,S,S,,2,,,,2,2,,,,C:G,C:G,5,23,8,1,-1,S,2,2,,,,,,,,,,1,-4,S,3,3,,,,,,,,,,1,-8,S,18,18,,,,,,,,,,4,22,1,2,S,2,2,,,,,,,,,,1,4,B,1,,,1,,,,G:C,G:C,,,1,5,S,20,20,,,,,,,,,
TTYH_ECS_BC_131,0.1805,-79.69,2,1,mismatch,35,-52,C,G,I,S,S,S,1,I,C,G,S,S,,2,,,,2,2,,,,C:G,C:G,5,23,8,1,-1,S,2,2,,,,,,,,,,1,-4,S,3,3,,,,,,,,,,1,-8,S,18,18,,,,,,,,,,4,22,1,2,S,2,2,,,,,,,,,,1,4,B,1,,,1,,,,G:C,G:C,,,1,5,S,20,20,,,,,,,,,
TTYH_ECS_BC_132,0.175,-80.09,2,1,mismatch,27,-60,C,G,I,S,S,S,1,I,C,G,S,S,,2,,,,2,2,,,,C:G,C:G,5,23,8,1,-1,S,2,2,,,,,,,,,,1,-4,S,4,4,,,,,,,,,,1,-9,S,17,17,,,,,,,,,,4,22,1,2,S,2,2,,,,,,,,,,1,4,B,1,,,1,,,,G:C,G:C,,,1,5,S,20,20,,,,,,,,,
TTYH_ECS_BC_132,0.175,-80.09,2,1,mismatch,36,-51,C,G,I,S,S,S,1,I,C,G,S,S,,2,,,,2,2,,,,C:G,C:G,5,23,8,1,-1,S,2,2,,,,,,,,,,1,-4,S,4,4,,,,,,,,,,1,-9,S,17,17,,,,,,,,,,4,22,1,2,S,2,2,,,,,,,,,,1,4,B,1,,,1,,,,G:C,G:C,,,1,5,S,20,20,,,,,,,,,
TTYH_ECS_BC_133,0.051,-85.19,2,1,mismatch,28,-59,C,U,S,I,E,I,1,S,C,G,I,B,,4,4,,,,,,,,,,3,22,8,1,-4,S,22,22,,,,,,,,,,1,-26,H,8,,8,,,,A:U,,,,,1,-83,E,4,,,,,,,,,,,3,20,1,4,B,1,,,1,,,,G:C,G:C,,,1,5,S,20,20,,,,,,,,,,1,25,E,4,,,,,,,,,,
TTYH_ECS_BC_133,0.051,-85.19,2,1,mismatch,29,-58,G,C,I,S,S,S,0,S,C,G,I,B,,4,4,,,,,,,,,,3,22,8,1,-4,S,22,22,,,,,,,,,,1,-26,H,8,,8,,,,A:U,,,,,1,-83,E,4,,,,,,,,,,,3,20,1,4,B,1,,,1,,,,G:C,G:C,,,1,5,S,20,20,,,,,,,,,,1,25,E,4,,,,,,,,,,
TTYH_ECS_BC_134,0.0305,-87.37,2,1,mismatch,28,-59,C,U,S,I,E,I,1,S,C,G,I,B,,5,5,,,,,,,,,,3,22,8,1,-4,S,22,22,,,,,,,,,,1,-26,H,8,,8,,,,A:U,,,,,1,-83,E,4,,,,,,,,,,,3,20,1,4,B,1,,,1,,,,G:C,G:C,,,1,5,S,20,20,,,,,,,,,,1,25,E,4,,,,,,,,,,
TTYH_ECS_BC_134,0.0305,-87.37,2,1,mismatch,30,-57,G,C,I,S,S,S,0,S,C,G,I,B,,5,5,,,,,,,,,,3,22,8,1,-4,S,22,22,,,,,,,,,,1,-26,H,8,,8,,,,A:U,,,,,1,-83,E,4,,,,,,,,,,,3,20,1,4,B,1,,,1,,,,G:C,G:C,,,1,5,S,20,20,,,,,,,,,,1,25,E,4,,,,,,,,,,
TTYH_ECS_BC_135,0.3285,-96.01,2,1,mismatch,28,-59,C,U,S,I,E,H,1,S,C,G,H,B,,29,29,,,,,,,,,,2,,8,1,-26,H,8,,8,,,,A:U,,,,,1,-83,E,4,,,,,,,,,,,0,0,,,,,,,,,,,,,3,20,1,4,B,1,,,1,,,,G:C,G:C,,,1,5,S,20,20,,,,,,,,,,1,25,E,4,,,,,,,,,,
TTYH_ECS_BC_135,0.3285,-96.01,2,1,mismatch,31,-56,C,U,S,I,E,H,1,S,C,G,H,B,,29,29,,,,,,,,,,2,,8,1,-26,H,8,,8,,,,A:U,,,,,1,-83,E,4,,,,,,,,,,,0,0,,,,,,,,,,,,,3,20,1,4,B,1,,,1,,,,G:C,G:C,,,1,5,S,20,20,,,,,,,,,,1,25,E,4,,,,,,,,,,
TTYH_ECS_BC_136,0.0975,-92.24,2,1,mismatch,28,-59,C,U,S,I,E,I,1,S,C,G,I,B,,6,6,,,,,,,,,,3,21,8,1,-5,S,21,21,,,,,,,,,,1,-26,H,8,,8,,,,A:U,,,,,1,-83,E,4,,,,,,,,,,,3,20,1,4,B,1,,,1,,,,G:C,G:C,,,1,5,S,20,20,,,,,,,,,,1,25,E,4,,,,,,,,,,
TTYH_ECS_BC_136,0.0975,-92.24,2,1,mismatch,32,-55,U,G,I,S,S,S,0,S,C,G,I,B,,6,6,,,,,,,,,,3,21,8,1,-5,S,21,21,,,,,,,,,,1,-26,H,8,,8,,,,A:U,,,,,1,-83,E,4,,,,,,,,,,,3,20,1,4,B,1,,,1,,,,G:C,G:C,,,1,5,S,20,20,,,,,,,,,,1,25,E,4,,,,,,,,,,
TTYH_ECS_BC_137,0.0875,-89.35,2,1,mismatch,28,-59,C,U,S,I,E,I,1,S,C,G,I,B,,6,6,,,,,,,,,,3,20,8,1,-6,S,20,20,,,,,,,,,,1,-26,H,8,,8,,,,A:U,,,,,1,-83,E,4,,,,,,,,,,,3,20,1,4,B,1,,,1,,,,G:C,G:C,,,1,5,S,20,20,,,,,,,,,,1,25,E,4,,,,,,,,,,
TTYH_ECS_BC_137,0.0875,-89.35,2,1,mismatch,33,-54,G,U,I,S,S,S,0,S,C,G,I,B,,6,6,,,,,,,,,,3,20,8,1,-6,S,20,20,,,,,,,,,,1,-26,H,8,,8,,,,A:U,,,,,1,-83,E,4,,,,,,,,,,,3,20,1,4,B,1,,,1,,,,G:C,G:C,,,1,5,S,20,20,,,,,,,,,,1,25,E,4,,,,,,,,,,
TTYH_ECS_BC_138,0.122,-87.34,2,1,mismatch,28,-59,C,U,S,I,E,I,1,S,C,G,I,B,,6,6,,,,,,,,,,4,21,8,1,-4,S,2,2,,,,,,,,,,1,-7,S,19,19,,,,,,,,,,1,-26,H,8,,8,,,,A:U,,,,,3,20,1,4,B,1,,,1,,,,G:C,G:C,,,1,5,S,20,20,,,,,,,,,,1,25,E,4,,,,,,,,,,
TTYH_ECS_BC_138,0.122,-87.34,2,1,mismatch,34,-53,C,G,I,S,S,S,0,S,C,G,I,B,,6,6,,,,,,,,,,4,21,8,1,-4,S,2,2,,,,,,,,,,1,-7,S,19,19,,,,,,,,,,1,-26,H,8,,8,,,,A:U,,,,,3,20,1,4,B,1,,,1,,,,G:C,G:C,,,1,5,S,20,20,,,,,,,,,,1,25,E,4,,,,,,,,,,
TTYH_ECS_BC_139,0.0855,-87.22,2,1,mismatch,28,-59,C,U,S,I,E,I,1,S,C,G,I,B,,6,6,,,,,,,,,,4,21,8,1,-4,S,3,3,,,,,,,,,,1,-8,S,18,18,,,,,,,,,,1,-26,H,8,,8,,,,A:U,,,,,3,20,1,4,B,1,,,1,,,,G:C,G:C,,,1,5,S,20,20,,,,,,,,,,1,25,E,4,,,,,,,,,,
TTYH_ECS_BC_139,0.0855,-87.22,2,1,mismatch,35,-52,C,G,I,S,S,S,0,S,C,G,I,B,,6,6,,,,,,,,,,4,21,8,1,-4,S,3,3,,,,,,,,,,1,-8,S,18,18,,,,,,,,,,1,-26,H,8,,8,,,,A:U,,,,,3,20,1,4,B,1,,,1,,,,G:C,G:C,,,1,5,S,20,20,,,,,,,,,,1,25,E,4,,,,,,,,,,
TTYH_ECS_BC_140,0.091,-87.63,2,1,mismatch,28,-59,C,U,S,I,E,I,1,S,C,G,I,B,,6,6,,,,,,,,,,4,21,8,1,-4,S,4,4,,,,,,,,,,1,-9,S,17,17,,,,,,,,,,1,-26,H,8,,8,,,,A:U,,,,,3,20,1,4,B,1,,,1,,,,G:C,G:C,,,1,5,S,20,20,,,,,,,,,,1,25,E,4,,,,,,,,,,
TTYH_ECS_BC_140,0.091,-87.63,2,1,mismatch,36,-51,C,G,I,S,S,S,0,S,C,G,I,B,,6,6,,,,,,,,,,4,21,8,1,-4,S,4,4,,,,,,,,,,1,-9,S,17,17,,,,,,,,,,1,-26,H,8,,8,,,,A:U,,,,,3,20,1,4,B,1,,,1,,,,G:C,G:C,,,1,5,S,20,20,,,,,,,,,,1,25,E,4,,,,,,,,,,
TTYH_ECS_BC_141,0.0135,-82.79,2,1,mismatch,29,-58,G,C,I,S,S,S,1,I,C,G,S,S,,5,,,,5,5,,,,C:G,U:G,3,21,8,1,-5,S,21,21,,,,,,,,,,1,-26,H,8,,8,,,,A:U,,,,,1,-83,E,4,,,,,,,,,,,4,23,1,1,S,3,3,,,,,,,,,,1,4,B,1,,,1,,,,G:C,G:C,,,1,5,S,20,20,,,,,,,,,
TTYH_ECS_BC_141,0.0135,-82.79,2,1,mismatch,30,-57,G,C,I,S,S,S,1,I,C,G,S,S,,5,,,,5,5,,,,C:G,U:G,3,21,8,1,-5,S,21,21,,,,,,,,,,1,-26,H,8,,8,,,,A:U,,,,,1,-83,E,4,,,,,,,,,,,4,23,1,1,S,3,3,,,,,,,,,,1,4,B,1,,,1,,,,G:C,G:C,,,1,5,S,20,20,,,,,,,,,
TTYH_ECS_BC_142,0.053,-87.25,2,1,mismatch,29,-58,G,C,I,S,S,S,1,I,C,G,S,S,,2,,,,2,2,,,,C:G,C:G,3,24,8,1,-2,S,24,24,,,,,,,,,,1,-26,H,8,,8,,,,A:U,,,,,1,-83,E,4,,,,,,,,,,,4,23,1,1,S,3,3,,,,,,,,,,1,4,B,1,,,1,,,,G:C,G:C,,,1,5,S,20,20,,,,,,,,,
TTYH_ECS_BC_142,0.053,-87.25,2,1,mismatch,31,-56,C,U,S,I,I,H,0,I,C,G,S,S,,2,,,,2,2,,,,C:G,C:G,3,24,8,1,-2,S,24,24,,,,,,,,,,1,-26,H,8,,8,,,,A:U,,,,,1,-83,E,4,,,,,,,,,,,4,23,1,1,S,3,3,,,,,,,,,,1,4,B,1,,,1,,,,G:C,G:C,,,1,5,S,20,20,,,,,,,,,
TTYH_ECS_BC_143,0.0205,-83.92,2,1,mismatch,29,-58,G,C,I,S,S,S,1,I,C,G,S,S,,5,,,,5,5,,,,C:G,U:G,3,21,8,1,-5,S,21,21,,,,,,,,,,1,-26,H,8,,8,,,,A:U,,,,,1,-83,E,4,,,,,,,,,,,4,23,1,1,S,3,3,,,,,,,,,,1,4,B,1,,,1,,,,G:C,G:C,,,1,5,S,20,20,,,,,,,,,
TTYH_ECS_BC_143,0.0205,-83.92,2,1,mismatch,32,-55,U,G,I,S,S,S,1,I,C,G,S,S,,5,,,,5,5,,,,C:G,U:G,3,21,8,1,-5,S,21,21,,,,,,,,,,1,-26,H,8,,8,,,,A:U,,,,,1,-83,E,4,,,,,,,,,,,4,23,1,1,S,3,3,,,,,,,,,,1,4,B,1,,,1,,,,G:C,G:C,,,1,5,S,20,20,,,,,,,,,
TTYH_ECS_BC_144,0.0285,-81.52,2,1,mismatch,29,-58,G,C,I,S,S,S,1,I,C,G,S,S,,6,,,,6,6,,,,C:G,G:C,3,20,8,1,-6,S,20,20,,,,,,,,,,1,-26,H,8,,8,,,,A:U,,,,,1,-83,E,4,,,,,,,,,,,4,23,1,1,S,3,3,,,,,,,,,,1,4,B,1,,,1,,,,G:C,G:C,,,1,5,S,20,20,,,,,,,,,
TTYH_ECS_BC_144,0.0285,-81.52,2,1,mismatch,33,-54,G,U,I,S,S,S,1,I,C,G,S,S,,6,,,,6,6,,,,C:G,G:C,3,20,8,1,-6,S,20,20,,,,,,,,,,1,-26,H,8,,8,,,,A:U,,,,,1,-83,E,4,,,,,,,,,,,4,23,1,1,S,3,3,,,,,,,,,,1,4,B,1,,,1,,,,G:C,G:C,,,1,5,S,20,20,,,,,,,,,
TTYH_ECS_BC_145,0.046,-79.41,2,1,mismatch,29,-58,G,C,S,S,I,B,1,S,C,G,B,S,,4,4,,,,,,,,,,5,19,8,1,-3,B,4,,,4,,,,G:C,C:G,,,1,-7,S,19,19,,,,,,,,,,1,-26,H,8,,8,,,,A:U,,,,,4,22,1,2,S,2,2,,,,,,,,,,1,4,I,1,,,,1,3,,,,C:G,G:C,1,5,S,20,20,,,,,,,,,
TTYH_ECS_BC_145,0.046,-79.41,2,1,mismatch,34,-53,C,G,S,S,B,H,1,S,C,G,B,S,,4,4,,,,,,,,,,5,19,8,1,-3,B,4,,,4,,,,G:C,C:G,,,1,-7,S,19,19,,,,,,,,,,1,-26,H,8,,8,,,,A:U,,,,,4,22,1,2,S,2,2,,,,,,,,,,1,4,I,1,,,,1,3,,,,C:G,G:C,1,5,S,20,20,,,,,,,,,
TTYH_ECS_BC_146,0.042,-78.96,2,1,mismatch,29,-58,G,C,I,S,S,S,1,I,C,G,S,S,,5,,,,5,5,,,,C:G,U:G,4,20,8,1,-5,S,2,2,,,,,,,,,,1,-8,S,18,18,,,,,,,,,,1,-26,H,8,,8,,,,A:U,,,,,4,23,1,1,S,3,3,,,,,,,,,,1,4,B,1,,,1,,,,G:C,G:C,,,1,5,S,20,20,,,,,,,,,
TTYH_ECS_BC_146,0.042,-78.96,2,1,mismatch,35,-52,C,G,I,S,S,S,1,I,C,G,S,S,,5,,,,5,5,,,,C:G,U:G,4,20,8,1,-5,S,2,2,,,,,,,,,,1,-8,S,18,18,,,,,,,,,,1,-26,H,8,,8,,,,A:U,,,,,4,23,1,1,S,3,3,,,,,,,,,,1,4,B,1,,,1,,,,G:C,G:C,,,1,5,S,20,20,,,,,,,,,
TTYH_ECS_BC_147,0.048,-79.36,2,1,mismatch,29,-58,G,C,I,S,S,S,1,I,C,G,S,S,,5,,,,5,5,,,,C:G,U:G,4,20,8,1,-5,S,3,3,,,,,,,,,,1,-9,S,17,17,,,,,,,,,,1,-26,H,8,,8,,,,A:U,,,,,4,23,1,1,S,3,3,,,,,,,,,,1,4,B,1,,,1,,,,G:C,G:C,,,1,5,S,20,20,,,,,,,,,
TTYH_ECS_BC_147,0.048,-79.36,2,1,mismatch,36,-51,C,G,I,S,S,S,1,I,C,G,S,S,,5,,,,5,5,,,,C:G,U:G,4,20,8,1,-5,S,3,3,,,,,,,,,,1,-9,S,17,17,,,,,,,,,,1,-26,H,8,,8,,,,A:U,,,,,4,23,1,1,S,3,3,,,,,,,,,,1,4,B,1,,,1,,,,G:C,G:C,,,1,5,S,20,20,,,,,,,,,
TTYH_ECS_BC_148,0.2645,-85.07,2,1,mismatch,30,-57,G,C,I,S,S,S,1,I,C,G,S,S,,3,,,,3,2,,,,C:G,A:U,3,23,8,1,-3,S,23,23,,,,,,,,,,1,-26,H,8,,8,,,,A:U,,,,,1,-83,E,4,,,,,,,,,,,4,23,1,1,S,3,3,,,,,,,,,,1,4,I,1,,,,1,0,,,,C:G,G:C,1,5,S,20,20,,,,,,,,,
TTYH_ECS_BC_148,0.2645,-85.07,2,1,mismatch,31,-56,C,U,S,I,I,H,0,I,C,G,S,S,,3,,,,3,2,,,,C:G,A:U,3,23,8,1,-3,S,23,23,,,,,,,,,,1,-26,H,8,,8,,,,A:U,,,,,1,-83,E,4,,,,,,,,,,,4,23,1,1,S,3,3,,,,,,,,,,1,4,I,1,,,,1,0,,,,C:G,G:C,1,5,S,20,20,,,,,,,,,
TTYH_ECS_BC_149,0.0405,-84.06,2,1,mismatch,30,-57,G,C,I,S,S,S,1,I,C,G,S,S,,5,,,,5,4,,,,C:G,U:G,3,21,8,1,-5,S,21,21,,,,,,,,,,1,-26,H,8,,8,,,,A:U,,,,,1,-83,E,4,,,,,,,,,,,4,23,1,1,S,3,3,,,,,,,,,,1,4,I,1,,,,1,0,,,,C:G,G:C,1,5,S,20,20,,,,,,,,,
TTYH_ECS_BC_149,0.0405,-84.06,2,1,mismatch,32,-55,U,G,I,S,S,S,1,I,C,G,S,S,,5,,,,5,4,,,,C:G,U:G,3,21,8,1,-5,S,21,21,,,,,,,,,,1,-26,H,8,,8,,,,A:U,,,,,1,-83,E,4,,,,,,,,,,,4,23,1,1,S,3,3,,,,,,,,,,1,4,I,1,,,,1,0,,,,C:G,G:C,1,5,S,20,20,,,,,,,,,
TTYH_ECS_BC_150,0.0655,-81.76,2,1,mismatch,30,-57,G,C,I,S,S,S,1,I,C,G,S,S,,6,,,,6,5,,,,C:G,G:C,3,20,8,1,-6,S,20,20,,,,,,,,,,1,-26,H,8,,8,,,,A:U,,,,,1,-83,E,4,,,,,,,,,,,4,23,1,1,S,3,3,,,,,,,,,,1,4,I,1,,,,1,0,,,,C:G,G:C,1,5,S,20,20,,,,,,,,,
TTYH_ECS_BC_150,0.0655,-81.76,2,1,mismatch,33,-54,G,U,I,S,S,S,1,I,C,G,S,S,,6,,,,6,5,,,,C:G,G:C,3,20,8,1,-6,S,20,20,,,,,,,,,,1,-26,H,8,,8,,,,A:U,,,,,1,-83,E,4,,,,,,,,,,,4,23,1,1,S,3,3,,,,,,,,,,1,4,I,1,,,,1,0,,,,C:G,G:C,1,5,S,20,20,,,,,,,,,
TTYH_ECS_BC_151,0.0385,-79.61,2,1,mismatch,30,-57,G,C,I,S,S,S,1,I,C,G,S,S,,4,,,,4,3,,,,C:G,G:U,4,21,8,1,-4,S,2,2,,,,,,,,,,1,-7,S,19,19,,,,,,,,,,1,-26,H,8,,8,,,,A:U,,,,,4,23,1,1,S,3,3,,,,,,,,,,1,4,I,1,,,,1,0,,,,C:G,G:C,1,5,S,20,20,,,,,,,,,
TTYH_ECS_BC_151,0.0385,-79.61,2,1,mismatch,34,-53,C,G,I,S,S,S,1,I,C,G,S,S,,4,,,,4,3,,,,C:G,G:U,4,21,8,1,-4,S,2,2,,,,,,,,,,1,-7,S,19,19,,,,,,,,,,1,-26,H,8,,8,,,,A:U,,,,,4,23,1,1,S,3,3,,,,,,,,,,1,4,I,1,,,,1,0,,,,C:G,G:C,1,5,S,20,20,,,,,,,,,
TTYH_ECS_BC_152,0.0675,-79.14,2,1,mismatch,30,-57,G,C,I,S,S,S,1,I,C,G,S,S,,4,,,,4,3,,,,C:G,G:U,4,21,8,1,-4,S,3,3,,,,,,,,,,1,-8,S,18,18,,,,,,,,,,1,-26,H,8,,8,,,,A:U,,,,,4,23,1,1,S,3,3,,,,,,,,,,1,4,I,1,,,,1,0,,,,C:G,G:C,1,5,S,20,20,,,,,,,,,
TTYH_ECS_BC_152,0.0675,-79.14,2,1,mismatch,35,-52,C,G,I,S,S,S,1,I,C,G,S,S,,4,,,,4,3,,,,C:G,G:U,4,21,8,1,-4,S,3,3,,,,,,,,,,1,-8,S,18,18,,,,,,,,,,1,-26,H,8,,8,,,,A:U,,,,,4,23,1,1,S,3,3,,,,,,,,,,1,4,I,1,,,,1,0,,,,C:G,G:C,1,5,S,20,20,,,,,,,,,
TTYH_ECS_BC_153,0.062,-79.53,2,1,mismatch,30,-57,G,C,I,S,S,S,1,I,C,G,S,S,,4,,,,4,3,,,,C:G,G:U,4,21,8,1,-4,S,4,4,,,,,,,,,,1,-9,S,17,17,,,,,,,,,,1,-26,H,8,,8,,,,A:U,,,,,4,23,1,1,S,3,3,,,,,,,,,,1,4,I,1,,,,1,0,,,,C:G,G:C,1,5,S,20,20,,,,,,,,,
TTYH_ECS_BC_153,0.062,-79.53,2,1,mismatch,36,-51,C,G,I,S,S,S,1,I,C,G,S,S,,4,,,,4,3,,,,C:G,G:U,4,21,8,1,-4,S,4,4,,,,,,,,,,1,-9,S,17,17,,,,,,,,,,1,-26,H,8,,8,,,,A:U,,,,,4,23,1,1,S,3,3,,,,,,,,,,1,4,I,1,,,,1,0,,,,C:G,G:C,1,5,S,20,20,,,,,,,,,
TTYH_ECS_BC_154,0.2535,-91.14,2,1,mismatch,31,-56,C,U,S,I,I,I,0,I,C,G,S,S,A:C,1,,,,1,1,,,,C:G,C:G,4,24,8,1,-1,S,3,3,,,,,,,,,,1,-5,S,21,21,,,,,,,,,,1,-26,H,8,,8,,,,A:U,,,,,4,23,1,1,S,3,3,,,,,,,,,,1,4,B,1,,,1,,,,G:C,G:C,,,1,5,S,20,20,,,,,,,,,
TTYH_ECS_BC_154,0.2535,-91.14,2,1,mismatch,32,-55,U,G,I,S,S,S,1,I,C,G,S,S,A:C,1,,,,1,1,,,,C:G,C:G,4,24,8,1,-1,S,3,3,,,,,,,,,,1,-5,S,21,21,,,,,,,,,,1,-26,H,8,,8,,,,A:U,,,,,4,23,1,1,S,3,3,,,,,,,,,,1,4,B,1,,,1,,,,G:C,G:C,,,1,5,S,20,20,,,,,,,,,
TTYH_ECS_BC_155,0.202,-88.61,2,1,mismatch,31,-56,C,U,S,I,I,I,0,I,C,G,S,S,A:C,1,,,,1,1,,,,C:G,C:G,4,24,8,1,-1,S,4,4,,,,,,,,,,1,-6,S,20,20,,,,,,,,,,1,-26,H,8,,8,,,,A:U,,,,,4,23,1,1,S,3,3,,,,,,,,,,1,4,B,1,,,1,,,,G:C,G:C,,,1,5,S,20,20,,,,,,,,,
TTYH_ECS_BC_155,0.202,-88.61,2,1,mismatch,33,-54,G,U,I,S,S,S,1,I,C,G,S,S,A:C,1,,,,1,1,,,,C:G,C:G,4,24,8,1,-1,S,4,4,,,,,,,,,,1,-6,S,20,20,,,,,,,,,,1,-26,H,8,,8,,,,A:U,,,,,4,23,1,1,S,3,3,,,,,,,,,,1,4,B,1,,,1,,,,G:C,G:C,,,1,5,S,20,20,,,,,,,,,
TTYH_ECS_BC_156,0.263,-87.09,2,1,mismatch,31,-56,C,U,S,I,I,I,0,I,C,G,S,S,A:C,1,,,,1,1,,,,C:G,C:G,4,24,8,1,-1,S,5,5,,,,,,,,,,1,-7,S,19,19,,,,,,,,,,1,-26,H,8,,8,,,,A:U,,,,,4,23,1,1,S,3,3,,,,,,,,,,1,4,B,1,,,1,,,,G:C,G:C,,,1,5,S,20,20,,,,,,,,,
TTYH_ECS_BC_156,0.263,-87.09,2,1,mismatch,34,-53,C,G,I,S,S,S,1,I,C,G,S,S,A:C,1,,,,1,1,,,,C:G,C:G,4,24,8,1,-1,S,5,5,,,,,,,,,,1,-7,S,19,19,,,,,,,,,,1,-26,H,8,,8,,,,A:U,,,,,4,23,1,1,S,3,3,,,,,,,,,,1,4,B,1,,,1,,,,G:C,G:C,,,1,5,S,20,20,,,,,,,,,
TTYH_ECS_BC_157,0.169,-87.04,2,1,mismatch,31,-56,C,U,S,I,I,I,0,I,C,G,S,S,A:C,1,,,,1,1,,,,C:G,C:G,4,24,8,1,-1,S,6,6,,,,,,,,,,1,-8,S,18,18,,,,,,,,,,1,-26,H,8,,8,,,,A:U,,,,,4,23,1,1,S,3,3,,,,,,,,,,1,4,B,1,,,1,,,,G:C,G:C,,,1,5,S,20,20,,,,,,,,,
TTYH_ECS_BC_157,0.169,-87.04,2,1,mismatch,35,-52,C,G,I,S,S,S,1,I,C,G,S,S,A:C,1,,,,1,1,,,,C:G,C:G,4,24,8,1,-1,S,6,6,,,,,,,,,,1,-8,S,18,18,,,,,,,,,,1,-26,H,8,,8,,,,A:U,,,,,4,23,1,1,S,3,3,,,,,,,,,,1,4,B,1,,,1,,,,G:C,G:C,,,1,5,S,20,20,,,,,,,,,
TTYH_ECS_BC_158,0.1705,-87.45,2,1,mismatch,31,-56,C,U,S,I,I,I,0,I,C,G,S,S,A:C,1,,,,1,1,,,,C:G,C:G,4,24,8,1,-1,S,7,7,,,,,,,,,,1,-9,S,17,17,,,,,,,,,,1,-26,H,8,,8,,,,A:U,,,,,4,23,1,1,S,3,3,,,,,,,,,,1,4,B,1,,,1,,,,G:C,G:C,,,1,5,S,20,20,,,,,,,,,
TTYH_ECS_BC_158,0.1705,-87.45,2,1,mismatch,36,-51,C,G,I,S,S,S,1,I,C,G,S,S,A:C,1,,,,1,1,,,,C:G,C:G,4,24,8,1,-1,S,7,7,,,,,,,,,,1,-9,S,17,17,,,,,,,,,,1,-26,H,8,,8,,,,A:U,,,,,4,23,1,1,S,3,3,,,,,,,,,,1,4,B,1,,,1,,,,G:C,G:C,,,1,5,S,20,20,,,,,,,,,
TTYH_ECS_BC_159,0.2415,-85.57,2,1,mismatch,32,-55,U,G,S,S,I,B,0,I,C,G,S,S,A:C,1,,,,1,1,,,,C:G,C:G,7,24,8,1,-1,S,2,2,,,,,,,,,,1,-3,B,1,,,1,,,,G:C,C:G,,,1,-4,S,2,2,,,,,,,,,,4,23,1,1,S,3,3,,,,,,,,,,1,4,B,1,,,1,,,,G:C,G:C,,,1,5,S,20,20,,,,,,,,,
TTYH_ECS_BC_159,0.2415,-85.57,2,1,mismatch,33,-54,G,U,B,S,S,S,0,I,C,G,S,S,A:C,1,,,,1,1,,,,C:G,C:G,7,24,8,1,-1,S,2,2,,,,,,,,,,1,-3,B,1,,,1,,,,G:C,C:G,,,1,-4,S,2,2,,,,,,,,,,4,23,1,1,S,3,3,,,,,,,,,,1,4,B,1,,,1,,,,G:C,G:C,,,1,5,S,20,20,,,,,,,,,
TTYH_ECS_BC_160,0.289,-83.31,2,1,mismatch,32,-55,U,G,S,S,I,I,0,I,C,G,S,S,A:C,1,,,,1,1,,,,C:G,C:G,6,23,8,1,-1,S,2,2,,,,,,,,,,1,-3,B,1,,,1,,,,G:C,C:G,,,1,-4,S,2,2,,,,,,,,,,4,23,1,1,S,3,3,,,,,,,,,,1,4,B,1,,,1,,,,G:C,G:C,,,1,5,S,20,20,,,,,,,,,
TTYH_ECS_BC_160,0.289,-83.31,2,1,mismatch,34,-53,C,G,I,S,S,S,1,I,C,G,S,S,A:C,1,,,,1,1,,,,C:G,C:G,6,23,8,1,-1,S,2,2,,,,,,,,,,1,-3,B,1,,,1,,,,G:C,C:G,,,1,-4,S,2,2,,,,,,,,,,4,23,1,1,S,3,3,,,,,,,,,,1,4,B,1,,,1,,,,G:C,G:C,,,1,5,S,20,20,,,,,,,,,
TTYH_ECS_BC_161,0.312,-83.29,2,1,mismatch,32,-55,U,G,I,S,S,S,1,I,C,G,S,S,A:C,1,,,,1,1,,,,C:G,C:G,5,22,8,1,-1,S,2,2,,,,,,,,,,1,-5,S,2,2,,,,,,,,,,1,-8,S,18,18,,,,,,,,,,4,23,1,1,S,3,3,,,,,,,,,,1,4,B,1,,,1,,,,G:C,G:C,,,1,5,S,20,20,,,,,,,,,
TTYH_ECS_BC_161,0.312,-83.29,2,1,mismatch,35,-52,C,G,I,S,S,S,1,I,C,G,S,S,A:C,1,,,,1,1,,,,C:G,C:G,5,22,8,1,-1,S,2,2,,,,,,,,,,1,-5,S,2,2,,,,,,,,,,1,-8,S,18,18,,,,,,,,,,4,23,1,1,S,3,3,,,,,,,,,,1,4,B,1,,,1,,,,G:C,G:C,,,1,5,S,20,20,,,,,,,,,
TTYH_ECS_BC_162,0.297,-83.69,2,1,mismatch,32,-55,U,G,I,S,S,S,1,I,C,G,S,S,A:C,1,,,,1,1,,,,C:G,C:G,5,22,8,1,-1,S,2,2,,,,,,,,,,1,-5,S,3,3,,,,,,,,,,1,-9,S,17,17,,,,,,,,,,4,23,1,1,S,3,3,,,,,,,,,,1,4,B,1,,,1,,,,G:C,G:C,,,1,5,S,20,20,,,,,,,,,
TTYH_ECS_BC_162,0.297,-83.69,2,1,mismatch,36,-51,C,G,I,S,S,S,1,I,C,G,S,S,A:C,1,,,,1,1,,,,C:G,C:G,5,22,8,1,-1,S,2,2,,,,,,,,,,1,-5,S,3,3,,,,,,,,,,1,-9,S,17,17,,,,,,,,,,4,23,1,1,S,3,3,,,,,,,,,,1,4,B,1,,,1,,,,G:C,G:C,,,1,5,S,20,20,,,,,,,,,
TTYH_ECS_BC_163,0.259,-81.79,2,1,mismatch,33,-54,G,U,S,S,B,H,0,I,C,G,S,S,A:C,1,,,,1,1,,,,C:G,C:G,7,24,8,1,-1,S,2,2,,,,,,,,,,1,-3,S,5,5,,,,,,,,,,1,-8,B,1,,,1,,,,U:A,G:C,,,4,23,1,1,S,3,3,,,,,,,,,,1,4,B,1,,,1,,,,G:C,G:C,,,1,5,S,20,20,,,,,,,,,
TTYH_ECS_BC_163,0.259,-81.79,2,1,mismatch,34,-53,C,G,S,S,B,H,0,I,C,G,S,S,A:C,1,,,,1,1,,,,C:G,C:G,7,24,8,1,-1,S,2,2,,,,,,,,,,1,-3,S,5,5,,,,,,,,,,1,-8,B,1,,,1,,,,U:A,G:C,,,4,23,1,1,S,3,3,,,,,,,,,,1,4,B,1,,,1,,,,G:C,G:C,,,1,5,S,20,20,,,,,,,,,
TTYH_ECS_BC_164,0.3725,-80.46,2,1,mismatch,33,-54,G,U,I,S,S,S,1,I,C,G,S,S,A:C,1,,,,1,1,,,,C:G,C:G,4,20,8,1,-1,S,2,2,,,,,,,,,,1,-8,S,18,18,,,,,,,,,,1,-26,H,8,,8,,,,A:U,,,,,4,23,1,1,S,3,3,,,,,,,,,,1,4,B,1,,,1,,,,G:C,G:C,,,1,5,S,20,20,,,,,,,,,
TTYH_ECS_BC_164,0.3725,-80.46,2,1,mismatch,35,-52,C,G,I,S,S,S,1,I,C,G,S,S,A:C,1,,,,1,1,,,,C:G,C:G,4,20,8,1,-1,S,2,2,,,,,,,,,,1,-8,S,18,18,,,,,,,,,,1,-26,H,8,,8,,,,A:U,,,,,4,23,1,1,S,3,3,,,,,,,,,,1,4,B,1,,,1,,,,G:C,G:C,,,1,5,S,20,20,,,,,,,,,
TTYH_ECS_BC_165,0.312,-80.83,2,1,mismatch,33,-54,G,U,I,S,S,S,1,I,C,G,S,S,A:C,1,,,,1,1,,,,C:G,C:G,5,21,8,1,-1,S,2,2,,,,,,,,,,1,-6,S,2,2,,,,,,,,,,1,-9,S,17,17,,,,,,,,,,4,23,1,1,S,3,3,,,,,,,,,,1,4,B,1,,,1,,,,G:C,G:C,,,1,5,S,20,20,,,,,,,,,
TTYH_ECS_BC_165,0.312,-80.83,2,1,mismatch,36,-51,C,G,I,S,S,S,1,I,C,G,S,S,A:C,1,,,,1,1,,,,C:G,C:G,5,21,8,1,-1,S,2,2,,,,,,,,,,1,-6,S,2,2,,,,,,,,,,1,-9,S,17,17,,,,,,,,,,4,23,1,1,S,3,3,,,,,,,,,,1,4,B,1,,,1,,,,G:C,G:C,,,1,5,S,20,20,,,,,,,,,
TTYH_ECS_BC_166,0.276,-78.2,2,1,mismatch,34,-53,C,G,I,S,S,S,1,I,C,G,S,S,A:C,1,,,,1,1,,,,C:G,C:G,4,20,8,1,-1,S,2,2,,,,,,,,,,1,-8,S,18,18,,,,,,,,,,1,-26,H,8,,8,,,,A:U,,,,,4,23,1,1,S,3,3,,,,,,,,,,1,4,B,1,,,1,,,,G:C,G:C,,,1,5,S,20,20,,,,,,,,,
TTYH_ECS_BC_166,0.276,-78.2,2,1,mismatch,35,-52,C,G,I,S,S,S,1,I,C,G,S,S,A:C,1,,,,1,1,,,,C:G,C:G,4,20,8,1,-1,S,2,2,,,,,,,,,,1,-8,S,18,18,,,,,,,,,,1,-26,H,8,,8,,,,A:U,,,,,4,23,1,1,S,3,3,,,,,,,,,,1,4,B,1,,,1,,,,G:C,G:C,,,1,5,S,20,20,,,,,,,,,
TTYH_ECS_BC_167,0.3195,-78.78,2,1,mismatch,34,-53,C,G,S,S,I,I,0,I,C,G,S,S,A:C,1,,,,1,1,,,,C:G,C:G,5,21,8,1,-1,S,2,2,,,,,,,,,,1,-5,S,2,2,,,,,,,,,,1,-9,S,17,17,,,,,,,,,,4,23,1,1,S,3,3,,,,,,,,,,1,4,B,1,,,1,,,,G:C,G:C,,,1,5,S,20,20,,,,,,,,,
TTYH_ECS_BC_167,0.3195,-78.78,2,1,mismatch,36,-51,C,G,I,S,S,S,1,I,C,G,S,S,A:C,1,,,,1,1,,,,C:G,C:G,5,21,8,1,-1,S,2,2,,,,,,,,,,1,-5,S,2,2,,,,,,,,,,1,-9,S,17,17,,,,,,,,,,4,23,1,1,S,3,3,,,,,,,,,,1,4,B,1,,,1,,,,G:C,G:C,,,1,5,S,20,20,,,,,,,,,
TTYH_ECS_BC_168,0.2825,-76.95,2,1,mismatch,35,-52,C,G,I,S,S,S,1,I,C,G,S,S,A:C,1,,,,1,1,,,,C:G,C:G,5,22,8,1,-1,S,2,2,,,,,,,,,,1,-4,S,3,3,,,,,,,,,,1,-9,S,17,17,,,,,,,,,,4,23,1,1,S,3,3,,,,,,,,,,1,4,B,1,,,1,,,,G:C,G:C,,,1,5,S,20,20,,,,,,,,,
TTYH_ECS_BC_168,0.2825,-76.95,2,1,mismatch,36,-51,C,G,I,S,S,S,1,I,C,G,S,S,A:C,1,,,,1,1,,,,C:G,C:G,5,22,8,1,-1,S,2,2,,,,,,,,,,1,-4,S,3,3,,,,,,,,,,1,-9,S,17,17,,,,,,,,,,4,23,1,1,S,3,3,,,,,,,,,,1,4,B,1,,,1,,,,G:C,G:C,,,1,5,S,20,20,,,,,,,,,
TTYH_ECS_BC_169,0.294,-87.05,0,0,wt,,,,,,,,,,I,C,G,S,S,A:C,1,,,,1,1,,,,C:G,C:G,4,24,8,1,-1,S,2,2,,,,,,,,,,1,-4,S,22,22,,,,,,,,,,1,-26,H,8,,8,,,,A:U,,,,,4,23,1,1,S,3,3,,,,,,,,,,1,4,B,1,,,1,,,,G:C,G:C,,,1,5,S,20,20,,,,,,,,,
TTYH_ECS_BC_170,0.026,-81.03,5,1,mismatch,24,-63,C,U,S,S,E,I,1,S,C,G,I,B,,6,6,,,,,,,,,,3,22,8,1,-4,S,22,22,,,,,,,,,,1,-26,H,8,,8,,,,A:U,,,,,1,-83,E,4,,,,,,,,,,,3,20,1,4,B,1,,,1,,,,G:U,G:U,,,1,5,S,20,20,,,,,,,,,,1,25,E,4,,,,,,,,,,
TTYH_ECS_BC_170,0.026,-81.03,5,1,mismatch,25,-62,C,U,S,S,E,I,1,S,C,G,I,B,,6,6,,,,,,,,,,3,22,8,1,-4,S,22,22,,,,,,,,,,1,-26,H,8,,8,,,,A:U,,,,,1,-83,E,4,,,,,,,,,,,3,20,1,4,B,1,,,1,,,,G:U,G:U,,,1,5,S,20,20,,,,,,,,,,1,25,E,4,,,,,,,,,,
TTYH_ECS_BC_170,0.026,-81.03,5,1,mismatch,26,-61,C,U,S,S,E,I,1,S,C,G,I,B,,6,6,,,,,,,,,,3,22,8,1,-4,S,22,22,,,,,,,,,,1,-26,H,8,,8,,,,A:U,,,,,1,-83,E,4,,,,,,,,,,,3,20,1,4,B,1,,,1,,,,G:U,G:U,,,1,5,S,20,20,,,,,,,,,,1,25,E,4,,,,,,,,,,
TTYH_ECS_BC_170,0.026,-81.03,5,1,mismatch,27,-60,C,U,S,S,E,I,1,S,C,G,I,B,,6,6,,,,,,,,,,3,22,8,1,-4,S,22,22,,,,,,,,,,1,-26,H,8,,8,,,,A:U,,,,,1,-83,E,4,,,,,,,,,,,3,20,1,4,B,1,,,1,,,,G:U,G:U,,,1,5,S,20,20,,,,,,,,,,1,25,E,4,,,,,,,,,,
TTYH_ECS_BC_170,0.026,-81.03,5,1,mismatch,28,-59,C,U,S,I,E,I,1,S,C,G,I,B,,6,6,,,,,,,,,,3,22,8,1,-4,S,22,22,,,,,,,,,,1,-26,H,8,,8,,,,A:U,,,,,1,-83,E,4,,,,,,,,,,,3,20,1,4,B,1,,,1,,,,G:U,G:U,,,1,5,S,20,20,,,,,,,,,,1,25,E,4,,,,,,,,,,
TTYH_ECS_BC_171,0.034,-83.59,2,1,mismatch,25,-62,C,U,I,S,S,S,0,B,C,G,S,S,,1,,,1,,,,C:G,G:C,,,4,24,8,1,-1,S,2,2,,,,,,,,,,1,-4,S,22,22,,,,,,,,,,1,-26,H,8,,8,,,,A:U,,,,,4,23,1,1,S,3,3,,,,,,,,,,1,4,I,1,,,,1,1,,,,C:G,G:C,1,5,S,20,20,,,,,,,,,
TTYH_ECS_BC_171,0.034,-83.59,2,1,mismatch,27,-60,C,U,S,S,I,I,0,B,C,G,S,S,,1,,,1,,,,C:G,G:C,,,4,24,8,1,-1,S,2,2,,,,,,,,,,1,-4,S,22,22,,,,,,,,,,1,-26,H,8,,8,,,,A:U,,,,,4,23,1,1,S,3,3,,,,,,,,,,1,4,I,1,,,,1,1,,,,C:G,G:C,1,5,S,20,20,,,,,,,,,
TTYH_ECS_BC_172,0.04,-85.94,3,1,mismatch,24,-63,C,U,S,S,E,I,1,S,C,G,I,B,,6,6,,,,,,,,,,3,22,8,1,-4,S,22,22,,,,,,,,,,1,-26,H,8,,8,,,,A:U,,,,,1,-83,E,4,,,,,,,,,,,3,20,1,4,B,1,,,1,,,,G:C,G:U,,,1,5,S,20,20,,,,,,,,,,1,25,E,4,,,,,,,,,,
TTYH_ECS_BC_172,0.04,-85.94,3,1,mismatch,26,-61,C,U,S,S,E,I,1,S,C,G,I,B,,6,6,,,,,,,,,,3,22,8,1,-4,S,22,22,,,,,,,,,,1,-26,H,8,,8,,,,A:U,,,,,1,-83,E,4,,,,,,,,,,,3,20,1,4,B,1,,,1,,,,G:C,G:U,,,1,5,S,20,20,,,,,,,,,,1,25,E,4,,,,,,,,,,
TTYH_ECS_BC_172,0.04,-85.94,3,1,mismatch,28,-59,C,U,S,I,E,I,1,S,C,G,I,B,,6,6,,,,,,,,,,3,22,8,1,-4,S,22,22,,,,,,,,,,1,-26,H,8,,8,,,,A:U,,,,,1,-83,E,4,,,,,,,,,,,3,20,1,4,B,1,,,1,,,,G:C,G:U,,,1,5,S,20,20,,,,,,,,,,1,25,E,4,,,,,,,,,,
