rna_id,editing_value,free_energy,sim_nor_score,num_mutations,mut_exist,mut_type,mut_pos,mut_site_dist,mut_ref_nt,mut_nt,mut_struct,mut_ref_struct,mut_prev_struct,mut_next_struct,mut_same_as_site,all_stem_length,site_struct,site_prev_nt,site_next_nt,site_prev_struct,site_next_struct,site_1_1,site_length,site_length_stem,site_length_hairpin,site_length_bulge,site_length_internal_es,site_length_internal_ecs,site_5prm_cp_hairpin,site_5prm_cp_bulge,site_3prm_cp_bulge,site_5prm_cp_internal,site_3prm_cp_internal,u_count,u_all_stem_length,u_hairpin_length,u1_exist,u1_distance,u1_struct,u1_length,u1_length_stem,u1_length_hairpin,u1_length_bulge,u1_length_internal_es,u1_length_internal_ecs,u1_5prm_cp_hairpin,u1_5prm_cp_bulge,u1_3prm_cp_bulge,u1_5prm_cp_internal,u1_3prm_cp_internal,u2_exist,u2_distance,u2_struct,u2_length,u2_length_stem,u2_length_hairpin,u2_length_bulge,u2_length_internal_es,u2_length_internal_ecs,u2_5prm_cp_hairpin,u2_5prm_cp_bulge,u2_3prm_cp_bulge,u2_5prm_cp_internal,u2_3prm_cp_internal,u3_exist,u3_distance,u3_struct,u3_length,u3_length_stem,u3_length_hairpin,u3_length_bulge,u3_length_internal_es,u3_length_internal_ecs,u3_5prm_cp_hairpin,u3_5prm_cp_bulge,u3_3prm_cp_bulge,u3_5prm_cp_internal,u3_3prm_cp_internal,d_count,d_all_stem_length,d1_exist,d1_distance,d1_struct,d1_length,d1_length_stem,d1_length_hairpin,d1_length_bulge,d1_length_internal_es,d1_length_internal_ecs,d1_5prm_cp_hairpin,d1_5prm_cp_bulge,d1_3prm_cp_bulge,d1_5prm_cp_internal,d1_3prm_cp_internal,d2_exist,d2_distance,d2_struct,d2_length,d2_length_stem,d2_length_hairpin,d2_length_bulge,d2_length_internal_es,d2_length_internal_ecs,d2_5prm_cp_hairpin,d2_5prm_cp_bulge,d2_3prm_cp_bulge,d2_5prm_cp_internal,d2_3prm_cp_internal,d3_exist,d3_distance,d3_struct,d3_length,d3_length_stem,d3_length_hairpin,d3_length_bulge,d3_length_internal_es,d3_length_internal_ecs,d3_5prm_cp_hairpin,d3_5prm_cp_bulge,d3_3prm_cp_bulge,d3_5prm_cp_internal,d3_3prm_cp_internal
DG0001,0.871,-88.46,0.8798,5,1,mismatch,24,-63,C,U,S,S,E,I,0,48,B,C,G,S,S,,1,,,1,,,,C:G,G:C,,,3,25,8,1,-1,S,25,25,,,,,,,,,,1,-26,H,8,,8,,,,A:U,,,,,1,-83,E,4,,,,,,,,,,,4,23,1,1,S,3,3,,,,,,,,,,1,4,I,1,,,,1,0,,,,U:G,G:U,1,5,S,20,20,,,,,,,,,
DG0001,0.871,-88.46,0.8798,5,1,mismatch,26,-61,C,U,S,S,I,H,0,48,B,C,G,S,S,,1,,,1,,,,C:G,G:C,,,3,25,8,1,-1,S,25,25,,,,,,,,,,1,-26,H,8,,8,,,,A:U,,,,,1,-83,E,4,,,,,,,,,,,4,23,1,1,S,3,3,,,,,,,,,,1,4,I,1,,,,1,0,,,,U:G,G:U,1,5,S,20,20,,,,,,,,,
DG0001,0.871,-88.46,0.8798,5,1,mismatch,31,-56,C,U,S,I,I,H,0,48,B,C,G,S,S,,1,,,1,,,,C:G,G:C,,,3,25,8,1,-1,S,25,25,,,,,,,,,,1,-26,H,8,,8,,,,A:U,,,,,1,-83,E,4,,,,,,,,,,,4,23,1,1,S,3,3,,,,,,,,,,1,4,I,1,,,,1,0,,,,U:G,G:U,1,5,S,20,20,,,,,,,,,
DG0001,0.871,-88.46,0.8798,5,1,mismatch,48,-39,G,C,S,S,I,H,0,48,B,C,G,S,S,,1,,,1,,,,C:G,G:C,,,3,25,8,1,-1,S,25,25,,,,,,,,,,1,-26,H,8,,8,,,,A:U,,,,,1,-83,E,4,,,,,,,,,,,4,23,1,1,S,3,3,,,,,,,,,,1,4,I,1,,,,1,0,,,,U:G,G:U,1,5,S,20,20,,,,,,,,,
DG0001,0.871,-88.46,0.8798,5,1,mismatch,67,-20,U,G,S,S,H,B,0,48,B,C,G,S,S,,1,,,1,,,,C:G,G:C,,,3,25,8,1,-1,S,25,25,,,,,,,,,,1,-26,H,8,,8,,,,A:U,,,,,1,-83,E,4,,,,,,,,,,,4,23,1,1,S,3,3,,,,,,,,,,1,4,I,1,,,,1,0,,,,U:G,G:U,1,5,S,20,20,,,,,,,,,
DG0002,0.4685,-87.8,1.0,1,1,mismatch,33,-54,G,A,S,S,I,H,0,47,I,C,G,S,S,A:C,1,,,,1,1,,,,C:G,C:G,4,24,8,1,-1,S,2,2,,,,,,,,,,1,-4,S,22,22,,,,,,,,,,1,-26,H,8,,8,,,,A:U,,,,,4,23,1,1,S,3,3,,,,,,,,,,1,4,B,1,,,1,,,,G:C,G:C,,,1,5,S,20,20,,,,,,,,,
DG0003,0.475,-86.09,0.9054,1,1,mismatch,33,-54,G,C,S,S,B,H,0,47,I,C,G,S,S,A:C,1,,,,1,1,,,,C:G,C:G,7,24,8,1,-1,S,2,2,,,,,,,,,,1,-3,S,2,2,,,,,,,,,,1,-5,B,1,,,1,,,,G:C,G:C,,,4,23,1,1,S,3,3,,,,,,,,,,1,4,B,1,,,1,,,,G:C,G:C,,,1,5,S,20,20,,,,,,,,,
DG0004,0.43200000000000005,-91.62,0.8571,1,1,mismatch,28,-59,C,U,S,I,E,I,0,48,S,C,G,I,B,A:C,6,6,,,,,,,,,,3,22,8,1,-4,S,22,22,,,,,,,,,,1,-26,H,8,,8,,,,A:U,,,,,1,-83,E,4,,,,,,,,,,,3,20,1,4,B,1,,,1,,,,G:C,G:C,,,1,5,S,20,20,,,,,,,,,,1,25,E,4,,,,,,,,,,
DG0005,0.42800000000000005,-87.05,1.0,0,0,wt,,,,,,,,,,47,I,C,G,S,S,A:C,1,,,,1,1,,,,C:G,C:G,4,24,8,1,-1,S,2,2,,,,,,,,,,1,-4,S,22,22,,,,,,,,,,1,-26,H,8,,8,,,,A:U,,,,,4,23,1,1,S,3,3,,,,,,,,,,1,4,B,1,,,1,,,,G:C,G:C,,,1,5,S,20,20,,,,,,,,,
DG0006,0.41900000000000004,-79.98,0.8386,7,1,mismatch,24,-63,C,G,S,S,E,I,0,44,I,C,G,S,S,,1,,,,1,2,,,,C:G,C:G,5,21,8,1,-1,S,2,2,,,,,,,,,,1,-6,S,14,14,,,,,,,,,,1,-21,S,5,5,,,,,,,,,,4,23,1,1,S,4,4,,,,,,,,,,1,5,B,1,,,1,,,,C:G,C:G,,,1,6,S,19,19,,,,,,,,,
DG0006,0.41900000000000004,-79.98,0.8386,7,1,mismatch,29,-58,G,C,I,S,S,S,0,44,I,C,G,S,S,,1,,,,1,2,,,,C:G,C:G,5,21,8,1,-1,S,2,2,,,,,,,,,,1,-6,S,14,14,,,,,,,,,,1,-21,S,5,5,,,,,,,,,,4,23,1,1,S,4,4,,,,,,,,,,1,5,B,1,,,1,,,,C:G,C:G,,,1,6,S,19,19,,,,,,,,,
DG0006,0.41900000000000004,-79.98,0.8386,7,1,mismatch,31,-56,C,G,S,I,I,I,0,44,I,C,G,S,S,,1,,,,1,2,,,,C:G,C:G,5,21,8,1,-1,S,2,2,,,,,,,,,,1,-6,S,14,14,,,,,,,,,,1,-21,S,5,5,,,,,,,,,,4,23,1,1,S,4,4,,,,,,,,,,1,5,B,1,,,1,,,,C:G,C:G,,,1,6,S,19,19,,,,,,,,,
DG0006,0.41900000000000004,-79.98,0.8386,7,1,mismatch,32,-55,U,C,I,S,S,S,0,44,I,C,G,S,S,,1,,,,1,2,,,,C:G,C:G,5,21,8,1,-1,S,2,2,,,,,,,,,,1,-6,S,14,14,,,,,,,,,,1,-21,S,5,5,,,,,,,,,,4,23,1,1,S,4,4,,,,,,,,,,1,5,B,1,,,1,,,,C:G,C:G,,,1,6,S,19,19,,,,,,,,,
DG0006,0.41900000000000004,-79.98,0.8386,7,1,mismatch,33,-54,G,U,I,S,S,S,0,44,I,C,G,S,S,,1,,,,1,2,,,,C:G,C:G,5,21,8,1,-1,S,2,2,,,,,,,,,,1,-6,S,14,14,,,,,,,,,,1,-21,S,5,5,,,,,,,,,,4,23,1,1,S,4,4,,,,,,,,,,1,5,B,1,,,1,,,,C:G,C:G,,,1,6,S,19,19,,,,,,,,,
DG0006,0.41900000000000004,-79.98,0.8386,7,1,mismatch,48,-39,G,A,I,S,S,S,0,44,I,C,G,S,S,,1,,,,1,2,,,,C:G,C:G,5,21,8,1,-1,S,2,2,,,,,,,,,,1,-6,S,14,14,,,,,,,,,,1,-21,S,5,5,,,,,,,,,,4,23,1,1,S,4,4,,,,,,,,,,1,5,B,1,,,1,,,,C:G,C:G,,,1,6,S,19,19,,,,,,,,,
DG0006,0.41900000000000004,-79.98,0.8386,7,1,mismatch,67,-20,U,C,I,S,S,S,0,44,I,C,G,S,S,,1,,,,1,2,,,,C:G,C:G,5,21,8,1,-1,S,2,2,,,,,,,,,,1,-6,S,14,14,,,,,,,,,,1,-21,S,5,5,,,,,,,,,,4,23,1,1,S,4,4,,,,,,,,,,1,5,B,1,,,1,,,,C:G,C:G,,,1,6,S,19,19,,,,,,,,,
DG0007,0.3655,-83.35,0.8843,1,1,mismatch,29,-58,G,C,I,S,S,S,0,44,I,C,G,S,S,,5,,,,5,5,,,,C:G,U:G,3,21,8,1,-5,S,21,21,,,,,,,,,,1,-26,H,8,,8,,,,A:U,,,,,1,-83,E,4,,,,,,,,,,,4,23,1,1,S,3,3,,,,,,,,,,1,4,B,1,,,1,,,,G:C,G:C,,,1,5,S,20,20,,,,,,,,,
DG0008,0.4125,-83.61,0.8981,5,1,mismatch,28,-59,C,G,S,I,E,I,0,47,B,C,G,S,S,,1,,,1,,,,C:G,G:C,,,6,24,8,1,-1,S,2,2,,,,,,,,,,1,-4,S,5,5,,,,,,,,,,1,-9,S,17,17,,,,,,,,,,4,23,1,1,S,3,3,,,,,,,,,,1,4,B,1,,,1,,,,G:C,G:C,,,1,5,S,20,20,,,,,,,,,
DG0008,0.4125,-83.61,0.8981,5,1,mismatch,30,-57,G,C,I,S,S,S,0,47,B,C,G,S,S,,1,,,1,,,,C:G,G:C,,,6,24,8,1,-1,S,2,2,,,,,,,,,,1,-4,S,5,5,,,,,,,,,,1,-9,S,17,17,,,,,,,,,,4,23,1,1,S,3,3,,,,,,,,,,1,4,B,1,,,1,,,,G:C,G:C,,,1,5,S,20,20,,,,,,,,,
DG0008,0.4125,-83.61,0.8981,5,1,mismatch,31,-56,C,U,S,I,I,B,0,47,B,C,G,S,S,,1,,,1,,,,C:G,G:C,,,6,24,8,1,-1,S,2,2,,,,,,,,,,1,-4,S,5,5,,,,,,,,,,1,-9,S,17,17,,,,,,,,,,4,23,1,1,S,3,3,,,,,,,,,,1,4,B,1,,,1,,,,G:C,G:C,,,1,5,S,20,20,,,,,,,,,
DG0008,0.4125,-83.61,0.8981,5,1,mismatch,32,-55,U,G,S,S,I,B,0,47,B,C,G,S,S,,1,,,1,,,,C:G,G:C,,,6,24,8,1,-1,S,2,2,,,,,,,,,,1,-4,S,5,5,,,,,,,,,,1,-9,S,17,17,,,,,,,,,,4,23,1,1,S,3,3,,,,,,,,,,1,4,B,1,,,1,,,,G:C,G:C,,,1,5,S,20,20,,,,,,,,,
DG0008,0.4125,-83.61,0.8981,5,1,mismatch,33,-54,G,C,S,S,I,B,0,47,B,C,G,S,S,,1,,,1,,,,C:G,G:C,,,6,24,8,1,-1,S,2,2,,,,,,,,,,1,-4,S,5,5,,,,,,,,,,1,-9,S,17,17,,,,,,,,,,4,23,1,1,S,3,3,,,,,,,,,,1,4,B,1,,,1,,,,G:C,G:C,,,1,5,S,20,20,,,,,,,,,
DG0009,0.7035,-89.47,0.8872,4,1,mismatch,26,-61,C,U,S,S,E,I,0,48,I,C,G,S,S,A:C,1,,,,1,1,,,,U:G,C:G,3,25,8,1,-1,S,25,25,,,,,,,,,,1,-26,H,8,,8,,,,A:U,,,,,1,-83,E,4,,,,,,,,,,,4,23,1,1,S,3,3,,,,,,,,,,1,4,B,1,,,1,,,,G:C,G:C,,,1,5,S,20,20,,,,,,,,,
DG0009,0.7035,-89.47,0.8872,4,1,mismatch,27,-60,C,U,S,S,E,I,0,48,I,C,G,S,S,A:C,1,,,,1,1,,,,U:G,C:G,3,25,8,1,-1,S,25,25,,,,,,,,,,1,-26,H,8,,8,,,,A:U,,,,,1,-83,E,4,,,,,,,,,,,4,23,1,1,S,3,3,,,,,,,,,,1,4,B,1,,,1,,,,G:C,G:C,,,1,5,S,20,20,,,,,,,,,
DG0009,0.7035,-89.47,0.8872,4,1,mismatch,31,-56,C,U,S,I,I,H,0,48,I,C,G,S,S,A:C,1,,,,1,1,,,,U:G,C:G,3,25,8,1,-1,S,25,25,,,,,,,,,,1,-26,H,8,,8,,,,A:U,,,,,1,-83,E,4,,,,,,,,,,,4,23,1,1,S,3,3,,,,,,,,,,1,4,B,1,,,1,,,,G:C,G:C,,,1,5,S,20,20,,,,,,,,,
DG0009,0.7035,-89.47,0.8872,4,1,mismatch,32,-55,U,C,S,S,I,H,0,48,I,C,G,S,S,A:C,1,,,,1,1,,,,U:G,C:G,3,25,8,1,-1,S,25,25,,,,,,,,,,1,-26,H,8,,8,,,,A:U,,,,,1,-83,E,4,,,,,,,,,,,4,23,1,1,S,3,3,,,,,,,,,,1,4,B,1,,,1,,,,G:C,G:C,,,1,5,S,20,20,,,,,,,,,
DG0010,0.4075,-75.32,0.8188,9,1,mismatch,27,-60,C,G,B,S,S,S,0,44,S,C,G,I,S,A:U,3,3,,,,,,,,,,5,19,8,1,-6,S,14,14,,,,,,,,,,1,-21,S,5,5,,,,,,,,,,1,-26,H,8,,8,,,,A:U,,,,,4,22,1,2,S,2,2,,,,,,,,,,1,4,B,1,,,1,,,,G:C,G:C,,,1,5,S,20,20,,,,,,,,,
DG0010,0.4075,-75.32,0.8188,9,1,mismatch,28,-59,C,G,B,I,S,S,0,44,S,C,G,I,S,A:U,3,3,,,,,,,,,,5,19,8,1,-6,S,14,14,,,,,,,,,,1,-21,S,5,5,,,,,,,,,,1,-26,H,8,,8,,,,A:U,,,,,4,22,1,2,S,2,2,,,,,,,,,,1,4,B,1,,,1,,,,G:C,G:C,,,1,5,S,20,20,,,,,,,,,
DG0010,0.4075,-75.32,0.8188,9,1,mismatch,29,-58,G,C,S,S,B,I,0,44,S,C,G,I,S,A:U,3,3,,,,,,,,,,5,19,8,1,-6,S,14,14,,,,,,,,,,1,-21,S,5,5,,,,,,,,,,1,-26,H,8,,8,,,,A:U,,,,,4,22,1,2,S,2,2,,,,,,,,,,1,4,B,1,,,1,,,,G:C,G:C,,,1,5,S,20,20,,,,,,,,,
DG0010,0.4075,-75.32,0.8188,9,1,mismatch,30,-57,G,U,S,S,B,I,0,44,S,C,G,I,S,A:U,3,3,,,,,,,,,,5,19,8,1,-6,S,14,14,,,,,,,,,,1,-21,S,5,5,,,,,,,,,,1,-26,H,8,,8,,,,A:U,,,,,4,22,1,2,S,2,2,,,,,,,,,,1,4,B,1,,,1,,,,G:C,G:C,,,1,5,S,20,20,,,,,,,,,
DG0010,0.4075,-75.32,0.8188,9,1,mismatch,31,-56,C,G,S,I,B,I,0,44,S,C,G,I,S,A:U,3,3,,,,,,,,,,5,19,8,1,-6,S,14,14,,,,,,,,,,1,-21,S,5,5,,,,,,,,,,1,-26,H,8,,8,,,,A:U,,,,,4,22,1,2,S,2,2,,,,,,,,,,1,4,B,1,,,1,,,,G:C,G:C,,,1,5,S,20,20,,,,,,,,,
DG0010,0.4075,-75.32,0.8188,9,1,mismatch,32,-55,U,C,I,S,S,S,0,44,S,C,G,I,S,A:U,3,3,,,,,,,,,,5,19,8,1,-6,S,14,14,,,,,,,,,,1,-21,S,5,5,,,,,,,,,,1,-26,H,8,,8,,,,A:U,,,,,4,22,1,2,S,2,2,,,,,,,,,,1,4,B,1,,,1,,,,G:C,G:C,,,1,5,S,20,20,,,,,,,,,
DG0010,0.4075,-75.32,0.8188,9,1,mismatch,33,-54,G,C,I,S,S,S,0,44,S,C,G,I,S,A:U,3,3,,,,,,,,,,5,19,8,1,-6,S,14,14,,,,,,,,,,1,-21,S,5,5,,,,,,,,,,1,-26,H,8,,8,,,,A:U,,,,,4,22,1,2,S,2,2,,,,,,,,,,1,4,B,1,,,1,,,,G:C,G:C,,,1,5,S,20,20,,,,,,,,,
DG0010,0.4075,-75.32,0.8188,9,1,mismatch,48,-39,G,C,I,S,S,S,0,44,S,C,G,I,S,A:U,3,3,,,,,,,,,,5,19,8,1,-6,S,14,14,,,,,,,,,,1,-21,S,5,5,,,,,,,,,,1,-26,H,8,,8,,,,A:U,,,,,4,22,1,2,S,2,2,,,,,,,,,,1,4,B,1,,,1,,,,G:C,G:C,,,1,5,S,20,20,,,,,,,,,
DG0010,0.4075,-75.32,0.8188,9,1,mismatch,67,-20,U,A,I,S,S,S,0,44,S,C,G,I,S,A:U,3,3,,,,,,,,,,5,19,8,1,-6,S,14,14,,,,,,,,,,1,-21,S,5,5,,,,,,,,,,1,-26,H,8,,8,,,,A:U,,,,,4,22,1,2,S,2,2,,,,,,,,,,1,4,B,1,,,1,,,,G:C,G:C,,,1,5,S,20,20,,,,,,,,,
DG0011,0.412,-88.48,0.9943,1,1,mismatch,31,-56,C,G,I,I,S,S,0,46,I,C,G,S,S,A:C,1,,,,1,1,,,,C:G,C:G,4,23,8,1,-1,S,2,2,,,,,,,,,,1,-5,S,21,21,,,,,,,,,,1,-26,H,8,,8,,,,A:U,,,,,4,23,1,1,S,3,3,,,,,,,,,,1,4,B,1,,,1,,,,G:C,G:C,,,1,5,S,20,20,,,,,,,,,
DG0012,0.361,-86.93,0.9933,1,1,mismatch,25,-62,C,A,I,S,S,S,0,47,B,C,G,S,S,,1,,,1,,,,C:G,G:C,,,4,24,8,1,-1,S,2,2,,,,,,,,,,1,-4,S,22,22,,,,,,,,,,1,-26,H,8,,8,,,,A:U,,,,,4,23,1,1,S,3,3,,,,,,,,,,1,4,I,1,,,,1,1,,,,C:G,G:C,1,5,S,20,20,,,,,,,,,
DG0013,0.411,-82.98,0.9881,1,1,mismatch,24,-63,C,A,I,S,S,S,0,46,B,C,G,S,S,,1,,,1,,,,C:G,G:C,,,4,24,8,1,-1,S,2,2,,,,,,,,,,1,-4,S,22,22,,,,,,,,,,1,-26,H,8,,8,,,,A:U,,,,,4,22,1,1,S,3,3,,,,,,,,,,1,4,I,2,,,,2,2,,,,G:C,G:C,1,6,S,19,19,,,,,,,,,
DG0014,0.3735,-83.27,0.8655,1,1,mismatch,67,-20,U,A,I,S,S,S,0,46,I,C,G,S,S,A:C,1,,,,1,1,,,,C:G,C:G,5,23,8,1,-1,S,2,2,,,,,,,,,,1,-4,S,16,16,,,,,,,,,,1,-21,S,5,5,,,,,,,,,,4,23,1,1,S,3,3,,,,,,,,,,1,4,B,1,,,1,,,,G:C,G:C,,,1,5,S,20,20,,,,,,,,,
DG0015,0.368,-87.78,0.9943,1,1,mismatch,32,-55,U,A,I,S,S,S,0,46,I,C,G,S,S,A:C,1,,,,1,1,,,,C:G,C:G,4,23,8,1,-1,S,2,2,,,,,,,,,,1,-5,S,21,21,,,,,,,,,,1,-26,H,8,,8,,,,A:U,,,,,4,23,1,1,S,3,3,,,,,,,,,,1,4,B,1,,,1,,,,G:C,G:C,,,1,5,S,20,20,,,,,,,,,
DG0016,0.33699999999999997,-83.6,0.9766,1,1,mismatch,27,-60,C,A,I,S,S,S,0,46,I,C,G,S,S,,2,,,,2,2,,,,C:G,C:G,4,24,8,1,-1,S,2,2,,,,,,,,,,1,-4,S,22,22,,,,,,,,,,1,-26,H,8,,8,,,,A:U,,,,,4,22,1,2,S,2,2,,,,,,,,,,1,4,B,1,,,1,,,,G:C,G:C,,,1,5,S,20,20,,,,,,,,,
DG0017,0.391,-86.53,1.0,1,1,mismatch,28,-59,C,A,I,I,S,S,0,47,I,C,G,S,S,,1,,,,1,0,,,,C:G,C:G,4,24,8,1,-1,S,2,2,,,,,,,,,,1,-4,S,22,22,,,,,,,,,,1,-26,H,8,,8,,,,A:U,,,,,4,23,1,1,S,3,3,,,,,,,,,,1,4,B,1,,,1,,,,G:C,G:C,,,1,5,S,20,20,,,,,,,,,
DG0018,0.371,-83.54,0.8844,1,1,mismatch,30,-57,G,A,I,S,S,S,0,45,I,C,G,S,S,,4,,,,4,3,,,,C:G,G:U,3,22,8,1,-4,S,22,22,,,,,,,,,,1,-26,H,8,,8,,,,A:U,,,,,1,-83,E,4,,,,,,,,,,,4,23,1,1,S,3,3,,,,,,,,,,1,4,I,1,,,,1,0,,,,C:G,G:C,1,5,S,20,20,,,,,,,,,
DG0019,0.3655,-86.53,0.9943,1,1,mismatch,31,-56,C,A,I,I,S,S,0,46,I,C,G,S,S,A:C,1,,,,1,1,,,,C:G,C:G,4,23,8,1,-1,S,2,2,,,,,,,,,,1,-5,S,21,21,,,,,,,,,,1,-26,H,8,,8,,,,A:U,,,,,4,23,1,1,S,3,3,,,,,,,,,,1,4,B,1,,,1,,,,G:C,G:C,,,1,5,S,20,20,,,,,,,,,
DG0020,0.33999999999999997,-82.84,0.9706,1,1,mismatch,26,-61,C,A,I,S,S,S,0,46,B,C,G,S,S,,1,,,1,,,,C:G,G:C,,,4,24,8,1,-1,S,2,2,,,,,,,,,,1,-4,S,22,22,,,,,,,,,,1,-26,H,8,,8,,,,A:U,,,,,4,22,1,1,S,2,2,,,,,,,,,,1,3,I,2,,,,2,2,,,,C:G,G:C,1,5,S,20,20,,,,,,,,,
DG0021,0.321,-85.54,0.9723,1,1,mismatch,30,-57,G,U,S,S,I,B,0,47,I,C,G,S,S,,2,,,,2,1,,,,C:G,C:G,5,24,8,1,-2,S,3,3,,,,,,,,,,1,-5,S,21,21,,,,,,,,,,1,-26,H,8,,8,,,,A:U,,,,,4,23,1,1,S,3,3,,,,,,,,,,1,4,B,1,,,1,,,,G:C,G:C,,,1,5,S,20,20,,,,,,,,,
DG0022,0.277,-85.76,0.8655,1,1,mismatch,67,-20,U,G,I,S,S,S,0,46,I,C,G,S,S,A:C,1,,,,1,1,,,,C:G,C:G,5,23,8,1,-1,S,2,2,,,,,,,,,,1,-4,S,16,16,,,,,,,,,,1,-21,S,5,5,,,,,,,,,,4,23,1,1,S,3,3,,,,,,,,,,1,4,B,1,,,1,,,,G:C,G:C,,,1,5,S,20,20,,,,,,,,,
DG0023,0.34450000000000003,-84.78,0.9902,1,1,mismatch,33,-54,G,U,I,S,S,S,0,45,I,C,G,S,S,A:C,1,,,,1,1,,,,C:G,C:G,4,22,8,1,-1,S,2,2,,,,,,,,,,1,-6,S,20,20,,,,,,,,,,1,-26,H,8,,8,,,,A:U,,,,,4,23,1,1,S,3,3,,,,,,,,,,1,4,B,1,,,1,,,,G:C,G:C,,,1,5,S,20,20,,,,,,,,,
DG0024,0.276,-83.17,0.8655,1,1,mismatch,48,-39,G,C,I,S,S,S,0,46,I,C,G,S,S,A:C,1,,,,1,1,,,,C:G,C:G,5,23,8,1,-1,S,2,2,,,,,,,,,,1,-4,S,16,16,,,,,,,,,,1,-21,S,5,5,,,,,,,,,,4,23,1,1,S,3,3,,,,,,,,,,1,4,B,1,,,1,,,,G:C,G:C,,,1,5,S,20,20,,,,,,,,,
DG0025,0.136,-83.53,0.8844,1,1,mismatch,30,-57,G,C,I,S,S,S,0,45,I,C,G,S,S,,4,,,,4,3,,,,C:G,G:U,3,22,8,1,-4,S,22,22,,,,,,,,,,1,-26,H,8,,8,,,,A:U,,,,,1,-83,E,4,,,,,,,,,,,4,23,1,1,S,3,3,,,,,,,,,,1,4,I,1,,,,1,0,,,,C:G,G:C,1,5,S,20,20,,,,,,,,,
DG0026,0.1305,-83.02,0.8605,8,1,mismatch,25,-62,C,U,I,S,S,S,0,47,S,C,G,I,I,A:U,5,5,,,,,,,,,,3,22,8,1,-4,S,22,22,,,,,,,,,,1,-26,H,8,,8,,,,A:U,,,,,1,-83,E,4,,,,,,,,,,,3,20,1,4,I,1,,,,1,1,,,,C:G,G:U,1,5,S,20,20,,,,,,,,,,1,25,E,4,,,,,,,,,,
DG0026,0.1305,-83.02,0.8605,8,1,mismatch,26,-61,C,U,S,S,I,I,0,47,S,C,G,I,I,A:U,5,5,,,,,,,,,,3,22,8,1,-4,S,22,22,,,,,,,,,,1,-26,H,8,,8,,,,A:U,,,,,1,-83,E,4,,,,,,,,,,,3,20,1,4,I,1,,,,1,1,,,,C:G,G:U,1,5,S,20,20,,,,,,,,,,1,25,E,4,,,,,,,,,,
DG0026,0.1305,-83.02,0.8605,8,1,mismatch,27,-60,C,U,S,S,I,I,0,47,S,C,G,I,I,A:U,5,5,,,,,,,,,,3,22,8,1,-4,S,22,22,,,,,,,,,,1,-26,H,8,,8,,,,A:U,,,,,1,-83,E,4,,,,,,,,,,,3,20,1,4,I,1,,,,1,1,,,,C:G,G:U,1,5,S,20,20,,,,,,,,,,1,25,E,4,,,,,,,,,,
DG0026,0.1305,-83.02,0.8605,8,1,mismatch,28,-59,C,U,S,I,I,I,0,47,S,C,G,I,I,A:U,5,5,,,,,,,,,,3,22,8,1,-4,S,22,22,,,,,,,,,,1,-26,H,8,,8,,,,A:U,,,,,1,-83,E,4,,,,,,,,,,,3,20,1,4,I,1,,,,1,1,,,,C:G,G:U,1,5,S,20,20,,,,,,,,,,1,25,E,4,,,,,,,,,,
DG0026,0.1305,-83.02,0.8605,8,1,mismatch,29,-58,G,U,S,S,I,I,0,47,S,C,G,I,I,A:U,5,5,,,,,,,,,,3,22,8,1,-4,S,22,22,,,,,,,,,,1,-26,H,8,,8,,,,A:U,,,,,1,-83,E,4,,,,,,,,,,,3,20,1,4,I,1,,,,1,1,,,,C:G,G:U,1,5,S,20,20,,,,,,,,,,1,25,E,4,,,,,,,,,,
DG0026,0.1305,-83.02,0.8605,8,1,mismatch,32,-55,U,C,S,S,I,H,0,47,S,C,G,I,I,A:U,5,5,,,,,,,,,,3,22,8,1,-4,S,22,22,,,,,,,,,,1,-26,H,8,,8,,,,A:U,,,,,1,-83,E,4,,,,,,,,,,,3,20,1,4,I,1,,,,1,1,,,,C:G,G:U,1,5,S,20,20,,,,,,,,,,1,25,E,4,,,,,,,,,,
DG0026,0.1305,-83.02,0.8605,8,1,mismatch,48,-39,G,C,S,S,I,H,0,47,S,C,G,I,I,A:U,5,5,,,,,,,,,,3,22,8,1,-4,S,22,22,,,,,,,,,,1,-26,H,8,,8,,,,A:U,,,,,1,-83,E,4,,,,,,,,,,,3,20,1,4,I,1,,,,1,1,,,,C:G,G:U,1,5,S,20,20,,,,,,,,,,1,25,E,4,,,,,,,,,,
DG0026,0.1305,-83.02,0.8605,8,1,mismatch,67,-20,U,G,S,S,H,I,0,47,S,C,G,I,I,A:U,5,5,,,,,,,,,,3,22,8,1,-4,S,22,22,,,,,,,,,,1,-26,H,8,,8,,,,A:U,,,,,1,-83,E,4,,,,,,,,,,,3,20,1,4,I,1,,,,1,1,,,,C:G,G:U,1,5,S,20,20,,,,,,,,,,1,25,E,4,,,,,,,,,,
DG0027,0.032,-81.54,0.7380,7,1,mismatch,24,-63,C,U,S,S,E,I,0,48,S,C,G,I,B,A:C,23,23,,,,,,,,,,3,5,8,1,-21,S,5,5,,,,,,,,,,1,-26,H,8,,8,,,,A:U,,,,,1,-83,E,4,,,,,,,,,,,3,20,1,4,B,1,,,1,,,,G:U,G:U,,,1,5,S,20,20,,,,,,,,,,1,25,E,4,,,,,,,,,,
DG0027,0.032,-81.54,0.7380,7,1,mismatch,25,-62,C,U,S,S,E,I,0,48,S,C,G,I,B,A:C,23,23,,,,,,,,,,3,5,8,1,-21,S,5,5,,,,,,,,,,1,-26,H,8,,8,,,,A:U,,,,,1,-83,E,4,,,,,,,,,,,3,20,1,4,B,1,,,1,,,,G:U,G:U,,,1,5,S,20,20,,,,,,,,,,1,25,E,4,,,,,,,,,,
DG0027,0.032,-81.54,0.7380,7,1,mismatch,26,-61,C,U,S,S,E,I,0,48,S,C,G,I,B,A:C,23,23,,,,,,,,,,3,5,8,1,-21,S,5,5,,,,,,,,,,1,-26,H,8,,8,,,,A:U,,,,,1,-83,E,4,,,,,,,,,,,3,20,1,4,B,1,,,1,,,,G:U,G:U,,,1,5,S,20,20,,,,,,,,,,1,25,E,4,,,,,,,,,,
DG0027,0.032,-81.54,0.7380,7,1,mismatch,27,-60,C,U,S,S,E,I,0,48,S,C,G,I,B,A:C,23,23,,,,,,,,,,3,5,8,1,-21,S,5,5,,,,,,,,,,1,-26,H,8,,8,,,,A:U,,,,,1,-83,E,4,,,,,,,,,,,3,20,1,4,B,1,,,1,,,,G:U,G:U,,,1,5,S,20,20,,,,,,,,,,1,25,E,4,,,,,,,,,,
DG0027,0.032,-81.54,0.7380,7,1,mismatch,28,-59,C,U,S,I,E,I,0,48,S,C,G,I,B,A:C,23,23,,,,,,,,,,3,5,8,1,-21,S,5,5,,,,,,,,,,1,-26,H,8,,8,,,,A:U,,,,,1,-83,E,4,,,,,,,,,,,3,20,1,4,B,1,,,1,,,,G:U,G:U,,,1,5,S,20,20,,,,,,,,,,1,25,E,4,,,,,,,,,,
DG0027,0.032,-81.54,0.7380,7,1,mismatch,31,-56,C,U,S,I,E,I,0,48,S,C,G,I,B,A:C,23,23,,,,,,,,,,3,5,8,1,-21,S,5,5,,,,,,,,,,1,-26,H,8,,8,,,,A:U,,,,,1,-83,E,4,,,,,,,,,,,3,20,1,4,B,1,,,1,,,,G:U,G:U,,,1,5,S,20,20,,,,,,,,,,1,25,E,4,,,,,,,,,,
DG0027,0.032,-81.54,0.7380,7,1,mismatch,48,-39,G,C,I,S,S,S,0,48,S,C,G,I,B,A:C,23,23,,,,,,,,,,3,5,8,1,-21,S,5,5,,,,,,,,,,1,-26,H,8,,8,,,,A:U,,,,,1,-83,E,4,,,,,,,,,,,3,20,1,4,B,1,,,1,,,,G:U,G:U,,,1,5,S,20,20,,,,,,,,,,1,25,E,4,,,,,,,,,,
DG0028,0.17350000000000002,-84.26,0.8872,4,1,mismatch,24,-63,C,U,S,S,E,I,0,48,I,C,G,S,S,A:C,1,,,,1,1,,,,U:G,C:G,3,25,8,1,-1,S,25,25,,,,,,,,,,1,-26,H,8,,8,,,,A:U,,,,,1,-83,E,4,,,,,,,,,,,4,23,1,1,S,3,3,,,,,,,,,,1,4,B,1,,,1,,,,G:C,G:U,,,1,5,S,20,20,,,,,,,,,
DG0028,0.17350000000000002,-84.26,0.8872,4,1,mismatch,26,-61,C,U,S,S,E,I,0,48,I,C,G,S,S,A:C,1,,,,1,1,,,,U:G,C:G,3,25,8,1,-1,S,25,25,,,,,,,,,,1,-26,H,8,,8,,,,A:U,,,,,1,-83,E,4,,,,,,,,,,,4,23,1,1,S,3,3,,,,,,,,,,1,4,B,1,,,1,,,,G:C,G:U,,,1,5,S,20,20,,,,,,,,,
DG0028,0.17350000000000002,-84.26,0.8872,4,1,mismatch,27,-60,C,U,S,S,E,I,0,48,I,C,G,S,S,A:C,1,,,,1,1,,,,U:G,C:G,3,25,8,1,-1,S,25,25,,,,,,,,,,1,-26,H,8,,8,,,,A:U,,,,,1,-83,E,4,,,,,,,,,,,4,23,1,1,S,3,3,,,,,,,,,,1,4,B,1,,,1,,,,G:C,G:U,,,1,5,S,20,20,,,,,,,,,
DG0028,0.17350000000000002,-84.26,0.8872,4,1,mismatch,31,-56,C,U,S,I,I,H,0,48,I,C,G,S,S,A:C,1,,,,1,1,,,,U:G,C:G,3,25,8,1,-1,S,25,25,,,,,,,,,,1,-26,H,8,,8,,,,A:U,,,,,1,-83,E,4,,,,,,,,,,,4,23,1,1,S,3,3,,,,,,,,,,1,4,B,1,,,1,,,,G:C,G:U,,,1,5,S,20,20,,,,,,,,,
DG0029,0.013,-84.68,0.8728,4,1,mismatch,27,-60,C,U,S,S,E,I,0,46,S,C,G,I,B,A:C,4,4,,,,,,,,,,3,22,8,1,-4,S,22,22,,,,,,,,,,1,-26,H,8,,8,,,,A:U,,,,,1,-83,E,4,,,,,,,,,,,3,20,1,4,B,1,,,1,,,,G:C,G:C,,,1,5,S,20,20,,,,,,,,,,1,25,E,4,,,,,,,,,,
DG0029,0.013,-84.68,0.8728,4,1,mismatch,28,-59,C,U,S,I,E,I,0,46,S,C,G,I,B,A:C,4,4,,,,,,,,,,3,22,8,1,-4,S,22,22,,,,,,,,,,1,-26,H,8,,8,,,,A:U,,,,,1,-83,E,4,,,,,,,,,,,3,20,1,4,B,1,,,1,,,,G:C,G:C,,,1,5,S,20,20,,,,,,,,,,1,25,E,4,,,,,,,,,,
DG0029,0.013,-84.68,0.8728,4,1,mismatch,29,-58,G,U,I,S,S,S,0,46,S,C,G,I,B,A:C,4,4,,,,,,,,,,3,22,8,1,-4,S,22,22,,,,,,,,,,1,-26,H,8,,8,,,,A:U,,,,,1,-83,E,4,,,,,,,,,,,3,20,1,4,B,1,,,1,,,,G:C,G:C,,,1,5,S,20,20,,,,,,,,,,1,25,E,4,,,,,,,,,,
DG0029,0.013,-84.68,0.8728,4,1,mismatch,32,-55,U,C,S,S,I,H,0,46,S,C,G,I,B,A:C,4,4,,,,,,,,,,3,22,8,1,-4,S,22,22,,,,,,,,,,1,-26,H,8,,8,,,,A:U,,,,,1,-83,E,4,,,,,,,,,,,3,20,1,4,B,1,,,1,,,,G:C,G:C,,,1,5,S,20,20,,,,,,,,,,1,25,E,4,,,,,,,,,,
DG0030,0.017,-83.05,0.9660,4,1,mismatch,26,-61,C,U,S,S,E,B,0,48,S,C,G,B,B,A:U,5,5,,,,,,,,,,6,23,8,1,-2,B,1,,,1,,,,A:U,C:G,,,1,-3,S,2,2,,,,,,,,,,1,-5,S,21,21,,,,,,,,,,3,20,1,4,B,1,,,1,,,,G:C,G:C,,,1,5,S,20,20,,,,,,,,,,1,25,E,4,,,,,,,,,,
DG0030,0.017,-83.05,0.9660,4,1,mismatch,27,-60,C,U,S,S,E,B,0,48,S,C,G,B,B,A:U,5,5,,,,,,,,,,6,23,8,1,-2,B,1,,,1,,,,A:U,C:G,,,1,-3,S,2,2,,,,,,,,,,1,-5,S,21,21,,,,,,,,,,3,20,1,4,B,1,,,1,,,,G:C,G:C,,,1,5,S,20,20,,,,,,,,,,1,25,E,4,,,,,,,,,,
DG0030,0.017,-83.05,0.9660,4,1,mismatch,28,-59,C,U,S,I,E,B,0,48,S,C,G,B,B,A:U,5,5,,,,,,,,,,6,23,8,1,-2,B,1,,,1,,,,A:U,C:G,,,1,-3,S,2,2,,,,,,,,,,1,-5,S,21,21,,,,,,,,,,3,20,1,4,B,1,,,1,,,,G:C,G:C,,,1,5,S,20,20,,,,,,,,,,1,25,E,4,,,,,,,,,,
DG0030,0.017,-83.05,0.9660,4,1,mismatch,30,-57,G,U,S,S,E,B,0,48,S,C,G,B,B,A:U,5,5,,,,,,,,,,6,23,8,1,-2,B,1,,,1,,,,A:U,C:G,,,1,-3,S,2,2,,,,,,,,,,1,-5,S,21,21,,,,,,,,,,3,20,1,4,B,1,,,1,,,,G:C,G:C,,,1,5,S,20,20,,,,,,,,,,1,25,E,4,,,,,,,,,,
DG0031,0.016,-76.57,0.8338,6,1,mismatch,24,-63,C,U,S,S,E,B,0,47,S,C,G,B,B,A:U,5,5,,,,,,,,,,7,22,8,1,-2,B,1,,,1,,,,A:U,C:G,,,1,-3,S,2,2,,,,,,,,,,1,-5,S,15,15,,,,,,,,,,3,20,1,4,B,1,,,1,,,,G:U,G:U,,,1,5,S,20,20,,,,,,,,,,1,25,E,4,,,,,,,,,,
DG0031,0.016,-76.57,0.8338,6,1,mismatch,25,-62,C,U,S,S,E,B,0,47,S,C,G,B,B,A:U,5,5,,,,,,,,,,7,22,8,1,-2,B,1,,,1,,,,A:U,C:G,,,1,-3,S,2,2,,,,,,,,,,1,-5,S,15,15,,,,,,,,,,3,20,1,4,B,1,,,1,,,,G:U,G:U,,,1,5,S,20,20,,,,,,,,,,1,25,E,4,,,,,,,,,,
DG0031,0.016,-76.57,0.8338,6,1,mismatch,26,-61,C,U,S,S,E,B,0,47,S,C,G,B,B,A:U,5,5,,,,,,,,,,7,22,8,1,-2,B,1,,,1,,,,A:U,C:G,,,1,-3,S,2,2,,,,,,,,,,1,-5,S,15,15,,,,,,,,,,3,20,1,4,B,1,,,1,,,,G:U,G:U,,,1,5,S,20,20,,,,,,,,,,1,25,E,4,,,,,,,,,,
DG0031,0.016,-76.57,0.8338,6,1,mismatch,28,-59,C,U,S,I,E,B,0,47,S,C,G,B,B,A:U,5,5,,,,,,,,,,7,22,8,1,-2,B,1,,,1,,,,A:U,C:G,,,1,-3,S,2,2,,,,,,,,,,1,-5,S,15,15,,,,,,,,,,3,20,1,4,B,1,,,1,,,,G:U,G:U,,,1,5,S,20,20,,,,,,,,,,1,25,E,4,,,,,,,,,,
DG0031,0.016,-76.57,0.8338,6,1,mismatch,30,-57,G,U,S,S,E,B,0,47,S,C,G,B,B,A:U,5,5,,,,,,,,,,7,22,8,1,-2,B,1,,,1,,,,A:U,C:G,,,1,-3,S,2,2,,,,,,,,,,1,-5,S,15,15,,,,,,,,,,3,20,1,4,B,1,,,1,,,,G:U,G:U,,,1,5,S,20,20,,,,,,,,,,1,25,E,4,,,,,,,,,,
DG0031,0.016,-76.57,0.8338,6,1,mismatch,48,-39,G,C,I,S,S,S,0,47,S,C,G,B,B,A:U,5,5,,,,,,,,,,7,22,8,1,-2,B,1,,,1,,,,A:U,C:G,,,1,-3,S,2,2,,,,,,,,,,1,-5,S,15,15,,,,,,,,,,3,20,1,4,B,1,,,1,,,,G:U,G:U,,,1,5,S,20,20,,,,,,,,,,1,25,E,4,,,,,,,,,,
DG0032,0.014499999999999999,-85.53,0.8571,5,1,mismatch,24,-63,C,U,S,S,E,I,0,48,S,C,G,I,B,A:U,6,6,,,,,,,,,,3,22,8,1,-4,S,22,22,,,,,,,,,,1,-26,H,8,,8,,,,A:U,,,,,1,-83,E,4,,,,,,,,,,,3,20,1,4,B,1,,,1,,,,G:C,G:U,,,1,5,S,20,20,,,,,,,,,,1,25,E,4,,,,,,,,,,
DG0032,0.014499999999999999,-85.53,0.8571,5,1,mismatch,26,-61,C,U,S,S,E,I,0,48,S,C,G,I,B,A:U,6,6,,,,,,,,,,3,22,8,1,-4,S,22,22,,,,,,,,,,1,-26,H,8,,8,,,,A:U,,,,,1,-83,E,4,,,,,,,,,,,3,20,1,4,B,1,,,1,,,,G:C,G:U,,,1,5,S,20,20,,,,,,,,,,1,25,E,4,,,,,,,,,,
DG0032,0.014499999999999999,-85.53,0.8571,5,1,mismatch,27,-60,C,U,S,S,E,I,0,48,S,C,G,I,B,A:U,6,6,,,,,,,,,,3,22,8,1,-4,S,22,22,,,,,,,,,,1,-26,H,8,,8,,,,A:U,,,,,1,-83,E,4,,,,,,,,,,,3,20,1,4,B,1,,,1,,,,G:C,G:U,,,1,5,S,20,20,,,,,,,,,,1,25,E,4,,,,,,,,,,
DG0032,0.014499999999999999,-85.53,0.8571,5,1,mismatch,28,-59,C,U,S,I,E,I,0,48,S,C,G,I,B,A:U,6,6,,,,,,,,,,3,22,8,1,-4,S,22,22,,,,,,,,,,1,-26,H,8,,8,,,,A:U,,,,,1,-83,E,4,,,,,,,,,,,3,20,1,4,B,1,,,1,,,,G:C,G:U,,,1,5,S,20,20,,,,,,,,,,1,25,E,4,,,,,,,,,,
DG0032,0.014499999999999999,-85.53,0.8571,5,1,mismatch,32,-55,U,C,S,S,I,H,0,48,S,C,G,I,B,A:U,6,6,,,,,,,,,,3,22,8,1,-4,S,22,22,,,,,,,,,,1,-26,H,8,,8,,,,A:U,,,,,1,-83,E,4,,,,,,,,,,,3,20,1,4,B,1,,,1,,,,G:C,G:U,,,1,5,S,20,20,,,,,,,,,,1,25,E,4,,,,,,,,,,
DG0033,0.0165,-80.42,0.8863,4,1,mismatch,26,-61,C,U,S,S,E,I,0,46,I,C,G,S,S,,3,,,,3,3,,,,U:G,A:U,3,23,8,1,-3,S,23,23,,,,,,,,,,1,-26,H,8,,8,,,,A:U,,,,,1,-83,E,4,,,,,,,,,,,4,23,1,1,S,3,3,,,,,,,,,,1,4,B,1,,,1,,,,G:C,G:C,,,1,5,S,20,20,,,,,,,,,
DG0033,0.0165,-80.42,0.8863,4,1,mismatch,27,-60,C,U,S,S,E,I,0,46,I,C,G,S,S,,3,,,,3,3,,,,U:G,A:U,3,23,8,1,-3,S,23,23,,,,,,,,,,1,-26,H,8,,8,,,,A:U,,,,,1,-83,E,4,,,,,,,,,,,4,23,1,1,S,3,3,,,,,,,,,,1,4,B,1,,,1,,,,G:C,G:C,,,1,5,S,20,20,,,,,,,,,
DG0033,0.0165,-80.42,0.8863,4,1,mismatch,30,-57,G,U,I,S,S,S,0,46,I,C,G,S,S,,3,,,,3,3,,,,U:G,A:U,3,23,8,1,-3,S,23,23,,,,,,,,,,1,-26,H,8,,8,,,,A:U,,,,,1,-83,E,4,,,,,,,,,,,4,23,1,1,S,3,3,,,,,,,,,,1,4,B,1,,,1,,,,G:C,G:C,,,1,5,S,20,20,,,,,,,,,
DG0033,0.0165,-80.42,0.8863,4,1,mismatch,31,-56,C,U,S,I,I,H,0,46,I,C,G,S,S,,3,,,,3,3,,,,U:G,A:U,3,23,8,1,-3,S,23,23,,,,,,,,,,1,-26,H,8,,8,,,,A:U,,,,,1,-83,E,4,,,,,,,,,,,4,23,1,1,S,3,3,,,,,,,,,,1,4,B,1,,,1,,,,G:C,G:C,,,1,5,S,20,20,,,,,,,,,
DG0034,0.0165,-82.8,0.8560,4,1,mismatch,26,-61,C,U,S,S,E,I,0,47,I,C,G,S,S,A:C,1,,,,1,1,,,,U:G,C:G,4,24,8,1,-1,S,19,19,,,,,,,,,,1,-21,S,5,5,,,,,,,,,,1,-26,H,8,,8,,,,A:U,,,,,4,23,1,1,S,3,3,,,,,,,,,,1,4,B,1,,,1,,,,G:C,G:C,,,1,5,S,20,20,,,,,,,,,
DG0034,0.0165,-82.8,0.8560,4,1,mismatch,27,-60,C,U,S,S,E,I,0,47,I,C,G,S,S,A:C,1,,,,1,1,,,,U:G,C:G,4,24,8,1,-1,S,19,19,,,,,,,,,,1,-21,S,5,5,,,,,,,,,,1,-26,H,8,,8,,,,A:U,,,,,4,23,1,1,S,3,3,,,,,,,,,,1,4,B,1,,,1,,,,G:C,G:C,,,1,5,S,20,20,,,,,,,,,
DG0034,0.0165,-82.8,0.8560,4,1,mismatch,31,-56,C,U,S,I,I,I,0,47,I,C,G,S,S,A:C,1,,,,1,1,,,,U:G,C:G,4,24,8,1,-1,S,19,19,,,,,,,,,,1,-21,S,5,5,,,,,,,,,,1,-26,H,8,,8,,,,A:U,,,,,4,23,1,1,S,3,3,,,,,,,,,,1,4,B,1,,,1,,,,G:C,G:C,,,1,5,S,20,20,,,,,,,,,
DG0034,0.0165,-82.8,0.8560,4,1,mismatch,48,-39,G,C,I,S,S,S,0,47,I,C,G,S,S,A:C,1,,,,1,1,,,,U:G,C:G,4,24,8,1,-1,S,19,19,,,,,,,,,,1,-21,S,5,5,,,,,,,,,,1,-26,H,8,,8,,,,A:U,,,,,4,23,1,1,S,3,3,,,,,,,,,,1,4,B,1,,,1,,,,G:C,G:C,,,1,5,S,20,20,,,,,,,,,
DG0035,0.013999999999999999,-76.39,0.8512,7,1,mismatch,24,-63,C,U,S,S,E,I,0,45,S,C,G,I,I,A:U,5,5,,,,,,,,,,3,20,8,1,-6,S,20,20,,,,,,,,,,1,-26,H,8,,8,,,,A:U,,,,,1,-83,E,4,,,,,,,,,,,3,20,1,4,I,1,,,,1,0,,,,U:G,G:U,1,5,S,20,20,,,,,,,,,,1,25,E,4,,,,,,,,,,
DG0035,0.013999999999999999,-76.39,0.8512,7,1,mismatch,26,-61,C,U,S,S,I,I,0,45,S,C,G,I,I,A:U,5,5,,,,,,,,,,3,20,8,1,-6,S,20,20,,,,,,,,,,1,-26,H,8,,8,,,,A:U,,,,,1,-83,E,4,,,,,,,,,,,3,20,1,4,I,1,,,,1,0,,,,U:G,G:U,1,5,S,20,20,,,,,,,,,,1,25,E,4,,,,,,,,,,
DG0035,0.013999999999999999,-76.39,0.8512,7,1,mismatch,27,-60,C,U,S,S,I,I,0,45,S,C,G,I,I,A:U,5,5,,,,,,,,,,3,20,8,1,-6,S,20,20,,,,,,,,,,1,-26,H,8,,8,,,,A:U,,,,,1,-83,E,4,,,,,,,,,,,3,20,1,4,I,1,,,,1,0,,,,U:G,G:U,1,5,S,20,20,,,,,,,,,,1,25,E,4,,,,,,,,,,
DG0035,0.013999999999999999,-76.39,0.8512,7,1,mismatch,28,-59,C,U,S,I,I,I,0,45,S,C,G,I,I,A:U,5,5,,,,,,,,,,3,20,8,1,-6,S,20,20,,,,,,,,,,1,-26,H,8,,8,,,,A:U,,,,,1,-83,E,4,,,,,,,,,,,3,20,1,4,I,1,,,,1,0,,,,U:G,G:U,1,5,S,20,20,,,,,,,,,,1,25,E,4,,,,,,,,,,
DG0035,0.013999999999999999,-76.39,0.8512,7,1,mismatch,29,-58,G,U,S,S,I,I,0,45,S,C,G,I,I,A:U,5,5,,,,,,,,,,3,20,8,1,-6,S,20,20,,,,,,,,,,1,-26,H,8,,8,,,,A:U,,,,,1,-83,E,4,,,,,,,,,,,3,20,1,4,I,1,,,,1,0,,,,U:G,G:U,1,5,S,20,20,,,,,,,,,,1,25,E,4,,,,,,,,,,
DG0035,0.013999999999999999,-76.39,0.8512,7,1,mismatch,32,-55,U,C,I,S,S,S,0,45,S,C,G,I,I,A:U,5,5,,,,,,,,,,3,20,8,1,-6,S,20,20,,,,,,,,,,1,-26,H,8,,8,,,,A:U,,,,,1,-83,E,4,,,,,,,,,,,3,20,1,4,I,1,,,,1,0,,,,U:G,G:U,1,5,S,20,20,,,,,,,,,,1,25,E,4,,,,,,,,,,
DG0035,0.013999999999999999,-76.39,0.8512,7,1,mismatch,33,-54,G,U,I,S,S,S,0,45,S,C,G,I,I,A:U,5,5,,,,,,,,,,3,20,8,1,-6,S,20,20,,,,,,,,,,1,-26,H,8,,8,,,,A:U,,,,,1,-83,E,4,,,,,,,,,,,3,20,1,4,I,1,,,,1,0,,,,U:G,G:U,1,5,S,20,20,,,,,,,,,,1,25,E,4,,,,,,,,,,
DG0036,0.0125,-82.81,0.9660,4,1,mismatch,24,-63,C,U,S,S,E,B,0,48,S,C,G,B,B,A:U,5,5,,,,,,,,,,6,23,8,1,-2,B,1,,,1,,,,A:U,C:G,,,1,-3,S,2,2,,,,,,,,,,1,-5,S,21,21,,,,,,,,,,3,20,1,4,B,1,,,1,,,,G:C,G:U,,,1,5,S,20,20,,,,,,,,,,1,25,E,4,,,,,,,,,,
DG0036,0.0125,-82.81,0.9660,4,1,mismatch,26,-61,C,U,S,S,E,B,0,48,S,C,G,B,B,A:U,5,5,,,,,,,,,,6,23,8,1,-2,B,1,,,1,,,,A:U,C:G,,,1,-3,S,2,2,,,,,,,,,,1,-5,S,21,21,,,,,,,,,,3,20,1,4,B,1,,,1,,,,G:C,G:U,,,1,5,S,20,20,,,,,,,,,,1,25,E,4,,,,,,,,,,
DG0036,0.0125,-82.81,0.9660,4,1,mismatch,28,-59,C,U,S,I,E,B,0,48,S,C,G,B,B,A:U,5,5,,,,,,,,,,6,23,8,1,-2,B,1,,,1,,,,A:U,C:G,,,1,-3,S,2,2,,,,,,,,,,1,-5,S,21,21,,,,,,,,,,3,20,1,4,B,1,,,1,,,,G:C,G:U,,,1,5,S,20,20,,,,,,,,,,1,25,E,4,,,,,,,,,,
DG0036,0.0125,-82.81,0.9660,4,1,mismatch,30,-57,G,U,S,S,E,B,0,48,S,C,G,B,B,A:U,5,5,,,,,,,,,,6,23,8,1,-2,B,1,,,1,,,,A:U,C:G,,,1,-3,S,2,2,,,,,,,,,,1,-5,S,21,21,,,,,,,,,,3,20,1,4,B,1,,,1,,,,G:C,G:U,,,1,5,S,20,20,,,,,,,,,,1,25,E,4,,,,,,,,,,
DG0037,0.0115,-81.8,0.9635,6,1,mismatch,25,-62,C,U,I,S,S,S,0,47,S,C,G,B,I,A:U,5,5,,,,,,,,,,5,22,8,1,-2,B,1,,,1,,,,A:U,C:G,,,1,-3,S,2,2,,,,,,,,,,1,-6,S,20,20,,,,,,,,,,3,20,1,4,I,1,,,,1,1,,,,C:G,G:C,1,5,S,20,20,,,,,,,,,,1,25,E,4,,,,,,,,,,
DG0037,0.0115,-81.8,0.9635,6,1,mismatch,27,-60,C,U,S,S,I,I,0,47,S,C,G,B,I,A:U,5,5,,,,,,,,,,5,22,8,1,-2,B,1,,,1,,,,A:U,C:G,,,1,-3,S,2,2,,,,,,,,,,1,-6,S,20,20,,,,,,,,,,3,20,1,4,I,1,,,,1,1,,,,C:G,G:C,1,5,S,20,20,,,,,,,,,,1,25,E,4,,,,,,,,,,
DG0037,0.0115,-81.8,0.9635,6,1,mismatch,28,-59,C,U,S,I,I,I,0,47,S,C,G,B,I,A:U,5,5,,,,,,,,,,5,22,8,1,-2,B,1,,,1,,,,A:U,C:G,,,1,-3,S,2,2,,,,,,,,,,1,-6,S,20,20,,,,,,,,,,3,20,1,4,I,1,,,,1,1,,,,C:G,G:C,1,5,S,20,20,,,,,,,,,,1,25,E,4,,,,,,,,,,
DG0037,0.0115,-81.8,0.9635,6,1,mismatch,29,-58,G,U,S,S,I,I,0,47,S,C,G,B,I,A:U,5,5,,,,,,,,,,5,22,8,1,-2,B,1,,,1,,,,A:U,C:G,,,1,-3,S,2,2,,,,,,,,,,1,-6,S,20,20,,,,,,,,,,3,20,1,4,I,1,,,,1,1,,,,C:G,G:C,1,5,S,20,20,,,,,,,,,,1,25,E,4,,,,,,,,,,
DG0037,0.0115,-81.8,0.9635,6,1,mismatch,31,-56,C,U,S,I,I,I,0,47,S,C,G,B,I,A:U,5,5,,,,,,,,,,5,22,8,1,-2,B,1,,,1,,,,A:U,C:G,,,1,-3,S,2,2,,,,,,,,,,1,-6,S,20,20,,,,,,,,,,3,20,1,4,I,1,,,,1,1,,,,C:G,G:C,1,5,S,20,20,,,,,,,,,,1,25,E,4,,,,,,,,,,
DG0037,0.0115,-81.8,0.9635,6,1,mismatch,33,-54,G,U,I,S,S,S,0,47,S,C,G,B,I,A:U,5,5,,,,,,,,,,5,22,8,1,-2,B,1,,,1,,,,A:U,C:G,,,1,-3,S,2,2,,,,,,,,,,1,-6,S,20,20,,,,,,,,,,3,20,1,4,I,1,,,,1,1,,,,C:G,G:C,1,5,S,20,20,,,,,,,,,,1,25,E,4,,,,,,,,,,
DG0038,0.022,-79.98,0.9710,4,1,mismatch,25,-62,C,U,I,S,S,S,0,47,B,C,G,S,S,,2,,,2,,,,C:G,G:C,,,5,24,8,1,-2,S,3,3,,,,,,,,,,1,-5,S,21,21,,,,,,,,,,1,-26,H,8,,8,,,,A:U,,,,,4,23,1,1,S,3,3,,,,,,,,,,1,4,I,1,,,,1,1,,,,C:G,G:U,1,5,S,20,20,,,,,,,,,
DG0038,0.022,-79.98,0.9710,4,1,mismatch,26,-61,C,U,S,S,I,B,0,47,B,C,G,S,S,,2,,,2,,,,C:G,G:C,,,5,24,8,1,-2,S,3,3,,,,,,,,,,1,-5,S,21,21,,,,,,,,,,1,-26,H,8,,8,,,,A:U,,,,,4,23,1,1,S,3,3,,,,,,,,,,1,4,I,1,,,,1,1,,,,C:G,G:U,1,5,S,20,20,,,,,,,,,
DG0038,0.022,-79.98,0.9710,4,1,mismatch,27,-60,C,U,S,S,I,B,0,47,B,C,G,S,S,,2,,,2,,,,C:G,G:C,,,5,24,8,1,-2,S,3,3,,,,,,,,,,1,-5,S,21,21,,,,,,,,,,1,-26,H,8,,8,,,,A:U,,,,,4,23,1,1,S,3,3,,,,,,,,,,1,4,I,1,,,,1,1,,,,C:G,G:U,1,5,S,20,20,,,,,,,,,
DG0038,0.022,-79.98,0.9710,4,1,mismatch,30,-57,G,U,S,S,I,B,0,47,B,C,G,S,S,,2,,,2,,,,C:G,G:C,,,5,24,8,1,-2,S,3,3,,,,,,,,,,1,-5,S,21,21,,,,,,,,,,1,-26,H,8,,8,,,,A:U,,,,,4,23,1,1,S,3,3,,,,,,,,,,1,4,I,1,,,,1,1,,,,C:G,G:U,1,5,S,20,20,,,,,,,,,
DG0039,0.0085,-80.21,0.8512,4,1,mismatch,26,-61,C,U,S,S,I,I,0,45,S,C,G,I,I,A:U,5,5,,,,,,,,,,3,20,8,1,-6,S,20,20,,,,,,,,,,1,-26,H,8,,8,,,,A:U,,,,,1,-83,E,4,,,,,,,,,,,3,20,1,4,I,1,,,,1,0,,,,C:G,G:U,1,5,S,20,20,,,,,,,,,,1,25,E,4,,,,,,,,,,
DG0039,0.0085,-80.21,0.8512,4,1,mismatch,27,-60,C,U,S,S,I,I,0,45,S,C,G,I,I,A:U,5,5,,,,,,,,,,3,20,8,1,-6,S,20,20,,,,,,,,,,1,-26,H,8,,8,,,,A:U,,,,,1,-83,E,4,,,,,,,,,,,3,20,1,4,I,1,,,,1,0,,,,C:G,G:U,1,5,S,20,20,,,,,,,,,,1,25,E,4,,,,,,,,,,
DG0039,0.0085,-80.21,0.8512,4,1,mismatch,29,-58,G,U,S,S,I,I,0,45,S,C,G,I,I,A:U,5,5,,,,,,,,,,3,20,8,1,-6,S,20,20,,,,,,,,,,1,-26,H,8,,8,,,,A:U,,,,,1,-83,E,4,,,,,,,,,,,3,20,1,4,I,1,,,,1,0,,,,C:G,G:U,1,5,S,20,20,,,,,,,,,,1,25,E,4,,,,,,,,,,
DG0039,0.0085,-80.21,0.8512,4,1,mismatch,33,-54,G,U,I,S,S,S,0,45,S,C,G,I,I,A:U,5,5,,,,,,,,,,3,20,8,1,-6,S,20,20,,,,,,,,,,1,-26,H,8,,8,,,,A:U,,,,,1,-83,E,4,,,,,,,,,,,3,20,1,4,I,1,,,,1,0,,,,C:G,G:U,1,5,S,20,20,,,,,,,,,,1,25,E,4,,,,,,,,,,
DG0040,0.0135,-80.99,0.8232,7,1,mismatch,24,-63,C,U,S,S,E,I,0,46,B,C,G,S,S,,1,,,1,,,,C:G,G:C,,,5,23,8,1,-1,S,4,4,,,,,,,,,,1,-6,S,14,14,,,,,,,,,,1,-21,S,5,5,,,,,,,,,,4,23,1,1,S,3,3,,,,,,,,,,1,4,I,1,,,,1,1,,,,U:G,G:C,1,5,S,20,20,,,,,,,,,
DG0040,0.0135,-80.99,0.8232,7,1,mismatch,25,-62,C,U,I,S,S,S,0,46,B,C,G,S,S,,1,,,1,,,,C:G,G:C,,,5,23,8,1,-1,S,4,4,,,,,,,,,,1,-6,S,14,14,,,,,,,,,,1,-21,S,5,5,,,,,,,,,,4,23,1,1,S,3,3,,,,,,,,,,1,4,I,1,,,,1,1,,,,U:G,G:C,1,5,S,20,20,,,,,,,,,
DG0040,0.0135,-80.99,0.8232,7,1,mismatch,27,-60,C,U,S,S,I,I,0,46,B,C,G,S,S,,1,,,1,,,,C:G,G:C,,,5,23,8,1,-1,S,4,4,,,,,,,,,,1,-6,S,14,14,,,,,,,,,,1,-21,S,5,5,,,,,,,,,,4,23,1,1,S,3,3,,,,,,,,,,1,4,I,1,,,,1,1,,,,U:G,G:C,1,5,S,20,20,,,,,,,,,
DG0040,0.0135,-80.99,0.8232,7,1,mismatch,31,-56,C,U,S,I,I,I,0,46,B,C,G,S,S,,1,,,1,,,,C:G,G:C,,,5,23,8,1,-1,S,4,4,,,,,,,,,,1,-6,S,14,14,,,,,,,,,,1,-21,S,5,5,,,,,,,,,,4,23,1,1,S,3,3,,,,,,,,,,1,4,I,1,,,,1,1,,,,U:G,G:C,1,5,S,20,20,,,,,,,,,
DG0040,0.0135,-80.99,0.8232,7,1,mismatch,32,-55,U,C,S,S,I,I,0,46,B,C,G,S,S,,1,,,1,,,,C:G,G:C,,,5,23,8,1,-1,S,4,4,,,,,,,,,,1,-6,S,14,14,,,,,,,,,,1,-21,S,5,5,,,,,,,,,,4,23,1,1,S,3,3,,,,,,,,,,1,4,I,1,,,,1,1,,,,U:G,G:C,1,5,S,20,20,,,,,,,,,
DG0040,0.0135,-80.99,0.8232,7,1,mismatch,33,-54,G,U,I,S,S,S,0,46,B,C,G,S,S,,1,,,1,,,,C:G,G:C,,,5,23,8,1,-1,S,4,4,,,,,,,,,,1,-6,S,14,14,,,,,,,,,,1,-21,S,5,5,,,,,,,,,,4,23,1,1,S,3,3,,,,,,,,,,1,4,I,1,,,,1,1,,,,U:G,G:C,1,5,S,20,20,,,,,,,,,
DG0040,0.0135,-80.99,0.8232,7,1,mismatch,48,-39,G,C,I,S,S,S,0,46,B,C,G,S,S,,1,,,1,,,,C:G,G:C,,,5,23,8,1,-1,S,4,4,,,,,,,,,,1,-6,S,14,14,,,,,,,,,,1,-21,S,5,5,,,,,,,,,,4,23,1,1,S,3,3,,,,,,,,,,1,4,I,1,,,,1,1,,,,U:G,G:C,1,5,S,20,20,,,,,,,,,
DG0041,0.013,-83.12,0.8571,6,1,mismatch,24,-63,C,U,S,S,E,I,0,48,S,C,G,I,B,A:U,6,6,,,,,,,,,,3,22,8,1,-4,S,22,22,,,,,,,,,,1,-26,H,8,,8,,,,A:U,,,,,1,-83,E,4,,,,,,,,,,,3,20,1,4,B,1,,,1,,,,G:U,G:U,,,1,5,S,20,20,,,,,,,,,,1,25,E,4,,,,,,,,,,
DG0041,0.013,-83.12,0.8571,6,1,mismatch,25,-62,C,U,S,S,E,I,0,48,S,C,G,I,B,A:U,6,6,,,,,,,,,,3,22,8,1,-4,S,22,22,,,,,,,,,,1,-26,H,8,,8,,,,A:U,,,,,1,-83,E,4,,,,,,,,,,,3,20,1,4,B,1,,,1,,,,G:U,G:U,,,1,5,S,20,20,,,,,,,,,,1,25,E,4,,,,,,,,,,
DG0041,0.013,-83.12,0.8571,6,1,mismatch,26,-61,C,U,S,S,E,I,0,48,S,C,G,I,B,A:U,6,6,,,,,,,,,,3,22,8,1,-4,S,22,22,,,,,,,,,,1,-26,H,8,,8,,,,A:U,,,,,1,-83,E,4,,,,,,,,,,,3,20,1,4,B,1,,,1,,,,G:U,G:U,,,1,5,S,20,20,,,,,,,,,,1,25,E,4,,,,,,,,,,
DG0041,0.013,-83.12,0.8571,6,1,mismatch,27,-60,C,U,S,S,E,I,0,48,S,C,G,I,B,A:U,6,6,,,,,,,,,,3,22,8,1,-4,S,22,22,,,,,,,,,,1,-26,H,8,,8,,,,A:U,,,,,1,-83,E,4,,,,,,,,,,,3,20,1,4,B,1,,,1,,,,G:U,G:U,,,1,5,S,20,20,,,,,,,,,,1,25,E,4,,,,,,,,,,
DG0041,0.013,-83.12,0.8571,6,1,mismatch,28,-59,C,U,S,I,E,I,0,48,S,C,G,I,B,A:U,6,6,,,,,,,,,,3,22,8,1,-4,S,22,22,,,,,,,,,,1,-26,H,8,,8,,,,A:U,,,,,1,-83,E,4,,,,,,,,,,,3,20,1,4,B,1,,,1,,,,G:U,G:U,,,1,5,S,20,20,,,,,,,,,,1,25,E,4,,,,,,,,,,
DG0041,0.013,-83.12,0.8571,6,1,mismatch,32,-55,U,C,S,S,I,H,0,48,S,C,G,I,B,A:U,6,6,,,,,,,,,,3,22,8,1,-4,S,22,22,,,,,,,,,,1,-26,H,8,,8,,,,A:U,,,,,1,-83,E,4,,,,,,,,,,,3,20,1,4,B,1,,,1,,,,G:U,G:U,,,1,5,S,20,20,,,,,,,,,,1,25,E,4,,,,,,,,,,
DG0042,0.011,-73.88,0.8368,10,1,mismatch,24,-63,C,U,S,S,E,I,0,46,S,C,G,I,B,A:U,5,5,,,,,,,,,,5,21,8,1,-3,S,2,2,,,,,,,,,,1,-6,S,14,14,,,,,,,,,,1,-21,S,5,5,,,,,,,,,,3,20,1,4,B,1,,,1,,,,G:U,G:U,,,1,5,S,20,20,,,,,,,,,,1,25,E,4,,,,,,,,,,
DG0042,0.011,-73.88,0.8368,10,1,mismatch,25,-62,C,U,S,S,E,I,0,46,S,C,G,I,B,A:U,5,5,,,,,,,,,,5,21,8,1,-3,S,2,2,,,,,,,,,,1,-6,S,14,14,,,,,,,,,,1,-21,S,5,5,,,,,,,,,,3,20,1,4,B,1,,,1,,,,G:U,G:U,,,1,5,S,20,20,,,,,,,,,,1,25,E,4,,,,,,,,,,
DG0042,0.011,-73.88,0.8368,10,1,mismatch,26,-61,C,U,S,S,E,I,0,46,S,C,G,I,B,A:U,5,5,,,,,,,,,,5,21,8,1,-3,S,2,2,,,,,,,,,,1,-6,S,14,14,,,,,,,,,,1,-21,S,5,5,,,,,,,,,,3,20,1,4,B,1,,,1,,,,G:U,G:U,,,1,5,S,20,20,,,,,,,,,,1,25,E,4,,,,,,,,,,
DG0042,0.011,-73.88,0.8368,10,1,mismatch,27,-60,C,U,S,S,E,I,0,46,S,C,G,I,B,A:U,5,5,,,,,,,,,,5,21,8,1,-3,S,2,2,,,,,,,,,,1,-6,S,14,14,,,,,,,,,,1,-21,S,5,5,,,,,,,,,,3,20,1,4,B,1,,,1,,,,G:U,G:U,,,1,5,S,20,20,,,,,,,,,,1,25,E,4,,,,,,,,,,
DG0042,0.011,-73.88,0.8368,10,1,mismatch,28,-59,C,U,S,I,E,I,0,46,S,C,G,I,B,A:U,5,5,,,,,,,,,,5,21,8,1,-3,S,2,2,,,,,,,,,,1,-6,S,14,14,,,,,,,,,,1,-21,S,5,5,,,,,,,,,,3,20,1,4,B,1,,,1,,,,G:U,G:U,,,1,5,S,20,20,,,,,,,,,,1,25,E,4,,,,,,,,,,
DG0042,0.011,-73.88,0.8368,10,1,mismatch,30,-57,G,U,I,S,S,S,0,46,S,C,G,I,B,A:U,5,5,,,,,,,,,,5,21,8,1,-3,S,2,2,,,,,,,,,,1,-6,S,14,14,,,,,,,,,,1,-21,S,5,5,,,,,,,,,,3,20,1,4,B,1,,,1,,,,G:U,G:U,,,1,5,S,20,20,,,,,,,,,,1,25,E,4,,,,,,,,,,
DG0042,0.011,-73.88,0.8368,10,1,mismatch,31,-56,C,U,S,I,I,I,0,46,S,C,G,I,B,A:U,5,5,,,,,,,,,,5,21,8,1,-3,S,2,2,,,,,,,,,,1,-6,S,14,14,,,,,,,,,,1,-21,S,5,5,,,,,,,,,,3,20,1,4,B,1,,,1,,,,G:U,G:U,,,1,5,S,20,20,,,,,,,,,,1,25,E,4,,,,,,,,,,
DG0042,0.011,-73.88,0.8368,10,1,mismatch,32,-55,U,C,S,S,I,I,0,46,S,C,G,I,B,A:U,5,5,,,,,,,,,,5,21,8,1,-3,S,2,2,,,,,,,,,,1,-6,S,14,14,,,,,,,,,,1,-21,S,5,5,,,,,,,,,,3,20,1,4,B,1,,,1,,,,G:U,G:U,,,1,5,S,20,20,,,,,,,,,,1,25,E,4,,,,,,,,,,
DG0042,0.011,-73.88,0.8368,10,1,mismatch,33,-54,G,U,I,S,S,S,0,46,S,C,G,I,B,A:U,5,5,,,,,,,,,,5,21,8,1,-3,S,2,2,,,,,,,,,,1,-6,S,14,14,,,,,,,,,,1,-21,S,5,5,,,,,,,,,,3,20,1,4,B,1,,,1,,,,G:U,G:U,,,1,5,S,20,20,,,,,,,,,,1,25,E,4,,,,,,,,,,
DG0042,0.011,-73.88,0.8368,10,1,mismatch,48,-39,G,C,I,S,S,S,0,46,S,C,G,I,B,A:U,5,5,,,,,,,,,,5,21,8,1,-3,S,2,2,,,,,,,,,,1,-6,S,14,14,,,,,,,,,,1,-21,S,5,5,,,,,,,,,,3,20,1,4,B,1,,,1,,,,G:U,G:U,,,1,5,S,20,20,,,,,,,,,,1,25,E,4,,,,,,,,,,
DG0043,0.0125,-75.68,0.8338,8,1,mismatch,24,-63,C,U,S,S,E,B,0,47,S,C,G,B,B,A:U,5,5,,,,,,,,,,7,22,8,1,-2,B,1,,,1,,,,A:U,C:G,,,1,-3,S,2,2,,,,,,,,,,1,-5,S,15,15,,,,,,,,,,3,20,1,4,B,1,,,1,,,,G:U,G:U,,,1,5,S,20,20,,,,,,,,,,1,25,E,4,,,,,,,,,,
DG0043,0.0125,-75.68,0.8338,8,1,mismatch,25,-62,C,U,S,S,E,B,0,47,S,C,G,B,B,A:U,5,5,,,,,,,,,,7,22,8,1,-2,B,1,,,1,,,,A:U,C:G,,,1,-3,S,2,2,,,,,,,,,,1,-5,S,15,15,,,,,,,,,,3,20,1,4,B,1,,,1,,,,G:U,G:U,,,1,5,S,20,20,,,,,,,,,,1,25,E,4,,,,,,,,,,
DG0043,0.0125,-75.68,0.8338,8,1,mismatch,26,-61,C,U,S,S,E,B,0,47,S,C,G,B,B,A:U,5,5,,,,,,,,,,7,22,8,1,-2,B,1,,,1,,,,A:U,C:G,,,1,-3,S,2,2,,,,,,,,,,1,-5,S,15,15,,,,,,,,,,3,20,1,4,B,1,,,1,,,,G:U,G:U,,,1,5,S,20,20,,,,,,,,,,1,25,E,4,,,,,,,,,,
DG0043,0.0125,-75.68,0.8338,8,1,mismatch,27,-60,C,U,S,S,E,B,0,47,S,C,G,B,B,A:U,5,5,,,,,,,,,,7,22,8,1,-2,B,1,,,1,,,,A:U,C:G,,,1,-3,S,2,2,,,,,,,,,,1,-5,S,15,15,,,,,,,,,,3,20,1,4,B,1,,,1,,,,G:U,G:U,,,1,5,S,20,20,,,,,,,,,,1,25,E,4,,,,,,,,,,
DG0043,0.0125,-75.68,0.8338,8,1,mismatch,28,-59,C,U,S,I,E,B,0,47,S,C,G,B,B,A:U,5,5,,,,,,,,,,7,22,8,1,-2,B,1,,,1,,,,A:U,C:G,,,1,-3,S,2,2,,,,,,,,,,1,-5,S,15,15,,,,,,,,,,3,20,1,4,B,1,,,1,,,,G:U,G:U,,,1,5,S,20,20,,,,,,,,,,1,25,E,4,,,,,,,,,,
DG0043,0.0125,-75.68,0.8338,8,1,mismatch,30,-57,G,U,S,S,E,B,0,47,S,C,G,B,B,A:U,5,5,,,,,,,,,,7,22,8,1,-2,B,1,,,1,,,,A:U,C:G,,,1,-3,S,2,2,,,,,,,,,,1,-5,S,15,15,,,,,,,,,,3,20,1,4,B,1,,,1,,,,G:U,G:U,,,1,5,S,20,20,,,,,,,,,,1,25,E,4,,,,,,,,,,
DG0043,0.0125,-75.68,0.8338,8,1,mismatch,32,-55,U,C,B,S,S,S,0,47,S,C,G,B,B,A:U,5,5,,,,,,,,,,7,22,8,1,-2,B,1,,,1,,,,A:U,C:G,,,1,-3,S,2,2,,,,,,,,,,1,-5,S,15,15,,,,,,,,,,3,20,1,4,B,1,,,1,,,,G:U,G:U,,,1,5,S,20,20,,,,,,,,,,1,25,E,4,,,,,,,,,,
DG0043,0.0125,-75.68,0.8338,8,1,mismatch,48,-39,G,C,I,S,S,S,0,47,S,C,G,B,B,A:U,5,5,,,,,,,,,,7,22,8,1,-2,B,1,,,1,,,,A:U,C:G,,,1,-3,S,2,2,,,,,,,,,,1,-5,S,15,15,,,,,,,,,,3,20,1,4,B,1,,,1,,,,G:U,G:U,,,1,5,S,20,20,,,,,,,,,,1,25,E,4,,,,,,,,,,
DG0044,0.011,-86.88,0.8494,5,1,mismatch,25,-62,C,U,I,S,S,S,0,47,B,C,G,S,S,,1,,,1,,,,C:G,G:C,,,4,24,8,1,-1,S,19,19,,,,,,,,,,1,-21,S,5,5,,,,,,,,,,1,-26,H,8,,8,,,,A:U,,,,,4,23,1,1,S,3,3,,,,,,,,,,1,4,I,1,,,,1,1,,,,C:G,G:C,1,5,S,20,20,,,,,,,,,
DG0044,0.011,-86.88,0.8494,5,1,mismatch,27,-60,C,U,S,S,I,I,0,47,B,C,G,S,S,,1,,,1,,,,C:G,G:C,,,4,24,8,1,-1,S,19,19,,,,,,,,,,1,-21,S,5,5,,,,,,,,,,1,-26,H,8,,8,,,,A:U,,,,,4,23,1,1,S,3,3,,,,,,,,,,1,4,I,1,,,,1,1,,,,C:G,G:C,1,5,S,20,20,,,,,,,,,
DG0044,0.011,-86.88,0.8494,5,1,mismatch,31,-56,C,U,S,I,I,I,0,47,B,C,G,S,S,,1,,,1,,,,C:G,G:C,,,4,24,8,1,-1,S,19,19,,,,,,,,,,1,-21,S,5,5,,,,,,,,,,1,-26,H,8,,8,,,,A:U,,,,,4,23,1,1,S,3,3,,,,,,,,,,1,4,I,1,,,,1,1,,,,C:G,G:C,1,5,S,20,20,,,,,,,,,
DG0044,0.011,-86.88,0.8494,5,1,mismatch,32,-55,U,C,S,S,I,I,0,47,B,C,G,S,S,,1,,,1,,,,C:G,G:C,,,4,24,8,1,-1,S,19,19,,,,,,,,,,1,-21,S,5,5,,,,,,,,,,1,-26,H,8,,8,,,,A:U,,,,,4,23,1,1,S,3,3,,,,,,,,,,1,4,I,1,,,,1,1,,,,C:G,G:C,1,5,S,20,20,,,,,,,,,
DG0044,0.011,-86.88,0.8494,5,1,mismatch,48,-39,G,C,I,S,S,S,0,47,B,C,G,S,S,,1,,,1,,,,C:G,G:C,,,4,24,8,1,-1,S,19,19,,,,,,,,,,1,-21,S,5,5,,,,,,,,,,1,-26,H,8,,8,,,,A:U,,,,,4,23,1,1,S,3,3,,,,,,,,,,1,4,I,1,,,,1,1,,,,C:G,G:C,1,5,S,20,20,,,,,,,,,
DG0045,0.010499999999999999,-85.32,0.8565,5,1,mismatch,24,-63,C,U,S,S,E,I,0,48,S,C,G,B,I,A:C,5,5,,,,,,,,,,4,23,8,1,-2,B,1,,,1,,,,A:U,C:G,,,1,-3,S,23,23,,,,,,,,,,1,-26,H,8,,8,,,,A:U,,,,,3,20,1,4,I,1,,,,1,1,,,,U:G,G:U,1,5,S,20,20,,,,,,,,,,1,25,E,4,,,,,,,,,,
DG0045,0.010499999999999999,-85.32,0.8565,5,1,mismatch,25,-62,C,U,I,S,S,S,0,48,S,C,G,B,I,A:C,5,5,,,,,,,,,,4,23,8,1,-2,B,1,,,1,,,,A:U,C:G,,,1,-3,S,23,23,,,,,,,,,,1,-26,H,8,,8,,,,A:U,,,,,3,20,1,4,I,1,,,,1,1,,,,U:G,G:U,1,5,S,20,20,,,,,,,,,,1,25,E,4,,,,,,,,,,
DG0045,0.010499999999999999,-85.32,0.8565,5,1,mismatch,26,-61,C,U,S,S,I,H,0,48,S,C,G,B,I,A:C,5,5,,,,,,,,,,4,23,8,1,-2,B,1,,,1,,,,A:U,C:G,,,1,-3,S,23,23,,,,,,,,,,1,-26,H,8,,8,,,,A:U,,,,,3,20,1,4,I,1,,,,1,1,,,,U:G,G:U,1,5,S,20,20,,,,,,,,,,1,25,E,4,,,,,,,,,,
DG0045,0.010499999999999999,-85.32,0.8565,5,1,mismatch,29,-58,G,U,S,S,I,H,0,48,S,C,G,B,I,A:C,5,5,,,,,,,,,,4,23,8,1,-2,B,1,,,1,,,,A:U,C:G,,,1,-3,S,23,23,,,,,,,,,,1,-26,H,8,,8,,,,A:U,,,,,3,20,1,4,I,1,,,,1,1,,,,U:G,G:U,1,5,S,20,20,,,,,,,,,,1,25,E,4,,,,,,,,,,
DG0045,0.010499999999999999,-85.32,0.8565,5,1,mismatch,31,-56,C,U,S,I,I,H,0,48,S,C,G,B,I,A:C,5,5,,,,,,,,,,4,23,8,1,-2,B,1,,,1,,,,A:U,C:G,,,1,-3,S,23,23,,,,,,,,,,1,-26,H,8,,8,,,,A:U,,,,,3,20,1,4,I,1,,,,1,1,,,,U:G,G:U,1,5,S,20,20,,,,,,,,,,1,25,E,4,,,,,,,,,,
DG0046,0.016,-77.62,0.8308,9,1,mismatch,24,-63,C,U,S,S,E,I,0,46,S,C,G,B,I,A:U,5,5,,,,,,,,,,6,21,8,1,-2,B,1,,,1,,,,A:U,C:G,,,1,-3,S,2,2,,,,,,,,,,1,-6,S,14,14,,,,,,,,,,3,20,1,4,I,1,,,,1,1,,,,U:G,G:U,1,5,S,20,20,,,,,,,,,,1,25,E,4,,,,,,,,,,
DG0046,0.016,-77.62,0.8308,9,1,mismatch,25,-62,C,U,I,S,S,S,0,46,S,C,G,B,I,A:U,5,5,,,,,,,,,,6,21,8,1,-2,B,1,,,1,,,,A:U,C:G,,,1,-3,S,2,2,,,,,,,,,,1,-6,S,14,14,,,,,,,,,,3,20,1,4,I,1,,,,1,1,,,,U:G,G:U,1,5,S,20,20,,,,,,,,,,1,25,E,4,,,,,,,,,,
DG0046,0.016,-77.62,0.8308,9,1,mismatch,26,-61,C,U,S,S,I,I,0,46,S,C,G,B,I,A:U,5,5,,,,,,,,,,6,21,8,1,-2,B,1,,,1,,,,A:U,C:G,,,1,-3,S,2,2,,,,,,,,,,1,-6,S,14,14,,,,,,,,,,3,20,1,4,I,1,,,,1,1,,,,U:G,G:U,1,5,S,20,20,,,,,,,,,,1,25,E,4,,,,,,,,,,
DG0046,0.016,-77.62,0.8308,9,1,mismatch,27,-60,C,U,S,S,I,I,0,46,S,C,G,B,I,A:U,5,5,,,,,,,,,,6,21,8,1,-2,B,1,,,1,,,,A:U,C:G,,,1,-3,S,2,2,,,,,,,,,,1,-6,S,14,14,,,,,,,,,,3,20,1,4,I,1,,,,1,1,,,,U:G,G:U,1,5,S,20,20,,,,,,,,,,1,25,E,4,,,,,,,,,,
DG0046,0.016,-77.62,0.8308,9,1,mismatch,29,-58,G,U,S,S,I,I,0,46,S,C,G,B,I,A:U,5,5,,,,,,,,,,6,21,8,1,-2,B,1,,,1,,,,A:U,C:G,,,1,-3,S,2,2,,,,,,,,,,1,-6,S,14,14,,,,,,,,,,3,20,1,4,I,1,,,,1,1,,,,U:G,G:U,1,5,S,20,20,,,,,,,,,,1,25,E,4,,,,,,,,,,
DG0046,0.016,-77.62,0.8308,9,1,mismatch,31,-56,C,U,S,I,I,I,0,46,S,C,G,B,I,A:U,5,5,,,,,,,,,,6,21,8,1,-2,B,1,,,1,,,,A:U,C:G,,,1,-3,S,2,2,,,,,,,,,,1,-6,S,14,14,,,,,,,,,,3,20,1,4,I,1,,,,1,1,,,,U:G,G:U,1,5,S,20,20,,,,,,,,,,1,25,E,4,,,,,,,,,,
DG0046,0.016,-77.62,0.8308,9,1,mismatch,32,-55,U,C,S,S,I,I,0,46,S,C,G,B,I,A:U,5,5,,,,,,,,,,6,21,8,1,-2,B,1,,,1,,,,A:U,C:G,,,1,-3,S,2,2,,,,,,,,,,1,-6,S,14,14,,,,,,,,,,3,20,1,4,I,1,,,,1,1,,,,U:G,G:U,1,5,S,20,20,,,,,,,,,,1,25,E,4,,,,,,,,,,
DG0046,0.016,-77.62,0.8308,9,1,mismatch,33,-54,G,U,I,S,S,S,0,46,S,C,G,B,I,A:U,5,5,,,,,,,,,,6,21,8,1,-2,B,1,,,1,,,,A:U,C:G,,,1,-3,S,2,2,,,,,,,,,,1,-6,S,14,14,,,,,,,,,,3,20,1,4,I,1,,,,1,1,,,,U:G,G:U,1,5,S,20,20,,,,,,,,,,1,25,E,4,,,,,,,,,,
DG0046,0.016,-77.62,0.8308,9,1,mismatch,48,-39,G,C,I,S,S,S,0,46,S,C,G,B,I,A:U,5,5,,,,,,,,,,6,21,8,1,-2,B,1,,,1,,,,A:U,C:G,,,1,-3,S,2,2,,,,,,,,,,1,-6,S,14,14,,,,,,,,,,3,20,1,4,I,1,,,,1,1,,,,U:G,G:U,1,5,S,20,20,,,,,,,,,,1,25,E,4,,,,,,,,,,
DG0047,0.0115,-86.44,0.7380,5,1,mismatch,24,-63,C,U,S,S,E,I,0,48,S,C,G,I,B,A:C,23,23,,,,,,,,,,3,5,8,1,-21,S,5,5,,,,,,,,,,1,-26,H,8,,8,,,,A:U,,,,,1,-83,E,4,,,,,,,,,,,3,20,1,4,B,1,,,1,,,,G:C,G:U,,,1,5,S,20,20,,,,,,,,,,1,25,E,4,,,,,,,,,,
DG0047,0.0115,-86.44,0.7380,5,1,mismatch,26,-61,C,U,S,S,E,I,0,48,S,C,G,I,B,A:C,23,23,,,,,,,,,,3,5,8,1,-21,S,5,5,,,,,,,,,,1,-26,H,8,,8,,,,A:U,,,,,1,-83,E,4,,,,,,,,,,,3,20,1,4,B,1,,,1,,,,G:C,G:U,,,1,5,S,20,20,,,,,,,,,,1,25,E,4,,,,,,,,,,
DG0047,0.0115,-86.44,0.7380,5,1,mismatch,28,-59,C,U,S,I,E,I,0,48,S,C,G,I,B,A:C,23,23,,,,,,,,,,3,5,8,1,-21,S,5,5,,,,,,,,,,1,-26,H,8,,8,,,,A:U,,,,,1,-83,E,4,,,,,,,,,,,3,20,1,4,B,1,,,1,,,,G:C,G:U,,,1,5,S,20,20,,,,,,,,,,1,25,E,4,,,,,,,,,,
DG0047,0.0115,-86.44,0.7380,5,1,mismatch,31,-56,C,U,S,I,E,I,0,48,S,C,G,I,B,A:C,23,23,,,,,,,,,,3,5,8,1,-21,S,5,5,,,,,,,,,,1,-26,H,8,,8,,,,A:U,,,,,1,-83,E,4,,,,,,,,,,,3,20,1,4,B,1,,,1,,,,G:C,G:U,,,1,5,S,20,20,,,,,,,,,,1,25,E,4,,,,,,,,,,
DG0047,0.0115,-86.44,0.7380,5,1,mismatch,48,-39,G,C,I,S,S,S,0,48,S,C,G,I,B,A:C,23,23,,,,,,,,,,3,5,8,1,-21,S,5,5,,,,,,,,,,1,-26,H,8,,8,,,,A:U,,,,,1,-83,E,4,,,,,,,,,,,3,20,1,4,B,1,,,1,,,,G:C,G:U,,,1,5,S,20,20,,,,,,,,,,1,25,E,4,,,,,,,,,,
DG0048,0.009999999999999998,-81.59,0.8259,6,1,mismatch,25,-62,C,U,S,S,E,I,0,47,S,C,G,I,B,A:U,6,6,,,,,,,,,,4,21,8,1,-4,S,16,16,,,,,,,,,,1,-21,S,5,5,,,,,,,,,,1,-26,H,8,,8,,,,A:U,,,,,3,20,1,4,B,1,,,1,,,,G:U,G:C,,,1,5,S,20,20,,,,,,,,,,1,25,E,4,,,,,,,,,,
DG0048,0.009999999999999998,-81.59,0.8259,6,1,mismatch,26,-61,C,U,S,S,E,I,0,47,S,C,G,I,B,A:U,6,6,,,,,,,,,,4,21,8,1,-4,S,16,16,,,,,,,,,,1,-21,S,5,5,,,,,,,,,,1,-26,H,8,,8,,,,A:U,,,,,3,20,1,4,B,1,,,1,,,,G:U,G:C,,,1,5,S,20,20,,,,,,,,,,1,25,E,4,,,,,,,,,,
DG0048,0.009999999999999998,-81.59,0.8259,6,1,mismatch,27,-60,C,U,S,S,E,I,0,47,S,C,G,I,B,A:U,6,6,,,,,,,,,,4,21,8,1,-4,S,16,16,,,,,,,,,,1,-21,S,5,5,,,,,,,,,,1,-26,H,8,,8,,,,A:U,,,,,3,20,1,4,B,1,,,1,,,,G:U,G:C,,,1,5,S,20,20,,,,,,,,,,1,25,E,4,,,,,,,,,,
DG0048,0.009999999999999998,-81.59,0.8259,6,1,mismatch,28,-59,C,U,S,I,E,I,0,47,S,C,G,I,B,A:U,6,6,,,,,,,,,,4,21,8,1,-4,S,16,16,,,,,,,,,,1,-21,S,5,5,,,,,,,,,,1,-26,H,8,,8,,,,A:U,,,,,3,20,1,4,B,1,,,1,,,,G:U,G:C,,,1,5,S,20,20,,,,,,,,,,1,25,E,4,,,,,,,,,,
DG0048,0.009999999999999998,-81.59,0.8259,6,1,mismatch,32,-55,U,C,S,S,I,I,0,47,S,C,G,I,B,A:U,6,6,,,,,,,,,,4,21,8,1,-4,S,16,16,,,,,,,,,,1,-21,S,5,5,,,,,,,,,,1,-26,H,8,,8,,,,A:U,,,,,3,20,1,4,B,1,,,1,,,,G:U,G:C,,,1,5,S,20,20,,,,,,,,,,1,25,E,4,,,,,,,,,,
DG0048,0.009999999999999998,-81.59,0.8259,6,1,mismatch,48,-39,G,C,I,S,S,S,0,47,S,C,G,I,B,A:U,6,6,,,,,,,,,,4,21,8,1,-4,S,16,16,,,,,,,,,,1,-21,S,5,5,,,,,,,,,,1,-26,H,8,,8,,,,A:U,,,,,3,20,1,4,B,1,,,1,,,,G:U,G:C,,,1,5,S,20,20,,,,,,,,,,1,25,E,4,,,,,,,,,,
DG0049,0.013000000000000001,-78.48,0.8512,7,1,mismatch,24,-63,C,U,S,S,E,I,0,45,S,C,G,I,I,A:U,5,5,,,,,,,,,,3,20,8,1,-6,S,20,20,,,,,,,,,,1,-26,H,8,,8,,,,A:U,,,,,1,-83,E,4,,,,,,,,,,,3,20,1,4,I,1,,,,1,1,,,,U:G,G:U,1,5,S,20,20,,,,,,,,,,1,25,E,4,,,,,,,,,,
DG0049,0.013000000000000001,-78.48,0.8512,7,1,mismatch,25,-62,C,U,I,S,S,S,0,45,S,C,G,I,I,A:U,5,5,,,,,,,,,,3,20,8,1,-6,S,20,20,,,,,,,,,,1,-26,H,8,,8,,,,A:U,,,,,1,-83,E,4,,,,,,,,,,,3,20,1,4,I,1,,,,1,1,,,,U:G,G:U,1,5,S,20,20,,,,,,,,,,1,25,E,4,,,,,,,,,,
DG0049,0.013000000000000001,-78.48,0.8512,7,1,mismatch,26,-61,C,U,S,S,I,I,0,45,S,C,G,I,I,A:U,5,5,,,,,,,,,,3,20,8,1,-6,S,20,20,,,,,,,,,,1,-26,H,8,,8,,,,A:U,,,,,1,-83,E,4,,,,,,,,,,,3,20,1,4,I,1,,,,1,1,,,,U:G,G:U,1,5,S,20,20,,,,,,,,,,1,25,E,4,,,,,,,,,,
DG0049,0.013000000000000001,-78.48,0.8512,7,1,mismatch,27,-60,C,U,S,S,I,I,0,45,S,C,G,I,I,A:U,5,5,,,,,,,,,,3,20,8,1,-6,S,20,20,,,,,,,,,,1,-26,H,8,,8,,,,A:U,,,,,1,-83,E,4,,,,,,,,,,,3,20,1,4,I,1,,,,1,1,,,,U:G,G:U,1,5,S,20,20,,,,,,,,,,1,25,E,4,,,,,,,,,,
DG0049,0.013000000000000001,-78.48,0.8512,7,1,mismatch,29,-58,G,U,S,S,I,I,0,45,S,C,G,I,I,A:U,5,5,,,,,,,,,,3,20,8,1,-6,S,20,20,,,,,,,,,,1,-26,H,8,,8,,,,A:U,,,,,1,-83,E,4,,,,,,,,,,,3,20,1,4,I,1,,,,1,1,,,,U:G,G:U,1,5,S,20,20,,,,,,,,,,1,25,E,4,,,,,,,,,,
DG0049,0.013000000000000001,-78.48,0.8512,7,1,mismatch,32,-55,U,C,I,S,S,S,0,45,S,C,G,I,I,A:U,5,5,,,,,,,,,,3,20,8,1,-6,S,20,20,,,,,,,,,,1,-26,H,8,,8,,,,A:U,,,,,1,-83,E,4,,,,,,,,,,,3,20,1,4,I,1,,,,1,1,,,,U:G,G:U,1,5,S,20,20,,,,,,,,,,1,25,E,4,,,,,,,,,,
DG0049,0.013000000000000001,-78.48,0.8512,7,1,mismatch,33,-54,G,U,I,S,S,S,0,45,S,C,G,I,I,A:U,5,5,,,,,,,,,,3,20,8,1,-6,S,20,20,,,,,,,,,,1,-26,H,8,,8,,,,A:U,,,,,1,-83,E,4,,,,,,,,,,,3,20,1,4,I,1,,,,1,1,,,,U:G,G:U,1,5,S,20,20,,,,,,,,,,1,25,E,4,,,,,,,,,,
DG0050,0.01,-77.25,0.8368,7,1,mismatch,26,-61,C,U,S,S,E,I,0,46,S,C,G,I,B,A:U,5,5,,,,,,,,,,5,21,8,1,-3,S,2,2,,,,,,,,,,1,-6,S,14,14,,,,,,,,,,1,-21,S,5,5,,,,,,,,,,3,20,1,4,B,1,,,1,,,,G:C,G:C,,,1,5,S,20,20,,,,,,,,,,1,25,E,4,,,,,,,,,,
DG0050,0.01,-77.25,0.8368,7,1,mismatch,27,-60,C,U,S,S,E,I,0,46,S,C,G,I,B,A:U,5,5,,,,,,,,,,5,21,8,1,-3,S,2,2,,,,,,,,,,1,-6,S,14,14,,,,,,,,,,1,-21,S,5,5,,,,,,,,,,3,20,1,4,B,1,,,1,,,,G:C,G:C,,,1,5,S,20,20,,,,,,,,,,1,25,E,4,,,,,,,,,,
DG0050,0.01,-77.25,0.8368,7,1,mismatch,28,-59,C,U,S,I,E,I,0,46,S,C,G,I,B,A:U,5,5,,,,,,,,,,5,21,8,1,-3,S,2,2,,,,,,,,,,1,-6,S,14,14,,,,,,,,,,1,-21,S,5,5,,,,,,,,,,3,20,1,4,B,1,,,1,,,,G:C,G:C,,,1,5,S,20,20,,,,,,,,,,1,25,E,4,,,,,,,,,,
DG0050,0.01,-77.25,0.8368,7,1,mismatch,30,-57,G,U,I,S,S,S,0,46,S,C,G,I,B,A:U,5,5,,,,,,,,,,5,21,8,1,-3,S,2,2,,,,,,,,,,1,-6,S,14,14,,,,,,,,,,1,-21,S,5,5,,,,,,,,,,3,20,1,4,B,1,,,1,,,,G:C,G:C,,,1,5,S,20,20,,,,,,,,,,1,25,E,4,,,,,,,,,,
DG0050,0.01,-77.25,0.8368,7,1,mismatch,31,-56,C,U,S,I,I,I,0,46,S,C,G,I,B,A:U,5,5,,,,,,,,,,5,21,8,1,-3,S,2,2,,,,,,,,,,1,-6,S,14,14,,,,,,,,,,1,-21,S,5,5,,,,,,,,,,3,20,1,4,B,1,,,1,,,,G:C,G:C,,,1,5,S,20,20,,,,,,,,,,1,25,E,4,,,,,,,,,,
DG0050,0.01,-77.25,0.8368,7,1,mismatch,33,-54,G,U,I,S,S,S,0,46,S,C,G,I,B,A:U,5,5,,,,,,,,,,5,21,8,1,-3,S,2,2,,,,,,,,,,1,-6,S,14,14,,,,,,,,,,1,-21,S,5,5,,,,,,,,,,3,20,1,4,B,1,,,1,,,,G:C,G:C,,,1,5,S,20,20,,,,,,,,,,1,25,E,4,,,,,,,,,,
DG0050,0.01,-77.25,0.8368,7,1,mismatch,48,-39,G,C,I,S,S,S,0,46,S,C,G,I,B,A:U,5,5,,,,,,,,,,5,21,8,1,-3,S,2,2,,,,,,,,,,1,-6,S,14,14,,,,,,,,,,1,-21,S,5,5,,,,,,,,,,3,20,1,4,B,1,,,1,,,,G:C,G:C,,,1,5,S,20,20,,,,,,,,,,1,25,E,4,,,,,,,,,,
DG0051,0.0095,-79.34,0.8383,5,1,mismatch,25,-62,C,U,I,S,S,S,0,46,B,C,G,S,S,,2,,,2,,,,C:G,G:C,,,6,23,8,1,-2,S,3,3,,,,,,,,,,1,-5,S,15,15,,,,,,,,,,1,-21,S,5,5,,,,,,,,,,4,23,1,1,S,3,3,,,,,,,,,,1,4,I,1,,,,1,1,,,,C:G,G:C,1,5,S,20,20,,,,,,,,,
DG0051,0.0095,-79.34,0.8383,5,1,mismatch,27,-60,C,U,S,S,I,B,0,46,B,C,G,S,S,,2,,,2,,,,C:G,G:C,,,6,23,8,1,-2,S,3,3,,,,,,,,,,1,-5,S,15,15,,,,,,,,,,1,-21,S,5,5,,,,,,,,,,4,23,1,1,S,3,3,,,,,,,,,,1,4,I,1,,,,1,1,,,,C:G,G:C,1,5,S,20,20,,,,,,,,,
DG0051,0.0095,-79.34,0.8383,5,1,mismatch,30,-57,G,U,S,S,I,B,0,46,B,C,G,S,S,,2,,,2,,,,C:G,G:C,,,6,23,8,1,-2,S,3,3,,,,,,,,,,1,-5,S,15,15,,,,,,,,,,1,-21,S,5,5,,,,,,,,,,4,23,1,1,S,3,3,,,,,,,,,,1,4,I,1,,,,1,1,,,,C:G,G:C,1,5,S,20,20,,,,,,,,,
DG0051,0.0095,-79.34,0.8383,5,1,mismatch,32,-55,U,C,B,S,S,S,0,46,B,C,G,S,S,,2,,,2,,,,C:G,G:C,,,6,23,8,1,-2,S,3,3,,,,,,,,,,1,-5,S,15,15,,,,,,,,,,1,-21,S,5,5,,,,,,,,,,4,23,1,1,S,3,3,,,,,,,,,,1,4,I,1,,,,1,1,,,,C:G,G:C,1,5,S,20,20,,,,,,,,,
DG0051,0.0095,-79.34,0.8383,5,1,mismatch,48,-39,G,C,I,S,S,S,0,46,B,C,G,S,S,,2,,,2,,,,C:G,G:C,,,6,23,8,1,-2,S,3,3,,,,,,,,,,1,-5,S,15,15,,,,,,,,,,1,-21,S,5,5,,,,,,,,,,4,23,1,1,S,3,3,,,,,,,,,,1,4,I,1,,,,1,1,,,,C:G,G:C,1,5,S,20,20,,,,,,,,,
DG0052,0.008,-84.01,0.7380,6,1,mismatch,24,-63,C,U,S,S,E,I,0,48,S,C,G,I,B,A:C,23,23,,,,,,,,,,3,5,8,1,-21,S,5,5,,,,,,,,,,1,-26,H,8,,8,,,,A:U,,,,,1,-83,E,4,,,,,,,,,,,3,20,1,4,B,1,,,1,,,,G:U,G:U,,,1,5,S,20,20,,,,,,,,,,1,25,E,4,,,,,,,,,,
DG0052,0.008,-84.01,0.7380,6,1,mismatch,25,-62,C,U,S,S,E,I,0,48,S,C,G,I,B,A:C,23,23,,,,,,,,,,3,5,8,1,-21,S,5,5,,,,,,,,,,1,-26,H,8,,8,,,,A:U,,,,,1,-83,E,4,,,,,,,,,,,3,20,1,4,B,1,,,1,,,,G:U,G:U,,,1,5,S,20,20,,,,,,,,,,1,25,E,4,,,,,,,,,,
DG0052,0.008,-84.01,0.7380,6,1,mismatch,26,-61,C,U,S,S,E,I,0,48,S,C,G,I,B,A:C,23,23,,,,,,,,,,3,5,8,1,-21,S,5,5,,,,,,,,,,1,-26,H,8,,8,,,,A:U,,,,,1,-83,E,4,,,,,,,,,,,3,20,1,4,B,1,,,1,,,,G:U,G:U,,,1,5,S,20,20,,,,,,,,,,1,25,E,4,,,,,,,,,,
DG0052,0.008,-84.01,0.7380,6,1,mismatch,28,-59,C,U,S,I,E,I,0,48,S,C,G,I,B,A:C,23,23,,,,,,,,,,3,5,8,1,-21,S,5,5,,,,,,,,,,1,-26,H,8,,8,,,,A:U,,,,,1,-83,E,4,,,,,,,,,,,3,20,1,4,B,1,,,1,,,,G:U,G:U,,,1,5,S,20,20,,,,,,,,,,1,25,E,4,,,,,,,,,,
DG0052,0.008,-84.01,0.7380,6,1,mismatch,31,-56,C,U,S,I,E,I,0,48,S,C,G,I,B,A:C,23,23,,,,,,,,,,3,5,8,1,-21,S,5,5,,,,,,,,,,1,-26,H,8,,8,,,,A:U,,,,,1,-83,E,4,,,,,,,,,,,3,20,1,4,B,1,,,1,,,,G:U,G:U,,,1,5,S,20,20,,,,,,,,,,1,25,E,4,,,,,,,,,,
DG0052,0.008,-84.01,0.7380,6,1,mismatch,48,-39,G,C,I,S,S,S,0,48,S,C,G,I,B,A:C,23,23,,,,,,,,,,3,5,8,1,-21,S,5,5,,,,,,,,,,1,-26,H,8,,8,,,,A:U,,,,,1,-83,E,4,,,,,,,,,,,3,20,1,4,B,1,,,1,,,,G:U,G:U,,,1,5,S,20,20,,,,,,,,,,1,25,E,4,,,,,,,,,,
DG0053,0.0125,-71.26,0.8484,7,1,mismatch,24,-63,C,A,B,S,S,S,0,43,S,C,G,I,I,A:C,2,2,,,,,,,,,,5,19,8,1,-6,S,14,14,,,,,,,,,,1,-21,S,5,5,,,,,,,,,,1,-26,H,8,,8,,,,A:U,,,,,4,22,1,2,I,1,,,,1,0,,,,U:G,G:C,1,3,S,3,3,,,,,,,,,,1,6,S,19,19,,,,,,,,,
DG0053,0.0125,-71.26,0.8484,7,1,mismatch,26,-61,C,A,B,S,S,S,0,43,S,C,G,I,I,A:C,2,2,,,,,,,,,,5,19,8,1,-6,S,14,14,,,,,,,,,,1,-21,S,5,5,,,,,,,,,,1,-26,H,8,,8,,,,A:U,,,,,4,22,1,2,I,1,,,,1,0,,,,U:G,G:C,1,3,S,3,3,,,,,,,,,,1,6,S,19,19,,,,,,,,,
DG0053,0.0125,-71.26,0.8484,7,1,mismatch,28,-59,C,G,S,I,B,I,0,43,S,C,G,I,I,A:C,2,2,,,,,,,,,,5,19,8,1,-6,S,14,14,,,,,,,,,,1,-21,S,5,5,,,,,,,,,,1,-26,H,8,,8,,,,A:U,,,,,4,22,1,2,I,1,,,,1,0,,,,U:G,G:C,1,3,S,3,3,,,,,,,,,,1,6,S,19,19,,,,,,,,,
DG0053,0.0125,-71.26,0.8484,7,1,mismatch,29,-58,G,U,S,S,B,I,0,43,S,C,G,I,I,A:C,2,2,,,,,,,,,,5,19,8,1,-6,S,14,14,,,,,,,,,,1,-21,S,5,5,,,,,,,,,,1,-26,H,8,,8,,,,A:U,,,,,4,22,1,2,I,1,,,,1,0,,,,U:G,G:C,1,3,S,3,3,,,,,,,,,,1,6,S,19,19,,,,,,,,,
DG0053,0.0125,-71.26,0.8484,7,1,mismatch,33,-54,G,U,I,S,S,S,0,43,S,C,G,I,I,A:C,2,2,,,,,,,,,,5,19,8,1,-6,S,14,14,,,,,,,,,,1,-21,S,5,5,,,,,,,,,,1,-26,H,8,,8,,,,A:U,,,,,4,22,1,2,I,1,,,,1,0,,,,U:G,G:C,1,3,S,3,3,,,,,,,,,,1,6,S,19,19,,,,,,,,,
DG0053,0.0125,-71.26,0.8484,7,1,mismatch,48,-39,G,C,I,S,S,S,0,43,S,C,G,I,I,A:C,2,2,,,,,,,,,,5,19,8,1,-6,S,14,14,,,,,,,,,,1,-21,S,5,5,,,,,,,,,,1,-26,H,8,,8,,,,A:U,,,,,4,22,1,2,I,1,,,,1,0,,,,U:G,G:C,1,3,S,3,3,,,,,,,,,,1,6,S,19,19,,,,,,,,,
DG0053,0.0125,-71.26,0.8484,7,1,mismatch,67,-20,U,C,I,S,S,S,0,43,S,C,G,I,I,A:C,2,2,,,,,,,,,,5,19,8,1,-6,S,14,14,,,,,,,,,,1,-21,S,5,5,,,,,,,,,,1,-26,H,8,,8,,,,A:U,,,,,4,22,1,2,I,1,,,,1,0,,,,U:G,G:C,1,3,S,3,3,,,,,,,,,,1,6,S,19,19,,,,,,,,,
DG0054,0.0115,-73.49,0.8308,9,1,mismatch,24,-63,C,U,S,S,E,I,0,46,S,C,G,B,I,A:U,5,5,,,,,,,,,,6,21,8,1,-2,B,1,,,1,,,,A:U,C:G,,,1,-3,S,2,2,,,,,,,,,,1,-6,S,14,14,,,,,,,,,,3,20,1,4,I,1,,,,1,1,,,,U:G,G:U,1,5,S,20,20,,,,,,,,,,1,25,E,4,,,,,,,,,,
DG0054,0.0115,-73.49,0.8308,9,1,mismatch,25,-62,C,U,I,S,S,S,0,46,S,C,G,B,I,A:U,5,5,,,,,,,,,,6,21,8,1,-2,B,1,,,1,,,,A:U,C:G,,,1,-3,S,2,2,,,,,,,,,,1,-6,S,14,14,,,,,,,,,,3,20,1,4,I,1,,,,1,1,,,,U:G,G:U,1,5,S,20,20,,,,,,,,,,1,25,E,4,,,,,,,,,,
DG0054,0.0115,-73.49,0.8308,9,1,mismatch,26,-61,C,U,S,S,I,I,0,46,S,C,G,B,I,A:U,5,5,,,,,,,,,,6,21,8,1,-2,B,1,,,1,,,,A:U,C:G,,,1,-3,S,2,2,,,,,,,,,,1,-6,S,14,14,,,,,,,,,,3,20,1,4,I,1,,,,1,1,,,,U:G,G:U,1,5,S,20,20,,,,,,,,,,1,25,E,4,,,,,,,,,,
DG0054,0.0115,-73.49,0.8308,9,1,mismatch,27,-60,C,U,S,S,I,I,0,46,S,C,G,B,I,A:U,5,5,,,,,,,,,,6,21,8,1,-2,B,1,,,1,,,,A:U,C:G,,,1,-3,S,2,2,,,,,,,,,,1,-6,S,14,14,,,,,,,,,,3,20,1,4,I,1,,,,1,1,,,,U:G,G:U,1,5,S,20,20,,,,,,,,,,1,25,E,4,,,,,,,,,,
DG0054,0.0115,-73.49,0.8308,9,1,mismatch,28,-59,C,U,S,I,I,I,0,46,S,C,G,B,I,A:U,5,5,,,,,,,,,,6,21,8,1,-2,B,1,,,1,,,,A:U,C:G,,,1,-3,S,2,2,,,,,,,,,,1,-6,S,14,14,,,,,,,,,,3,20,1,4,I,1,,,,1,1,,,,U:G,G:U,1,5,S,20,20,,,,,,,,,,1,25,E,4,,,,,,,,,,
DG0054,0.0115,-73.49,0.8308,9,1,mismatch,29,-58,G,U,S,S,I,I,0,46,S,C,G,B,I,A:U,5,5,,,,,,,,,,6,21,8,1,-2,B,1,,,1,,,,A:U,C:G,,,1,-3,S,2,2,,,,,,,,,,1,-6,S,14,14,,,,,,,,,,3,20,1,4,I,1,,,,1,1,,,,U:G,G:U,1,5,S,20,20,,,,,,,,,,1,25,E,4,,,,,,,,,,
DG0054,0.0115,-73.49,0.8308,9,1,mismatch,31,-56,C,U,S,I,I,I,0,46,S,C,G,B,I,A:U,5,5,,,,,,,,,,6,21,8,1,-2,B,1,,,1,,,,A:U,C:G,,,1,-3,S,2,2,,,,,,,,,,1,-6,S,14,14,,,,,,,,,,3,20,1,4,I,1,,,,1,1,,,,U:G,G:U,1,5,S,20,20,,,,,,,,,,1,25,E,4,,,,,,,,,,
DG0054,0.0115,-73.49,0.8308,9,1,mismatch,33,-54,G,U,I,S,S,S,0,46,S,C,G,B,I,A:U,5,5,,,,,,,,,,6,21,8,1,-2,B,1,,,1,,,,A:U,C:G,,,1,-3,S,2,2,,,,,,,,,,1,-6,S,14,14,,,,,,,,,,3,20,1,4,I,1,,,,1,1,,,,U:G,G:U,1,5,S,20,20,,,,,,,,,,1,25,E,4,,,,,,,,,,
DG0054,0.0115,-73.49,0.8308,9,1,mismatch,48,-39,G,C,I,S,S,S,0,46,S,C,G,B,I,A:U,5,5,,,,,,,,,,6,21,8,1,-2,B,1,,,1,,,,A:U,C:G,,,1,-3,S,2,2,,,,,,,,,,1,-6,S,14,14,,,,,,,,,,3,20,1,4,I,1,,,,1,1,,,,U:G,G:U,1,5,S,20,20,,,,,,,,,,1,25,E,4,,,,,,,,,,
DG0055,0.010499999999999999,-73.3,0.8287,8,1,mismatch,25,-62,C,U,I,S,S,S,0,42,I,C,G,S,S,,6,,,,6,6,,,,C:G,C:G,6,22,8,1,-2,S,2,2,,,,,,,,,,1,-4,B,1,,,1,,,,U:G,A:U,,,1,-5,S,15,15,,,,,,,,,,2,20,1,5,S,20,20,,,,,,,,,,1,25,E,4,,,,,,,,,,,0,0,,,,,,,,,,,,
DG0055,0.010499999999999999,-73.3,0.8287,8,1,mismatch,26,-61,C,U,I,S,S,S,0,42,I,C,G,S,S,,6,,,,6,6,,,,C:G,C:G,6,22,8,1,-2,S,2,2,,,,,,,,,,1,-4,B,1,,,1,,,,U:G,A:U,,,1,-5,S,15,15,,,,,,,,,,2,20,1,5,S,20,20,,,,,,,,,,1,25,E,4,,,,,,,,,,,0,0,,,,,,,,,,,,
DG0055,0.010499999999999999,-73.3,0.8287,8,1,mismatch,27,-60,C,A,I,S,S,S,0,42,I,C,G,S,S,,6,,,,6,6,,,,C:G,C:G,6,22,8,1,-2,S,2,2,,,,,,,,,,1,-4,B,1,,,1,,,,U:G,A:U,,,1,-5,S,15,15,,,,,,,,,,2,20,1,5,S,20,20,,,,,,,,,,1,25,E,4,,,,,,,,,,,0,0,,,,,,,,,,,,
DG0055,0.010499999999999999,-73.3,0.8287,8,1,mismatch,29,-58,G,A,I,S,S,S,0,42,I,C,G,S,S,,6,,,,6,6,,,,C:G,C:G,6,22,8,1,-2,S,2,2,,,,,,,,,,1,-4,B,1,,,1,,,,U:G,A:U,,,1,-5,S,15,15,,,,,,,,,,2,20,1,5,S,20,20,,,,,,,,,,1,25,E,4,,,,,,,,,,,0,0,,,,,,,,,,,,
DG0055,0.010499999999999999,-73.3,0.8287,8,1,mismatch,30,-57,G,C,I,S,S,S,0,42,I,C,G,S,S,,6,,,,6,6,,,,C:G,C:G,6,22,8,1,-2,S,2,2,,,,,,,,,,1,-4,B,1,,,1,,,,U:G,A:U,,,1,-5,S,15,15,,,,,,,,,,2,20,1,5,S,20,20,,,,,,,,,,1,25,E,4,,,,,,,,,,,0,0,,,,,,,,,,,,
DG0055,0.010499999999999999,-73.3,0.8287,8,1,mismatch,31,-56,C,G,S,I,I,I,0,42,I,C,G,S,S,,6,,,,6,6,,,,C:G,C:G,6,22,8,1,-2,S,2,2,,,,,,,,,,1,-4,B,1,,,1,,,,U:G,A:U,,,1,-5,S,15,15,,,,,,,,,,2,20,1,5,S,20,20,,,,,,,,,,1,25,E,4,,,,,,,,,,,0,0,,,,,,,,,,,,
DG0055,0.010499999999999999,-73.3,0.8287,8,1,mismatch,48,-39,G,U,I,S,S,S,0,42,I,C,G,S,S,,6,,,,6,6,,,,C:G,C:G,6,22,8,1,-2,S,2,2,,,,,,,,,,1,-4,B,1,,,1,,,,U:G,A:U,,,1,-5,S,15,15,,,,,,,,,,2,20,1,5,S,20,20,,,,,,,,,,1,25,E,4,,,,,,,,,,,0,0,,,,,,,,,,,,
DG0055,0.010499999999999999,-73.3,0.8287,8,1,mismatch,67,-20,U,C,I,S,S,S,0,42,I,C,G,S,S,,6,,,,6,6,,,,C:G,C:G,6,22,8,1,-2,S,2,2,,,,,,,,,,1,-4,B,1,,,1,,,,U:G,A:U,,,1,-5,S,15,15,,,,,,,,,,2,20,1,5,S,20,20,,,,,,,,,,1,25,E,4,,,,,,,,,,,0,0,,,,,,,,,,,,
DG0056,0.006,-84.41,0.8565,8,1,mismatch,24,-63,C,U,S,S,E,I,0,48,S,C,G,B,I,A:U,5,5,,,,,,,,,,4,23,8,1,-2,B,1,,,1,,,,A:U,C:G,,,1,-3,S,23,23,,,,,,,,,,1,-26,H,8,,8,,,,A:U,,,,,3,20,1,4,I,1,,,,1,1,,,,U:G,G:U,1,5,S,20,20,,,,,,,,,,1,25,E,4,,,,,,,,,,
DG0056,0.006,-84.41,0.8565,8,1,mismatch,25,-62,C,U,I,S,S,S,0,48,S,C,G,B,I,A:U,5,5,,,,,,,,,,4,23,8,1,-2,B,1,,,1,,,,A:U,C:G,,,1,-3,S,23,23,,,,,,,,,,1,-26,H,8,,8,,,,A:U,,,,,3,20,1,4,I,1,,,,1,1,,,,U:G,G:U,1,5,S,20,20,,,,,,,,,,1,25,E,4,,,,,,,,,,
DG0056,0.006,-84.41,0.8565,8,1,mismatch,26,-61,C,U,S,S,I,H,0,48,S,C,G,B,I,A:U,5,5,,,,,,,,,,4,23,8,1,-2,B,1,,,1,,,,A:U,C:G,,,1,-3,S,23,23,,,,,,,,,,1,-26,H,8,,8,,,,A:U,,,,,3,20,1,4,I,1,,,,1,1,,,,U:G,G:U,1,5,S,20,20,,,,,,,,,,1,25,E,4,,,,,,,,,,
DG0056,0.006,-84.41,0.8565,8,1,mismatch,27,-60,C,U,S,S,I,H,0,48,S,C,G,B,I,A:U,5,5,,,,,,,,,,4,23,8,1,-2,B,1,,,1,,,,A:U,C:G,,,1,-3,S,23,23,,,,,,,,,,1,-26,H,8,,8,,,,A:U,,,,,3,20,1,4,I,1,,,,1,1,,,,U:G,G:U,1,5,S,20,20,,,,,,,,,,1,25,E,4,,,,,,,,,,
DG0056,0.006,-84.41,0.8565,8,1,mismatch,29,-58,G,U,S,S,I,H,0,48,S,C,G,B,I,A:U,5,5,,,,,,,,,,4,23,8,1,-2,B,1,,,1,,,,A:U,C:G,,,1,-3,S,23,23,,,,,,,,,,1,-26,H,8,,8,,,,A:U,,,,,3,20,1,4,I,1,,,,1,1,,,,U:G,G:U,1,5,S,20,20,,,,,,,,,,1,25,E,4,,,,,,,,,,
DG0056,0.006,-84.41,0.8565,8,1,mismatch,31,-56,C,U,S,I,I,H,0,48,S,C,G,B,I,A:U,5,5,,,,,,,,,,4,23,8,1,-2,B,1,,,1,,,,A:U,C:G,,,1,-3,S,23,23,,,,,,,,,,1,-26,H,8,,8,,,,A:U,,,,,3,20,1,4,I,1,,,,1,1,,,,U:G,G:U,1,5,S,20,20,,,,,,,,,,1,25,E,4,,,,,,,,,,
DG0056,0.006,-84.41,0.8565,8,1,mismatch,48,-39,G,C,S,S,I,H,0,48,S,C,G,B,I,A:U,5,5,,,,,,,,,,4,23,8,1,-2,B,1,,,1,,,,A:U,C:G,,,1,-3,S,23,23,,,,,,,,,,1,-26,H,8,,8,,,,A:U,,,,,3,20,1,4,I,1,,,,1,1,,,,U:G,G:U,1,5,S,20,20,,,,,,,,,,1,25,E,4,,,,,,,,,,
DG0056,0.006,-84.41,0.8565,8,1,mismatch,67,-20,U,G,S,S,H,B,0,48,S,C,G,B,I,A:U,5,5,,,,,,,,,,4,23,8,1,-2,B,1,,,1,,,,A:U,C:G,,,1,-3,S,23,23,,,,,,,,,,1,-26,H,8,,8,,,,A:U,,,,,3,20,1,4,I,1,,,,1,1,,,,U:G,G:U,1,5,S,20,20,,,,,,,,,,1,25,E,4,,,,,,,,,,
DG0057,0.0135,-78.07,0.8722,7,1,mismatch,25,-62,C,U,S,S,E,I,0,47,S,C,G,I,B,A:U,4,4,,,,,,,,,,3,23,8,1,-3,S,23,23,,,,,,,,,,1,-26,H,8,,8,,,,A:U,,,,,1,-83,E,4,,,,,,,,,,,3,20,1,4,B,1,,,1,,,,G:U,G:C,,,1,5,S,20,20,,,,,,,,,,1,25,E,4,,,,,,,,,,
DG0057,0.0135,-78.07,0.8722,7,1,mismatch,26,-61,C,U,S,S,E,I,0,47,S,C,G,I,B,A:U,4,4,,,,,,,,,,3,23,8,1,-3,S,23,23,,,,,,,,,,1,-26,H,8,,8,,,,A:U,,,,,1,-83,E,4,,,,,,,,,,,3,20,1,4,B,1,,,1,,,,G:U,G:C,,,1,5,S,20,20,,,,,,,,,,1,25,E,4,,,,,,,,,,
DG0057,0.0135,-78.07,0.8722,7,1,mismatch,27,-60,C,U,S,S,E,I,0,47,S,C,G,I,B,A:U,4,4,,,,,,,,,,3,23,8,1,-3,S,23,23,,,,,,,,,,1,-26,H,8,,8,,,,A:U,,,,,1,-83,E,4,,,,,,,,,,,3,20,1,4,B,1,,,1,,,,G:U,G:C,,,1,5,S,20,20,,,,,,,,,,1,25,E,4,,,,,,,,,,
DG0057,0.0135,-78.07,0.8722,7,1,mismatch,28,-59,C,U,S,I,E,I,0,47,S,C,G,I,B,A:U,4,4,,,,,,,,,,3,23,8,1,-3,S,23,23,,,,,,,,,,1,-26,H,8,,8,,,,A:U,,,,,1,-83,E,4,,,,,,,,,,,3,20,1,4,B,1,,,1,,,,G:U,G:C,,,1,5,S,20,20,,,,,,,,,,1,25,E,4,,,,,,,,,,
DG0057,0.0135,-78.07,0.8722,7,1,mismatch,29,-58,G,U,I,S,S,S,0,47,S,C,G,I,B,A:U,4,4,,,,,,,,,,3,23,8,1,-3,S,23,23,,,,,,,,,,1,-26,H,8,,8,,,,A:U,,,,,1,-83,E,4,,,,,,,,,,,3,20,1,4,B,1,,,1,,,,G:U,G:C,,,1,5,S,20,20,,,,,,,,,,1,25,E,4,,,,,,,,,,
DG0057,0.0135,-78.07,0.8722,7,1,mismatch,30,-57,G,U,I,S,S,S,0,47,S,C,G,I,B,A:U,4,4,,,,,,,,,,3,23,8,1,-3,S,23,23,,,,,,,,,,1,-26,H,8,,8,,,,A:U,,,,,1,-83,E,4,,,,,,,,,,,3,20,1,4,B,1,,,1,,,,G:U,G:C,,,1,5,S,20,20,,,,,,,,,,1,25,E,4,,,,,,,,,,
DG0057,0.0135,-78.07,0.8722,7,1,mismatch,31,-56,C,U,S,I,I,H,0,47,S,C,G,I,B,A:U,4,4,,,,,,,,,,3,23,8,1,-3,S,23,23,,,,,,,,,,1,-26,H,8,,8,,,,A:U,,,,,1,-83,E,4,,,,,,,,,,,3,20,1,4,B,1,,,1,,,,G:U,G:C,,,1,5,S,20,20,,,,,,,,,,1,25,E,4,,,,,,,,,,
DG0058,0.0115,-76.57,0.8383,5,1,mismatch,24,-63,C,U,S,S,E,I,0,46,B,C,G,S,S,,2,,,2,,,,C:G,G:C,,,6,23,8,1,-2,S,3,3,,,,,,,,,,1,-5,S,15,15,,,,,,,,,,1,-21,S,5,5,,,,,,,,,,4,23,1,1,S,3,3,,,,,,,,,,1,4,I,1,,,,1,1,,,,U:G,G:C,1,5,S,20,20,,,,,,,,,
DG0058,0.0115,-76.57,0.8383,5,1,mismatch,25,-62,C,U,I,S,S,S,0,46,B,C,G,S,S,,2,,,2,,,,C:G,G:C,,,6,23,8,1,-2,S,3,3,,,,,,,,,,1,-5,S,15,15,,,,,,,,,,1,-21,S,5,5,,,,,,,,,,4,23,1,1,S,3,3,,,,,,,,,,1,4,I,1,,,,1,1,,,,U:G,G:C,1,5,S,20,20,,,,,,,,,
DG0058,0.0115,-76.57,0.8383,5,1,mismatch,27,-60,C,U,S,S,I,B,0,46,B,C,G,S,S,,2,,,2,,,,C:G,G:C,,,6,23,8,1,-2,S,3,3,,,,,,,,,,1,-5,S,15,15,,,,,,,,,,1,-21,S,5,5,,,,,,,,,,4,23,1,1,S,3,3,,,,,,,,,,1,4,I,1,,,,1,1,,,,U:G,G:C,1,5,S,20,20,,,,,,,,,
DG0058,0.0115,-76.57,0.8383,5,1,mismatch,30,-57,G,U,S,S,I,B,0,46,B,C,G,S,S,,2,,,2,,,,C:G,G:C,,,6,23,8,1,-2,S,3,3,,,,,,,,,,1,-5,S,15,15,,,,,,,,,,1,-21,S,5,5,,,,,,,,,,4,23,1,1,S,3,3,,,,,,,,,,1,4,I,1,,,,1,1,,,,U:G,G:C,1,5,S,20,20,,,,,,,,,
DG0058,0.0115,-76.57,0.8383,5,1,mismatch,48,-39,G,C,I,S,S,S,0,46,B,C,G,S,S,,2,,,2,,,,C:G,G:C,,,6,23,8,1,-2,S,3,3,,,,,,,,,,1,-5,S,15,15,,,,,,,,,,1,-21,S,5,5,,,,,,,,,,4,23,1,1,S,3,3,,,,,,,,,,1,4,I,1,,,,1,1,,,,U:G,G:C,1,5,S,20,20,,,,,,,,,
DG0059,0.010499999999999999,-79.04,0.8264,9,1,mismatch,24,-63,C,U,S,S,E,I,0,47,S,C,G,B,I,A:U,5,5,,,,,,,,,,5,22,8,1,-2,B,1,,,1,,,,A:U,C:G,,,1,-3,S,17,17,,,,,,,,,,1,-21,S,5,5,,,,,,,,,,3,20,1,4,I,1,,,,1,1,,,,U:G,G:U,1,5,S,20,20,,,,,,,,,,1,25,E,4,,,,,,,,,,
DG0059,0.010499999999999999,-79.04,0.8264,9,1,mismatch,25,-62,C,U,I,S,S,S,0,47,S,C,G,B,I,A:U,5,5,,,,,,,,,,5,22,8,1,-2,B,1,,,1,,,,A:U,C:G,,,1,-3,S,17,17,,,,,,,,,,1,-21,S,5,5,,,,,,,,,,3,20,1,4,I,1,,,,1,1,,,,U:G,G:U,1,5,S,20,20,,,,,,,,,,1,25,E,4,,,,,,,,,,
DG0059,0.010499999999999999,-79.04,0.8264,9,1,mismatch,26,-61,C,U,S,S,I,I,0,47,S,C,G,B,I,A:U,5,5,,,,,,,,,,5,22,8,1,-2,B,1,,,1,,,,A:U,C:G,,,1,-3,S,17,17,,,,,,,,,,1,-21,S,5,5,,,,,,,,,,3,20,1,4,I,1,,,,1,1,,,,U:G,G:U,1,5,S,20,20,,,,,,,,,,1,25,E,4,,,,,,,,,,
DG0059,0.010499999999999999,-79.04,0.8264,9,1,mismatch,27,-60,C,U,S,S,I,I,0,47,S,C,G,B,I,A:U,5,5,,,,,,,,,,5,22,8,1,-2,B,1,,,1,,,,A:U,C:G,,,1,-3,S,17,17,,,,,,,,,,1,-21,S,5,5,,,,,,,,,,3,20,1,4,I,1,,,,1,1,,,,U:G,G:U,1,5,S,20,20,,,,,,,,,,1,25,E,4,,,,,,,,,,
DG0059,0.010499999999999999,-79.04,0.8264,9,1,mismatch,28,-59,C,U,S,I,I,I,0,47,S,C,G,B,I,A:U,5,5,,,,,,,,,,5,22,8,1,-2,B,1,,,1,,,,A:U,C:G,,,1,-3,S,17,17,,,,,,,,,,1,-21,S,5,5,,,,,,,,,,3,20,1,4,I,1,,,,1,1,,,,U:G,G:U,1,5,S,20,20,,,,,,,,,,1,25,E,4,,,,,,,,,,
DG0059,0.010499999999999999,-79.04,0.8264,9,1,mismatch,29,-58,G,U,S,S,I,I,0,47,S,C,G,B,I,A:U,5,5,,,,,,,,,,5,22,8,1,-2,B,1,,,1,,,,A:U,C:G,,,1,-3,S,17,17,,,,,,,,,,1,-21,S,5,5,,,,,,,,,,3,20,1,4,I,1,,,,1,1,,,,U:G,G:U,1,5,S,20,20,,,,,,,,,,1,25,E,4,,,,,,,,,,
DG0059,0.010499999999999999,-79.04,0.8264,9,1,mismatch,31,-56,C,U,S,I,I,I,0,47,S,C,G,B,I,A:U,5,5,,,,,,,,,,5,22,8,1,-2,B,1,,,1,,,,A:U,C:G,,,1,-3,S,17,17,,,,,,,,,,1,-21,S,5,5,,,,,,,,,,3,20,1,4,I,1,,,,1,1,,,,U:G,G:U,1,5,S,20,20,,,,,,,,,,1,25,E,4,,,,,,,,,,
DG0059,0.010499999999999999,-79.04,0.8264,9,1,mismatch,32,-55,U,C,S,S,I,I,0,47,S,C,G,B,I,A:U,5,5,,,,,,,,,,5,22,8,1,-2,B,1,,,1,,,,A:U,C:G,,,1,-3,S,17,17,,,,,,,,,,1,-21,S,5,5,,,,,,,,,,3,20,1,4,I,1,,,,1,1,,,,U:G,G:U,1,5,S,20,20,,,,,,,,,,1,25,E,4,,,,,,,,,,
DG0059,0.010499999999999999,-79.04,0.8264,9,1,mismatch,48,-39,G,C,I,S,S,S,0,47,S,C,G,B,I,A:U,5,5,,,,,,,,,,5,22,8,1,-2,B,1,,,1,,,,A:U,C:G,,,1,-3,S,17,17,,,,,,,,,,1,-21,S,5,5,,,,,,,,,,3,20,1,4,I,1,,,,1,1,,,,U:G,G:U,1,5,S,20,20,,,,,,,,,,1,25,E,4,,,,,,,,,,
DG0060,0.0055,-86.68,0.7380,7,1,mismatch,25,-62,C,U,S,S,E,I,0,48,S,C,G,I,B,A:C,23,23,,,,,,,,,,3,5,8,1,-21,S,5,5,,,,,,,,,,1,-26,H,8,,8,,,,A:U,,,,,1,-83,E,4,,,,,,,,,,,3,20,1,4,B,1,,,1,,,,G:U,G:C,,,1,5,S,20,20,,,,,,,,,,1,25,E,4,,,,,,,,,,
DG0060,0.0055,-86.68,0.7380,7,1,mismatch,26,-61,C,U,S,S,E,I,0,48,S,C,G,I,B,A:C,23,23,,,,,,,,,,3,5,8,1,-21,S,5,5,,,,,,,,,,1,-26,H,8,,8,,,,A:U,,,,,1,-83,E,4,,,,,,,,,,,3,20,1,4,B,1,,,1,,,,G:U,G:C,,,1,5,S,20,20,,,,,,,,,,1,25,E,4,,,,,,,,,,
DG0060,0.0055,-86.68,0.7380,7,1,mismatch,27,-60,C,U,S,S,E,I,0,48,S,C,G,I,B,A:C,23,23,,,,,,,,,,3,5,8,1,-21,S,5,5,,,,,,,,,,1,-26,H,8,,8,,,,A:U,,,,,1,-83,E,4,,,,,,,,,,,3,20,1,4,B,1,,,1,,,,G:U,G:C,,,1,5,S,20,20,,,,,,,,,,1,25,E,4,,,,,,,,,,
DG0060,0.0055,-86.68,0.7380,7,1,mismatch,28,-59,C,U,S,I,E,I,0,48,S,C,G,I,B,A:C,23,23,,,,,,,,,,3,5,8,1,-21,S,5,5,,,,,,,,,,1,-26,H,8,,8,,,,A:U,,,,,1,-83,E,4,,,,,,,,,,,3,20,1,4,B,1,,,1,,,,G:U,G:C,,,1,5,S,20,20,,,,,,,,,,1,25,E,4,,,,,,,,,,
DG0060,0.0055,-86.68,0.7380,7,1,mismatch,31,-56,C,U,S,I,E,I,0,48,S,C,G,I,B,A:C,23,23,,,,,,,,,,3,5,8,1,-21,S,5,5,,,,,,,,,,1,-26,H,8,,8,,,,A:U,,,,,1,-83,E,4,,,,,,,,,,,3,20,1,4,B,1,,,1,,,,G:U,G:C,,,1,5,S,20,20,,,,,,,,,,1,25,E,4,,,,,,,,,,
DG0060,0.0055,-86.68,0.7380,7,1,mismatch,32,-55,U,C,S,S,E,I,0,48,S,C,G,I,B,A:C,23,23,,,,,,,,,,3,5,8,1,-21,S,5,5,,,,,,,,,,1,-26,H,8,,8,,,,A:U,,,,,1,-83,E,4,,,,,,,,,,,3,20,1,4,B,1,,,1,,,,G:U,G:C,,,1,5,S,20,20,,,,,,,,,,1,25,E,4,,,,,,,,,,
DG0060,0.0055,-86.68,0.7380,7,1,mismatch,48,-39,G,C,I,S,S,S,0,48,S,C,G,I,B,A:C,23,23,,,,,,,,,,3,5,8,1,-21,S,5,5,,,,,,,,,,1,-26,H,8,,8,,,,A:U,,,,,1,-83,E,4,,,,,,,,,,,3,20,1,4,B,1,,,1,,,,G:U,G:C,,,1,5,S,20,20,,,,,,,,,,1,25,E,4,,,,,,,,,,
DG0061,0.0035,-84.91,0.8700,9,1,mismatch,24,-63,C,U,S,S,E,I,0,47,S,C,G,I,I,A:C,4,4,,,,,,,,,,3,23,8,1,-3,S,23,23,,,,,,,,,,1,-26,H,8,,8,,,,A:U,,,,,1,-83,E,4,,,,,,,,,,,3,20,1,4,I,1,,,,1,1,,,,U:G,G:C,1,5,S,20,20,,,,,,,,,,1,25,E,4,,,,,,,,,,
DG0061,0.0035,-84.91,0.8700,9,1,mismatch,25,-62,C,U,I,S,S,S,0,47,S,C,G,I,I,A:C,4,4,,,,,,,,,,3,23,8,1,-3,S,23,23,,,,,,,,,,1,-26,H,8,,8,,,,A:U,,,,,1,-83,E,4,,,,,,,,,,,3,20,1,4,I,1,,,,1,1,,,,U:G,G:C,1,5,S,20,20,,,,,,,,,,1,25,E,4,,,,,,,,,,
DG0061,0.0035,-84.91,0.8700,9,1,mismatch,27,-60,C,U,S,S,I,I,0,47,S,C,G,I,I,A:C,4,4,,,,,,,,,,3,23,8,1,-3,S,23,23,,,,,,,,,,1,-26,H,8,,8,,,,A:U,,,,,1,-83,E,4,,,,,,,,,,,3,20,1,4,I,1,,,,1,1,,,,U:G,G:C,1,5,S,20,20,,,,,,,,,,1,25,E,4,,,,,,,,,,
DG0061,0.0035,-84.91,0.8700,9,1,mismatch,29,-58,G,U,S,S,I,I,0,47,S,C,G,I,I,A:C,4,4,,,,,,,,,,3,23,8,1,-3,S,23,23,,,,,,,,,,1,-26,H,8,,8,,,,A:U,,,,,1,-83,E,4,,,,,,,,,,,3,20,1,4,I,1,,,,1,1,,,,U:G,G:C,1,5,S,20,20,,,,,,,,,,1,25,E,4,,,,,,,,,,
DG0061,0.0035,-84.91,0.8700,9,1,mismatch,30,-57,G,U,I,S,S,S,0,47,S,C,G,I,I,A:C,4,4,,,,,,,,,,3,23,8,1,-3,S,23,23,,,,,,,,,,1,-26,H,8,,8,,,,A:U,,,,,1,-83,E,4,,,,,,,,,,,3,20,1,4,I,1,,,,1,1,,,,U:G,G:C,1,5,S,20,20,,,,,,,,,,1,25,E,4,,,,,,,,,,
DG0061,0.0035,-84.91,0.8700,9,1,mismatch,31,-56,C,U,S,I,I,H,0,47,S,C,G,I,I,A:C,4,4,,,,,,,,,,3,23,8,1,-3,S,23,23,,,,,,,,,,1,-26,H,8,,8,,,,A:U,,,,,1,-83,E,4,,,,,,,,,,,3,20,1,4,I,1,,,,1,1,,,,U:G,G:C,1,5,S,20,20,,,,,,,,,,1,25,E,4,,,,,,,,,,
DG0061,0.0035,-84.91,0.8700,9,1,mismatch,32,-55,U,C,S,S,I,H,0,47,S,C,G,I,I,A:C,4,4,,,,,,,,,,3,23,8,1,-3,S,23,23,,,,,,,,,,1,-26,H,8,,8,,,,A:U,,,,,1,-83,E,4,,,,,,,,,,,3,20,1,4,I,1,,,,1,1,,,,U:G,G:C,1,5,S,20,20,,,,,,,,,,1,25,E,4,,,,,,,,,,
DG0061,0.0035,-84.91,0.8700,9,1,mismatch,48,-39,G,C,S,S,I,H,0,47,S,C,G,I,I,A:C,4,4,,,,,,,,,,3,23,8,1,-3,S,23,23,,,,,,,,,,1,-26,H,8,,8,,,,A:U,,,,,1,-83,E,4,,,,,,,,,,,3,20,1,4,I,1,,,,1,1,,,,U:G,G:C,1,5,S,20,20,,,,,,,,,,1,25,E,4,,,,,,,,,,
DG0061,0.0035,-84.91,0.8700,9,1,mismatch,67,-20,U,G,S,S,H,I,0,47,S,C,G,I,I,A:C,4,4,,,,,,,,,,3,23,8,1,-3,S,23,23,,,,,,,,,,1,-26,H,8,,8,,,,A:U,,,,,1,-83,E,4,,,,,,,,,,,3,20,1,4,I,1,,,,1,1,,,,U:G,G:C,1,5,S,20,20,,,,,,,,,,1,25,E,4,,,,,,,,,,
DG0062,0.0075,-77.72,0.9776,10,1,mismatch,24,-63,C,U,S,S,E,I,0,46,S,C,G,I,B,A:U,4,4,,,,,,,,,,4,22,8,1,-3,S,2,2,,,,,,,,,,1,-6,S,20,20,,,,,,,,,,1,-26,H,8,,8,,,,A:U,,,,,3,20,1,4,B,1,,,1,,,,G:U,G:U,,,1,5,S,20,20,,,,,,,,,,1,25,E,4,,,,,,,,,,
DG0062,0.0075,-77.72,0.9776,10,1,mismatch,25,-62,C,U,S,S,E,I,0,46,S,C,G,I,B,A:U,4,4,,,,,,,,,,4,22,8,1,-3,S,2,2,,,,,,,,,,1,-6,S,20,20,,,,,,,,,,1,-26,H,8,,8,,,,A:U,,,,,3,20,1,4,B,1,,,1,,,,G:U,G:U,,,1,5,S,20,20,,,,,,,,,,1,25,E,4,,,,,,,,,,
DG0062,0.0075,-77.72,0.9776,10,1,mismatch,27,-60,C,U,S,S,E,I,0,46,S,C,G,I,B,A:U,4,4,,,,,,,,,,4,22,8,1,-3,S,2,2,,,,,,,,,,1,-6,S,20,20,,,,,,,,,,1,-26,H,8,,8,,,,A:U,,,,,3,20,1,4,B,1,,,1,,,,G:U,G:U,,,1,5,S,20,20,,,,,,,,,,1,25,E,4,,,,,,,,,,
DG0062,0.0075,-77.72,0.9776,10,1,mismatch,28,-59,C,U,S,I,E,I,0,46,S,C,G,I,B,A:U,4,4,,,,,,,,,,4,22,8,1,-3,S,2,2,,,,,,,,,,1,-6,S,20,20,,,,,,,,,,1,-26,H,8,,8,,,,A:U,,,,,3,20,1,4,B,1,,,1,,,,G:U,G:U,,,1,5,S,20,20,,,,,,,,,,1,25,E,4,,,,,,,,,,
DG0062,0.0075,-77.72,0.9776,10,1,mismatch,29,-58,G,U,I,S,S,S,0,46,S,C,G,I,B,A:U,4,4,,,,,,,,,,4,22,8,1,-3,S,2,2,,,,,,,,,,1,-6,S,20,20,,,,,,,,,,1,-26,H,8,,8,,,,A:U,,,,,3,20,1,4,B,1,,,1,,,,G:U,G:U,,,1,5,S,20,20,,,,,,,,,,1,25,E,4,,,,,,,,,,
DG0062,0.0075,-77.72,0.9776,10,1,mismatch,30,-57,G,U,I,S,S,S,0,46,S,C,G,I,B,A:U,4,4,,,,,,,,,,4,22,8,1,-3,S,2,2,,,,,,,,,,1,-6,S,20,20,,,,,,,,,,1,-26,H,8,,8,,,,A:U,,,,,3,20,1,4,B,1,,,1,,,,G:U,G:U,,,1,5,S,20,20,,,,,,,,,,1,25,E,4,,,,,,,,,,
DG0062,0.0075,-77.72,0.9776,10,1,mismatch,31,-56,C,U,S,I,I,I,0,46,S,C,G,I,B,A:U,4,4,,,,,,,,,,4,22,8,1,-3,S,2,2,,,,,,,,,,1,-6,S,20,20,,,,,,,,,,1,-26,H,8,,8,,,,A:U,,,,,3,20,1,4,B,1,,,1,,,,G:U,G:U,,,1,5,S,20,20,,,,,,,,,,1,25,E,4,,,,,,,,,,
DG0062,0.0075,-77.72,0.9776,10,1,mismatch,33,-54,G,U,I,S,S,S,0,46,S,C,G,I,B,A:U,4,4,,,,,,,,,,4,22,8,1,-3,S,2,2,,,,,,,,,,1,-6,S,20,20,,,,,,,,,,1,-26,H,8,,8,,,,A:U,,,,,3,20,1,4,B,1,,,1,,,,G:U,G:U,,,1,5,S,20,20,,,,,,,,,,1,25,E,4,,,,,,,,,,
DG0062,0.0075,-77.72,0.9776,10,1,mismatch,48,-39,G,C,S,S,I,H,0,46,S,C,G,I,B,A:U,4,4,,,,,,,,,,4,22,8,1,-3,S,2,2,,,,,,,,,,1,-6,S,20,20,,,,,,,,,,1,-26,H,8,,8,,,,A:U,,,,,3,20,1,4,B,1,,,1,,,,G:U,G:U,,,1,5,S,20,20,,,,,,,,,,1,25,E,4,,,,,,,,,,
DG0062,0.0075,-77.72,0.9776,10,1,mismatch,67,-20,U,G,S,S,H,I,0,46,S,C,G,I,B,A:U,4,4,,,,,,,,,,4,22,8,1,-3,S,2,2,,,,,,,,,,1,-6,S,20,20,,,,,,,,,,1,-26,H,8,,8,,,,A:U,,,,,3,20,1,4,B,1,,,1,,,,G:U,G:U,,,1,5,S,20,20,,,,,,,,,,1,25,E,4,,,,,,,,,,
DG0063,0.007,-84.43,0.8700,6,1,mismatch,26,-61,C,U,S,S,I,I,0,47,S,C,G,I,I,A:U,4,4,,,,,,,,,,3,23,8,1,-3,S,23,23,,,,,,,,,,1,-26,H,8,,8,,,,A:U,,,,,1,-83,E,4,,,,,,,,,,,3,20,1,4,I,1,,,,1,0,,,,C:G,G:U,1,5,S,20,20,,,,,,,,,,1,25,E,4,,,,,,,,,,
DG0063,0.007,-84.43,0.8700,6,1,mismatch,29,-58,G,U,S,S,I,I,0,47,S,C,G,I,I,A:U,4,4,,,,,,,,,,3,23,8,1,-3,S,23,23,,,,,,,,,,1,-26,H,8,,8,,,,A:U,,,,,1,-83,E,4,,,,,,,,,,,3,20,1,4,I,1,,,,1,0,,,,C:G,G:U,1,5,S,20,20,,,,,,,,,,1,25,E,4,,,,,,,,,,
DG0063,0.007,-84.43,0.8700,6,1,mismatch,30,-57,G,U,I,S,S,S,0,47,S,C,G,I,I,A:U,4,4,,,,,,,,,,3,23,8,1,-3,S,23,23,,,,,,,,,,1,-26,H,8,,8,,,,A:U,,,,,1,-83,E,4,,,,,,,,,,,3,20,1,4,I,1,,,,1,0,,,,C:G,G:U,1,5,S,20,20,,,,,,,,,,1,25,E,4,,,,,,,,,,
DG0063,0.007,-84.43,0.8700,6,1,mismatch,31,-56,C,U,S,I,I,H,0,47,S,C,G,I,I,A:U,4,4,,,,,,,,,,3,23,8,1,-3,S,23,23,,,,,,,,,,1,-26,H,8,,8,,,,A:U,,,,,1,-83,E,4,,,,,,,,,,,3,20,1,4,I,1,,,,1,0,,,,C:G,G:U,1,5,S,20,20,,,,,,,,,,1,25,E,4,,,,,,,,,,
DG0063,0.007,-84.43,0.8700,6,1,mismatch,48,-39,G,C,S,S,I,H,0,47,S,C,G,I,I,A:U,4,4,,,,,,,,,,3,23,8,1,-3,S,23,23,,,,,,,,,,1,-26,H,8,,8,,,,A:U,,,,,1,-83,E,4,,,,,,,,,,,3,20,1,4,I,1,,,,1,0,,,,C:G,G:U,1,5,S,20,20,,,,,,,,,,1,25,E,4,,,,,,,,,,
DG0063,0.007,-84.43,0.8700,6,1,mismatch,67,-20,U,G,S,S,H,I,0,47,S,C,G,I,I,A:U,4,4,,,,,,,,,,3,23,8,1,-3,S,23,23,,,,,,,,,,1,-26,H,8,,8,,,,A:U,,,,,1,-83,E,4,,,,,,,,,,,3,20,1,4,I,1,,,,1,0,,,,C:G,G:U,1,5,S,20,20,,,,,,,,,,1,25,E,4,,,,,,,,,,
DG0064,0.006500000000000001,-77.98,0.8400,6,1,mismatch,24,-63,C,G,S,S,E,I,0,44,I,C,G,S,S,,1,,,,1,0,,,,U:G,C:G,5,21,8,1,-1,S,2,2,,,,,,,,,,1,-6,S,14,14,,,,,,,,,,1,-21,S,5,5,,,,,,,,,,4,23,1,1,S,4,4,,,,,,,,,,1,5,B,1,,,1,,,,C:G,C:G,,,1,6,S,19,19,,,,,,,,,
DG0064,0.006500000000000001,-77.98,0.8400,6,1,mismatch,26,-61,C,U,S,S,E,I,0,44,I,C,G,S,S,,1,,,,1,0,,,,U:G,C:G,5,21,8,1,-1,S,2,2,,,,,,,,,,1,-6,S,14,14,,,,,,,,,,1,-21,S,5,5,,,,,,,,,,4,23,1,1,S,4,4,,,,,,,,,,1,5,B,1,,,1,,,,C:G,C:G,,,1,6,S,19,19,,,,,,,,,
DG0064,0.006500000000000001,-77.98,0.8400,6,1,mismatch,27,-60,C,U,S,S,E,I,0,44,I,C,G,S,S,,1,,,,1,0,,,,U:G,C:G,5,21,8,1,-1,S,2,2,,,,,,,,,,1,-6,S,14,14,,,,,,,,,,1,-21,S,5,5,,,,,,,,,,4,23,1,1,S,4,4,,,,,,,,,,1,5,B,1,,,1,,,,C:G,C:G,,,1,6,S,19,19,,,,,,,,,
DG0064,0.006500000000000001,-77.98,0.8400,6,1,mismatch,28,-59,C,A,I,I,S,S,0,44,I,C,G,S,S,,1,,,,1,0,,,,U:G,C:G,5,21,8,1,-1,S,2,2,,,,,,,,,,1,-6,S,14,14,,,,,,,,,,1,-21,S,5,5,,,,,,,,,,4,23,1,1,S,4,4,,,,,,,,,,1,5,B,1,,,1,,,,C:G,C:G,,,1,6,S,19,19,,,,,,,,,
DG0064,0.006500000000000001,-77.98,0.8400,6,1,mismatch,33,-54,G,U,I,S,S,S,0,44,I,C,G,S,S,,1,,,,1,0,,,,U:G,C:G,5,21,8,1,-1,S,2,2,,,,,,,,,,1,-6,S,14,14,,,,,,,,,,1,-21,S,5,5,,,,,,,,,,4,23,1,1,S,4,4,,,,,,,,,,1,5,B,1,,,1,,,,C:G,C:G,,,1,6,S,19,19,,,,,,,,,
DG0064,0.006500000000000001,-77.98,0.8400,6,1,mismatch,67,-20,U,G,I,S,S,S,0,44,I,C,G,S,S,,1,,,,1,0,,,,U:G,C:G,5,21,8,1,-1,S,2,2,,,,,,,,,,1,-6,S,14,14,,,,,,,,,,1,-21,S,5,5,,,,,,,,,,4,23,1,1,S,4,4,,,,,,,,,,1,5,B,1,,,1,,,,C:G,C:G,,,1,6,S,19,19,,,,,,,,,
DG0065,0.009,-78.82,0.8264,7,1,mismatch,24,-63,C,U,S,S,E,I,0,47,S,C,G,B,I,A:C,5,5,,,,,,,,,,5,22,8,1,-2,B,1,,,1,,,,A:U,C:G,,,1,-3,S,17,17,,,,,,,,,,1,-21,S,5,5,,,,,,,,,,3,20,1,4,I,1,,,,1,1,,,,U:G,G:U,1,5,S,20,20,,,,,,,,,,1,25,E,4,,,,,,,,,,
DG0065,0.009,-78.82,0.8264,7,1,mismatch,25,-62,C,U,I,S,S,S,0,47,S,C,G,B,I,A:C,5,5,,,,,,,,,,5,22,8,1,-2,B,1,,,1,,,,A:U,C:G,,,1,-3,S,17,17,,,,,,,,,,1,-21,S,5,5,,,,,,,,,,3,20,1,4,I,1,,,,1,1,,,,U:G,G:U,1,5,S,20,20,,,,,,,,,,1,25,E,4,,,,,,,,,,
DG0065,0.009,-78.82,0.8264,7,1,mismatch,26,-61,C,U,S,S,I,I,0,47,S,C,G,B,I,A:C,5,5,,,,,,,,,,5,22,8,1,-2,B,1,,,1,,,,A:U,C:G,,,1,-3,S,17,17,,,,,,,,,,1,-21,S,5,5,,,,,,,,,,3,20,1,4,I,1,,,,1,1,,,,U:G,G:U,1,5,S,20,20,,,,,,,,,,1,25,E,4,,,,,,,,,,
DG0065,0.009,-78.82,0.8264,7,1,mismatch,28,-59,C,U,S,I,I,I,0,47,S,C,G,B,I,A:C,5,5,,,,,,,,,,5,22,8,1,-2,B,1,,,1,,,,A:U,C:G,,,1,-3,S,17,17,,,,,,,,,,1,-21,S,5,5,,,,,,,,,,3,20,1,4,I,1,,,,1,1,,,,U:G,G:U,1,5,S,20,20,,,,,,,,,,1,25,E,4,,,,,,,,,,
DG0065,0.009,-78.82,0.8264,7,1,mismatch,29,-58,G,U,S,S,I,I,0,47,S,C,G,B,I,A:C,5,5,,,,,,,,,,5,22,8,1,-2,B,1,,,1,,,,A:U,C:G,,,1,-3,S,17,17,,,,,,,,,,1,-21,S,5,5,,,,,,,,,,3,20,1,4,I,1,,,,1,1,,,,U:G,G:U,1,5,S,20,20,,,,,,,,,,1,25,E,4,,,,,,,,,,
DG0065,0.009,-78.82,0.8264,7,1,mismatch,31,-56,C,U,S,I,I,I,0,47,S,C,G,B,I,A:C,5,5,,,,,,,,,,5,22,8,1,-2,B,1,,,1,,,,A:U,C:G,,,1,-3,S,17,17,,,,,,,,,,1,-21,S,5,5,,,,,,,,,,3,20,1,4,I,1,,,,1,1,,,,U:G,G:U,1,5,S,20,20,,,,,,,,,,1,25,E,4,,,,,,,,,,
DG0065,0.009,-78.82,0.8264,7,1,mismatch,48,-39,G,C,I,S,S,S,0,47,S,C,G,B,I,A:C,5,5,,,,,,,,,,5,22,8,1,-2,B,1,,,1,,,,A:U,C:G,,,1,-3,S,17,17,,,,,,,,,,1,-21,S,5,5,,,,,,,,,,3,20,1,4,I,1,,,,1,1,,,,U:G,G:U,1,5,S,20,20,,,,,,,,,,1,25,E,4,,,,,,,,,,
DG0066,0.006999999999999999,-74.91,0.8365,6,1,mismatch,24,-63,C,U,S,S,E,I,0,45,B,C,G,S,S,,2,,,2,,,,C:G,G:C,,,5,22,8,1,-2,S,3,3,,,,,,,,,,1,-6,S,14,14,,,,,,,,,,1,-21,S,5,5,,,,,,,,,,4,23,1,1,S,3,3,,,,,,,,,,1,4,I,1,,,,1,1,,,,U:G,G:C,1,5,S,20,20,,,,,,,,,
DG0066,0.006999999999999999,-74.91,0.8365,6,1,mismatch,25,-62,C,U,I,S,S,S,0,45,B,C,G,S,S,,2,,,2,,,,C:G,G:C,,,5,22,8,1,-2,S,3,3,,,,,,,,,,1,-6,S,14,14,,,,,,,,,,1,-21,S,5,5,,,,,,,,,,4,23,1,1,S,3,3,,,,,,,,,,1,4,I,1,,,,1,1,,,,U:G,G:C,1,5,S,20,20,,,,,,,,,
DG0066,0.006999999999999999,-74.91,0.8365,6,1,mismatch,27,-60,C,U,S,S,I,I,0,45,B,C,G,S,S,,2,,,2,,,,C:G,G:C,,,5,22,8,1,-2,S,3,3,,,,,,,,,,1,-6,S,14,14,,,,,,,,,,1,-21,S,5,5,,,,,,,,,,4,23,1,1,S,3,3,,,,,,,,,,1,4,I,1,,,,1,1,,,,U:G,G:C,1,5,S,20,20,,,,,,,,,
DG0066,0.006999999999999999,-74.91,0.8365,6,1,mismatch,30,-57,G,U,S,S,I,I,0,45,B,C,G,S,S,,2,,,2,,,,C:G,G:C,,,5,22,8,1,-2,S,3,3,,,,,,,,,,1,-6,S,14,14,,,,,,,,,,1,-21,S,5,5,,,,,,,,,,4,23,1,1,S,3,3,,,,,,,,,,1,4,I,1,,,,1,1,,,,U:G,G:C,1,5,S,20,20,,,,,,,,,
DG0066,0.006999999999999999,-74.91,0.8365,6,1,mismatch,33,-54,G,U,I,S,S,S,0,45,B,C,G,S,S,,2,,,2,,,,C:G,G:C,,,5,22,8,1,-2,S,3,3,,,,,,,,,,1,-6,S,14,14,,,,,,,,,,1,-21,S,5,5,,,,,,,,,,4,23,1,1,S,3,3,,,,,,,,,,1,4,I,1,,,,1,1,,,,U:G,G:C,1,5,S,20,20,,,,,,,,,
DG0066,0.006999999999999999,-74.91,0.8365,6,1,mismatch,48,-39,G,C,I,S,S,S,0,45,B,C,G,S,S,,2,,,2,,,,C:G,G:C,,,5,22,8,1,-2,S,3,3,,,,,,,,,,1,-6,S,14,14,,,,,,,,,,1,-21,S,5,5,,,,,,,,,,4,23,1,1,S,3,3,,,,,,,,,,1,4,I,1,,,,1,1,,,,U:G,G:C,1,5,S,20,20,,,,,,,,,
DG0067,0.0055,-85.03,0.9933,6,1,mismatch,25,-62,C,U,I,S,S,S,0,47,B,C,G,S,S,,1,,,1,,,,C:G,G:C,,,4,24,8,1,-1,S,2,2,,,,,,,,,,1,-4,S,22,22,,,,,,,,,,1,-26,H,8,,8,,,,A:U,,,,,4,23,1,1,S,3,3,,,,,,,,,,1,4,I,1,,,,1,1,,,,C:G,G:U,1,5,S,20,20,,,,,,,,,
DG0067,0.0055,-85.03,0.9933,6,1,mismatch,26,-61,C,U,S,S,I,I,0,47,B,C,G,S,S,,1,,,1,,,,C:G,G:C,,,4,24,8,1,-1,S,2,2,,,,,,,,,,1,-4,S,22,22,,,,,,,,,,1,-26,H,8,,8,,,,A:U,,,,,4,23,1,1,S,3,3,,,,,,,,,,1,4,I,1,,,,1,1,,,,C:G,G:U,1,5,S,20,20,,,,,,,,,
DG0067,0.0055,-85.03,0.9933,6,1,mismatch,27,-60,C,U,S,S,I,I,0,47,B,C,G,S,S,,1,,,1,,,,C:G,G:C,,,4,24,8,1,-1,S,2,2,,,,,,,,,,1,-4,S,22,22,,,,,,,,,,1,-26,H,8,,8,,,,A:U,,,,,4,23,1,1,S,3,3,,,,,,,,,,1,4,I,1,,,,1,1,,,,C:G,G:U,1,5,S,20,20,,,,,,,,,
DG0067,0.0055,-85.03,0.9933,6,1,mismatch,32,-55,U,C,S,S,I,H,0,47,B,C,G,S,S,,1,,,1,,,,C:G,G:C,,,4,24,8,1,-1,S,2,2,,,,,,,,,,1,-4,S,22,22,,,,,,,,,,1,-26,H,8,,8,,,,A:U,,,,,4,23,1,1,S,3,3,,,,,,,,,,1,4,I,1,,,,1,1,,,,C:G,G:U,1,5,S,20,20,,,,,,,,,
DG0067,0.0055,-85.03,0.9933,6,1,mismatch,48,-39,G,C,S,S,I,H,0,47,B,C,G,S,S,,1,,,1,,,,C:G,G:C,,,4,24,8,1,-1,S,2,2,,,,,,,,,,1,-4,S,22,22,,,,,,,,,,1,-26,H,8,,8,,,,A:U,,,,,4,23,1,1,S,3,3,,,,,,,,,,1,4,I,1,,,,1,1,,,,C:G,G:U,1,5,S,20,20,,,,,,,,,
DG0067,0.0055,-85.03,0.9933,6,1,mismatch,67,-20,U,G,S,S,H,I,0,47,B,C,G,S,S,,1,,,1,,,,C:G,G:C,,,4,24,8,1,-1,S,2,2,,,,,,,,,,1,-4,S,22,22,,,,,,,,,,1,-26,H,8,,8,,,,A:U,,,,,4,23,1,1,S,3,3,,,,,,,,,,1,4,I,1,,,,1,1,,,,C:G,G:U,1,5,S,20,20,,,,,,,,,
DG0068,0.004,-87.83,0.8571,5,1,mismatch,24,-63,C,U,S,S,E,I,0,48,S,C,G,I,B,A:C,6,6,,,,,,,,,,3,22,8,1,-4,S,22,22,,,,,,,,,,1,-26,H,8,,8,,,,A:U,,,,,1,-83,E,4,,,,,,,,,,,3,20,1,4,B,1,,,1,,,,G:C,G:U,,,1,5,S,20,20,,,,,,,,,,1,25,E,4,,,,,,,,,,
DG0068,0.004,-87.83,0.8571,5,1,mismatch,26,-61,C,U,S,S,E,I,0,48,S,C,G,I,B,A:C,6,6,,,,,,,,,,3,22,8,1,-4,S,22,22,,,,,,,,,,1,-26,H,8,,8,,,,A:U,,,,,1,-83,E,4,,,,,,,,,,,3,20,1,4,B,1,,,1,,,,G:C,G:U,,,1,5,S,20,20,,,,,,,,,,1,25,E,4,,,,,,,,,,
DG0068,0.004,-87.83,0.8571,5,1,mismatch,28,-59,C,U,S,I,E,I,0,48,S,C,G,I,B,A:C,6,6,,,,,,,,,,3,22,8,1,-4,S,22,22,,,,,,,,,,1,-26,H,8,,8,,,,A:U,,,,,1,-83,E,4,,,,,,,,,,,3,20,1,4,B,1,,,1,,,,G:C,G:U,,,1,5,S,20,20,,,,,,,,,,1,25,E,4,,,,,,,,,,
DG0068,0.004,-87.83,0.8571,5,1,mismatch,48,-39,G,C,S,S,I,H,0,48,S,C,G,I,B,A:C,6,6,,,,,,,,,,3,22,8,1,-4,S,22,22,,,,,,,,,,1,-26,H,8,,8,,,,A:U,,,,,1,-83,E,4,,,,,,,,,,,3,20,1,4,B,1,,,1,,,,G:C,G:U,,,1,5,S,20,20,,,,,,,,,,1,25,E,4,,,,,,,,,,
DG0068,0.004,-87.83,0.8571,5,1,mismatch,67,-20,U,G,S,S,H,I,0,48,S,C,G,I,B,A:C,6,6,,,,,,,,,,3,22,8,1,-4,S,22,22,,,,,,,,,,1,-26,H,8,,8,,,,A:U,,,,,1,-83,E,4,,,,,,,,,,,3,20,1,4,B,1,,,1,,,,G:C,G:U,,,1,5,S,20,20,,,,,,,,,,1,25,E,4,,,,,,,,,,
DG0069,0.0085,-84.33,0.7380,8,1,mismatch,24,-63,C,U,S,S,E,I,0,48,S,C,G,I,B,A:C,23,23,,,,,,,,,,3,5,8,1,-21,S,5,5,,,,,,,,,,1,-26,H,8,,8,,,,A:U,,,,,1,-83,E,4,,,,,,,,,,,3,20,1,4,B,1,,,1,,,,G:U,G:U,,,1,5,S,20,20,,,,,,,,,,1,25,E,4,,,,,,,,,,
DG0069,0.0085,-84.33,0.7380,8,1,mismatch,25,-62,C,U,S,S,E,I,0,48,S,C,G,I,B,A:C,23,23,,,,,,,,,,3,5,8,1,-21,S,5,5,,,,,,,,,,1,-26,H,8,,8,,,,A:U,,,,,1,-83,E,4,,,,,,,,,,,3,20,1,4,B,1,,,1,,,,G:U,G:U,,,1,5,S,20,20,,,,,,,,,,1,25,E,4,,,,,,,,,,
DG0069,0.0085,-84.33,0.7380,8,1,mismatch,26,-61,C,U,S,S,E,I,0,48,S,C,G,I,B,A:C,23,23,,,,,,,,,,3,5,8,1,-21,S,5,5,,,,,,,,,,1,-26,H,8,,8,,,,A:U,,,,,1,-83,E,4,,,,,,,,,,,3,20,1,4,B,1,,,1,,,,G:U,G:U,,,1,5,S,20,20,,,,,,,,,,1,25,E,4,,,,,,,,,,
DG0069,0.0085,-84.33,0.7380,8,1,mismatch,27,-60,C,U,S,S,E,I,0,48,S,C,G,I,B,A:C,23,23,,,,,,,,,,3,5,8,1,-21,S,5,5,,,,,,,,,,1,-26,H,8,,8,,,,A:U,,,,,1,-83,E,4,,,,,,,,,,,3,20,1,4,B,1,,,1,,,,G:U,G:U,,,1,5,S,20,20,,,,,,,,,,1,25,E,4,,,,,,,,,,
DG0069,0.0085,-84.33,0.7380,8,1,mismatch,28,-59,C,U,S,I,E,I,0,48,S,C,G,I,B,A:C,23,23,,,,,,,,,,3,5,8,1,-21,S,5,5,,,,,,,,,,1,-26,H,8,,8,,,,A:U,,,,,1,-83,E,4,,,,,,,,,,,3,20,1,4,B,1,,,1,,,,G:U,G:U,,,1,5,S,20,20,,,,,,,,,,1,25,E,4,,,,,,,,,,
DG0069,0.0085,-84.33,0.7380,8,1,mismatch,31,-56,C,U,S,I,E,I,0,48,S,C,G,I,B,A:C,23,23,,,,,,,,,,3,5,8,1,-21,S,5,5,,,,,,,,,,1,-26,H,8,,8,,,,A:U,,,,,1,-83,E,4,,,,,,,,,,,3,20,1,4,B,1,,,1,,,,G:U,G:U,,,1,5,S,20,20,,,,,,,,,,1,25,E,4,,,,,,,,,,
DG0069,0.0085,-84.33,0.7380,8,1,mismatch,32,-55,U,C,S,S,E,I,0,48,S,C,G,I,B,A:C,23,23,,,,,,,,,,3,5,8,1,-21,S,5,5,,,,,,,,,,1,-26,H,8,,8,,,,A:U,,,,,1,-83,E,4,,,,,,,,,,,3,20,1,4,B,1,,,1,,,,G:U,G:U,,,1,5,S,20,20,,,,,,,,,,1,25,E,4,,,,,,,,,,
DG0069,0.0085,-84.33,0.7380,8,1,mismatch,48,-39,G,C,I,S,S,S,0,48,S,C,G,I,B,A:C,23,23,,,,,,,,,,3,5,8,1,-21,S,5,5,,,,,,,,,,1,-26,H,8,,8,,,,A:U,,,,,1,-83,E,4,,,,,,,,,,,3,20,1,4,B,1,,,1,,,,G:U,G:U,,,1,5,S,20,20,,,,,,,,,,1,25,E,4,,,,,,,,,,
DG0070,0.005,-81.87,0.8700,7,1,mismatch,26,-61,C,U,S,S,I,I,0,47,S,C,G,I,I,A:U,4,4,,,,,,,,,,3,23,8,1,-3,S,23,23,,,,,,,,,,1,-26,H,8,,8,,,,A:U,,,,,1,-83,E,4,,,,,,,,,,,3,20,1,4,I,1,,,,1,0,,,,C:G,G:U,1,5,S,20,20,,,,,,,,,,1,25,E,4,,,,,,,,,,
DG0070,0.005,-81.87,0.8700,7,1,mismatch,27,-60,C,U,S,S,I,I,0,47,S,C,G,I,I,A:U,4,4,,,,,,,,,,3,23,8,1,-3,S,23,23,,,,,,,,,,1,-26,H,8,,8,,,,A:U,,,,,1,-83,E,4,,,,,,,,,,,3,20,1,4,I,1,,,,1,0,,,,C:G,G:U,1,5,S,20,20,,,,,,,,,,1,25,E,4,,,,,,,,,,
DG0070,0.005,-81.87,0.8700,7,1,mismatch,29,-58,G,U,S,S,I,I,0,47,S,C,G,I,I,A:U,4,4,,,,,,,,,,3,23,8,1,-3,S,23,23,,,,,,,,,,1,-26,H,8,,8,,,,A:U,,,,,1,-83,E,4,,,,,,,,,,,3,20,1,4,I,1,,,,1,0,,,,C:G,G:U,1,5,S,20,20,,,,,,,,,,1,25,E,4,,,,,,,,,,
DG0070,0.005,-81.87,0.8700,7,1,mismatch,30,-57,G,U,I,S,S,S,0,47,S,C,G,I,I,A:U,4,4,,,,,,,,,,3,23,8,1,-3,S,23,23,,,,,,,,,,1,-26,H,8,,8,,,,A:U,,,,,1,-83,E,4,,,,,,,,,,,3,20,1,4,I,1,,,,1,0,,,,C:G,G:U,1,5,S,20,20,,,,,,,,,,1,25,E,4,,,,,,,,,,
DG0070,0.005,-81.87,0.8700,7,1,mismatch,31,-56,C,U,S,I,I,H,0,47,S,C,G,I,I,A:U,4,4,,,,,,,,,,3,23,8,1,-3,S,23,23,,,,,,,,,,1,-26,H,8,,8,,,,A:U,,,,,1,-83,E,4,,,,,,,,,,,3,20,1,4,I,1,,,,1,0,,,,C:G,G:U,1,5,S,20,20,,,,,,,,,,1,25,E,4,,,,,,,,,,
DG0070,0.005,-81.87,0.8700,7,1,mismatch,48,-39,G,C,S,S,I,H,0,47,S,C,G,I,I,A:U,4,4,,,,,,,,,,3,23,8,1,-3,S,23,23,,,,,,,,,,1,-26,H,8,,8,,,,A:U,,,,,1,-83,E,4,,,,,,,,,,,3,20,1,4,I,1,,,,1,0,,,,C:G,G:U,1,5,S,20,20,,,,,,,,,,1,25,E,4,,,,,,,,,,
DG0070,0.005,-81.87,0.8700,7,1,mismatch,67,-20,U,G,S,S,H,I,0,47,S,C,G,I,I,A:U,4,4,,,,,,,,,,3,23,8,1,-3,S,23,23,,,,,,,,,,1,-26,H,8,,8,,,,A:U,,,,,1,-83,E,4,,,,,,,,,,,3,20,1,4,I,1,,,,1,0,,,,C:G,G:U,1,5,S,20,20,,,,,,,,,,1,25,E,4,,,,,,,,,,
DG0071,0.006,-77.28,0.9699,9,1,mismatch,24,-63,C,U,S,S,E,I,0,46,B,C,G,S,S,,2,,,2,,,,C:G,G:C,,,4,23,8,1,-2,S,3,3,,,,,,,,,,1,-6,S,20,20,,,,,,,,,,1,-26,H,8,,8,,,,A:U,,,,,4,23,1,1,S,3,3,,,,,,,,,,1,4,I,1,,,,1,1,,,,U:G,G:U,1,5,S,20,20,,,,,,,,,
DG0071,0.006,-77.28,0.9699,9,1,mismatch,25,-62,C,U,I,S,S,S,0,46,B,C,G,S,S,,2,,,2,,,,C:G,G:C,,,4,23,8,1,-2,S,3,3,,,,,,,,,,1,-6,S,20,20,,,,,,,,,,1,-26,H,8,,8,,,,A:U,,,,,4,23,1,1,S,3,3,,,,,,,,,,1,4,I,1,,,,1,1,,,,U:G,G:U,1,5,S,20,20,,,,,,,,,
DG0071,0.006,-77.28,0.9699,9,1,mismatch,26,-61,C,U,S,S,I,I,0,46,B,C,G,S,S,,2,,,2,,,,C:G,G:C,,,4,23,8,1,-2,S,3,3,,,,,,,,,,1,-6,S,20,20,,,,,,,,,,1,-26,H,8,,8,,,,A:U,,,,,4,23,1,1,S,3,3,,,,,,,,,,1,4,I,1,,,,1,1,,,,U:G,G:U,1,5,S,20,20,,,,,,,,,
DG0071,0.006,-77.28,0.9699,9,1,mismatch,27,-60,C,U,S,S,I,I,0,46,B,C,G,S,S,,2,,,2,,,,C:G,G:C,,,4,23,8,1,-2,S,3,3,,,,,,,,,,1,-6,S,20,20,,,,,,,,,,1,-26,H,8,,8,,,,A:U,,,,,4,23,1,1,S,3,3,,,,,,,,,,1,4,I,1,,,,1,1,,,,U:G,G:U,1,5,S,20,20,,,,,,,,,
DG0071,0.006,-77.28,0.9699,9,1,mismatch,30,-57,G,U,S,S,I,I,0,46,B,C,G,S,S,,2,,,2,,,,C:G,G:C,,,4,23,8,1,-2,S,3,3,,,,,,,,,,1,-6,S,20,20,,,,,,,,,,1,-26,H,8,,8,,,,A:U,,,,,4,23,1,1,S,3,3,,,,,,,,,,1,4,I,1,,,,1,1,,,,U:G,G:U,1,5,S,20,20,,,,,,,,,
DG0071,0.006,-77.28,0.9699,9,1,mismatch,31,-56,C,U,S,I,I,I,0,46,B,C,G,S,S,,2,,,2,,,,C:G,G:C,,,4,23,8,1,-2,S,3,3,,,,,,,,,,1,-6,S,20,20,,,,,,,,,,1,-26,H,8,,8,,,,A:U,,,,,4,23,1,1,S,3,3,,,,,,,,,,1,4,I,1,,,,1,1,,,,U:G,G:U,1,5,S,20,20,,,,,,,,,
DG0071,0.006,-77.28,0.9699,9,1,mismatch,33,-54,G,U,I,S,S,S,0,46,B,C,G,S,S,,2,,,2,,,,C:G,G:C,,,4,23,8,1,-2,S,3,3,,,,,,,,,,1,-6,S,20,20,,,,,,,,,,1,-26,H,8,,8,,,,A:U,,,,,4,23,1,1,S,3,3,,,,,,,,,,1,4,I,1,,,,1,1,,,,U:G,G:U,1,5,S,20,20,,,,,,,,,
DG0071,0.006,-77.28,0.9699,9,1,mismatch,48,-39,G,C,S,S,I,H,0,46,B,C,G,S,S,,2,,,2,,,,C:G,G:C,,,4,23,8,1,-2,S,3,3,,,,,,,,,,1,-6,S,20,20,,,,,,,,,,1,-26,H,8,,8,,,,A:U,,,,,4,23,1,1,S,3,3,,,,,,,,,,1,4,I,1,,,,1,1,,,,U:G,G:U,1,5,S,20,20,,,,,,,,,
DG0071,0.006,-77.28,0.9699,9,1,mismatch,67,-20,U,G,S,S,H,I,0,46,B,C,G,S,S,,2,,,2,,,,C:G,G:C,,,4,23,8,1,-2,S,3,3,,,,,,,,,,1,-6,S,20,20,,,,,,,,,,1,-26,H,8,,8,,,,A:U,,,,,4,23,1,1,S,3,3,,,,,,,,,,1,4,I,1,,,,1,1,,,,U:G,G:U,1,5,S,20,20,,,,,,,,,
DG0072,0.004,-83.31,0.9635,10,1,mismatch,24,-63,C,U,S,S,E,I,0,47,S,C,G,B,I,A:U,5,5,,,,,,,,,,5,22,8,1,-2,B,1,,,1,,,,A:U,C:G,,,1,-3,S,2,2,,,,,,,,,,1,-6,S,20,20,,,,,,,,,,3,20,1,4,I,1,,,,1,1,,,,U:G,G:C,1,5,S,20,20,,,,,,,,,,1,25,E,4,,,,,,,,,,
DG0072,0.004,-83.31,0.9635,10,1,mismatch,25,-62,C,U,I,S,S,S,0,47,S,C,G,B,I,A:U,5,5,,,,,,,,,,5,22,8,1,-2,B,1,,,1,,,,A:U,C:G,,,1,-3,S,2,2,,,,,,,,,,1,-6,S,20,20,,,,,,,,,,3,20,1,4,I,1,,,,1,1,,,,U:G,G:C,1,5,S,20,20,,,,,,,,,,1,25,E,4,,,,,,,,,,
DG0072,0.004,-83.31,0.9635,10,1,mismatch,27,-60,C,U,S,S,I,I,0,47,S,C,G,B,I,A:U,5,5,,,,,,,,,,5,22,8,1,-2,B,1,,,1,,,,A:U,C:G,,,1,-3,S,2,2,,,,,,,,,,1,-6,S,20,20,,,,,,,,,,3,20,1,4,I,1,,,,1,1,,,,U:G,G:C,1,5,S,20,20,,,,,,,,,,1,25,E,4,,,,,,,,,,
DG0072,0.004,-83.31,0.9635,10,1,mismatch,28,-59,C,U,S,I,I,I,0,47,S,C,G,B,I,A:U,5,5,,,,,,,,,,5,22,8,1,-2,B,1,,,1,,,,A:U,C:G,,,1,-3,S,2,2,,,,,,,,,,1,-6,S,20,20,,,,,,,,,,3,20,1,4,I,1,,,,1,1,,,,U:G,G:C,1,5,S,20,20,,,,,,,,,,1,25,E,4,,,,,,,,,,
DG0072,0.004,-83.31,0.9635,10,1,mismatch,29,-58,G,U,S,S,I,I,0,47,S,C,G,B,I,A:U,5,5,,,,,,,,,,5,22,8,1,-2,B,1,,,1,,,,A:U,C:G,,,1,-3,S,2,2,,,,,,,,,,1,-6,S,20,20,,,,,,,,,,3,20,1,4,I,1,,,,1,1,,,,U:G,G:C,1,5,S,20,20,,,,,,,,,,1,25,E,4,,,,,,,,,,
DG0072,0.004,-83.31,0.9635,10,1,mismatch,31,-56,C,U,S,I,I,I,0,47,S,C,G,B,I,A:U,5,5,,,,,,,,,,5,22,8,1,-2,B,1,,,1,,,,A:U,C:G,,,1,-3,S,2,2,,,,,,,,,,1,-6,S,20,20,,,,,,,,,,3,20,1,4,I,1,,,,1,1,,,,U:G,G:C,1,5,S,20,20,,,,,,,,,,1,25,E,4,,,,,,,,,,
DG0072,0.004,-83.31,0.9635,10,1,mismatch,32,-55,U,C,S,S,I,I,0,47,S,C,G,B,I,A:U,5,5,,,,,,,,,,5,22,8,1,-2,B,1,,,1,,,,A:U,C:G,,,1,-3,S,2,2,,,,,,,,,,1,-6,S,20,20,,,,,,,,,,3,20,1,4,I,1,,,,1,1,,,,U:G,G:C,1,5,S,20,20,,,,,,,,,,1,25,E,4,,,,,,,,,,
DG0072,0.004,-83.31,0.9635,10,1,mismatch,33,-54,G,U,I,S,S,S,0,47,S,C,G,B,I,A:U,5,5,,,,,,,,,,5,22,8,1,-2,B,1,,,1,,,,A:U,C:G,,,1,-3,S,2,2,,,,,,,,,,1,-6,S,20,20,,,,,,,,,,3,20,1,4,I,1,,,,1,1,,,,U:G,G:C,1,5,S,20,20,,,,,,,,,,1,25,E,4,,,,,,,,,,
DG0072,0.004,-83.31,0.9635,10,1,mismatch,48,-39,G,C,S,S,I,H,0,47,S,C,G,B,I,A:U,5,5,,,,,,,,,,5,22,8,1,-2,B,1,,,1,,,,A:U,C:G,,,1,-3,S,2,2,,,,,,,,,,1,-6,S,20,20,,,,,,,,,,3,20,1,4,I,1,,,,1,1,,,,U:G,G:C,1,5,S,20,20,,,,,,,,,,1,25,E,4,,,,,,,,,,
DG0072,0.004,-83.31,0.9635,10,1,mismatch,67,-20,U,G,S,S,H,I,0,47,S,C,G,B,I,A:U,5,5,,,,,,,,,,5,22,8,1,-2,B,1,,,1,,,,A:U,C:G,,,1,-3,S,2,2,,,,,,,,,,1,-6,S,20,20,,,,,,,,,,3,20,1,4,I,1,,,,1,1,,,,U:G,G:C,1,5,S,20,20,,,,,,,,,,1,25,E,4,,,,,,,,,,
DG0073,0.003,-82.61,0.9710,7,1,mismatch,25,-62,C,U,I,S,S,S,0,47,B,C,G,S,S,,2,,,2,,,,C:G,G:C,,,5,24,8,1,-2,S,3,3,,,,,,,,,,1,-5,S,21,21,,,,,,,,,,1,-26,H,8,,8,,,,A:U,,,,,4,23,1,1,S,3,3,,,,,,,,,,1,4,I,1,,,,1,1,,,,C:G,G:U,1,5,S,20,20,,,,,,,,,
DG0073,0.003,-82.61,0.9710,7,1,mismatch,26,-61,C,U,S,S,I,B,0,47,B,C,G,S,S,,2,,,2,,,,C:G,G:C,,,5,24,8,1,-2,S,3,3,,,,,,,,,,1,-5,S,21,21,,,,,,,,,,1,-26,H,8,,8,,,,A:U,,,,,4,23,1,1,S,3,3,,,,,,,,,,1,4,I,1,,,,1,1,,,,C:G,G:U,1,5,S,20,20,,,,,,,,,
DG0073,0.003,-82.61,0.9710,7,1,mismatch,27,-60,C,U,S,S,I,B,0,47,B,C,G,S,S,,2,,,2,,,,C:G,G:C,,,5,24,8,1,-2,S,3,3,,,,,,,,,,1,-5,S,21,21,,,,,,,,,,1,-26,H,8,,8,,,,A:U,,,,,4,23,1,1,S,3,3,,,,,,,,,,1,4,I,1,,,,1,1,,,,C:G,G:U,1,5,S,20,20,,,,,,,,,
DG0073,0.003,-82.61,0.9710,7,1,mismatch,30,-57,G,U,S,S,I,B,0,47,B,C,G,S,S,,2,,,2,,,,C:G,G:C,,,5,24,8,1,-2,S,3,3,,,,,,,,,,1,-5,S,21,21,,,,,,,,,,1,-26,H,8,,8,,,,A:U,,,,,4,23,1,1,S,3,3,,,,,,,,,,1,4,I,1,,,,1,1,,,,C:G,G:U,1,5,S,20,20,,,,,,,,,
DG0073,0.003,-82.61,0.9710,7,1,mismatch,32,-55,U,C,B,S,S,S,0,47,B,C,G,S,S,,2,,,2,,,,C:G,G:C,,,5,24,8,1,-2,S,3,3,,,,,,,,,,1,-5,S,21,21,,,,,,,,,,1,-26,H,8,,8,,,,A:U,,,,,4,23,1,1,S,3,3,,,,,,,,,,1,4,I,1,,,,1,1,,,,C:G,G:U,1,5,S,20,20,,,,,,,,,
DG0073,0.003,-82.61,0.9710,7,1,mismatch,48,-39,G,C,S,S,B,H,0,47,B,C,G,S,S,,2,,,2,,,,C:G,G:C,,,5,24,8,1,-2,S,3,3,,,,,,,,,,1,-5,S,21,21,,,,,,,,,,1,-26,H,8,,8,,,,A:U,,,,,4,23,1,1,S,3,3,,,,,,,,,,1,4,I,1,,,,1,1,,,,C:G,G:U,1,5,S,20,20,,,,,,,,,
DG0073,0.003,-82.61,0.9710,7,1,mismatch,67,-20,U,G,S,S,H,B,0,47,B,C,G,S,S,,2,,,2,,,,C:G,G:C,,,5,24,8,1,-2,S,3,3,,,,,,,,,,1,-5,S,21,21,,,,,,,,,,1,-26,H,8,,8,,,,A:U,,,,,4,23,1,1,S,3,3,,,,,,,,,,1,4,I,1,,,,1,1,,,,C:G,G:U,1,5,S,20,20,,,,,,,,,
